"Path","ItemType","Category","Target","Reason","TrackedAtFrozenTag","Bytes","SHA256","LastWriteTimeUtc"
".mbed","File","吸收","BSP/Storage/新工程配置与阶段 0 合同","保留功能、资源或构建语义，不逐行照搬旧实现。","True","7","BC55A202BC4CC62E4B9E66D2C70115C1DE2617BE7A30A44D34A96F3C3E940753","2021-01-05T01:22:30.0000000Z"
"BUILD","Directory","吸收","Migration/Baseline/Evidence/build（只保留日志、map、axf 摘要；其余重建）","Keil 生成物，不进入新工程源码；本清单记录原始文件哈希。",,,,"2026-08-27T16:39:39.1177564Z"
"BUILD/analogin_api.crf","File","吸收","Migration/Baseline/Evidence/build（只保留日志、map、axf 摘要；其余重建）","Keil 生成物，不进入新工程源码；本清单记录原始文件哈希。","False","1097337","A550CDADF7532185E2C8CCB1103AF1EF334D6B999F4C337D0744240E92024FBF","2026-07-13T09:27:20.1034435Z"
"BUILD/analogin_api.d","File","吸收","Migration/Baseline/Evidence/build（只保留日志、map、axf 摘要；其余重建）","Keil 生成物，不进入新工程源码；本清单记录原始文件哈希。","False","8641","877E1A4A9E52A03614BED3F4135836CC309B2BC3CCEF90461757AA8ACAF2BC68","2026-07-13T09:27:20.1054445Z"
"BUILD/analogin_api.o","File","吸收","Migration/Baseline/Evidence/build（只保留日志、map、axf 摘要；其余重建）","Keil 生成物，不进入新工程源码；本清单记录原始文件哈希。","False","1204160","B915EB1086E5C6FC06446B03F23BE2F428132C24E9B56CEE4704D5DC4A38A118","2026-07-13T09:27:20.7297491Z"
"BUILD/analogin.crf","File","吸收","Migration/Baseline/Evidence/build（只保留日志、map、axf 摘要；其余重建）","Keil 生成物，不进入新工程源码；本清单记录原始文件哈希。","False","1115410","DBAA0B79943EA39131917E4A56B6B8FCD709E5CE10BA391F7786063499283AAA","2026-07-13T09:27:20.0894516Z"
"BUILD/analogin.d","File","吸收","Migration/Baseline/Evidence/build（只保留日志、map、axf 摘要；其余重建）","Keil 生成物，不进入新工程源码；本清单记录原始文件哈希。","False","8393","3173683C97EB577965240414FB3EDF6A497F4E3C1C0334A3AFDBEA3E5F929E96","2026-07-13T09:27:20.0944491Z"
"BUILD/analogin.o","File","吸收","Migration/Baseline/Evidence/build（只保留日志、map、axf 摘要；其余重建）","Keil 生成物，不进入新工程源码；本清单记录原始文件哈希。","False","1221160","1BBCB5D67E92C24FA6AEB8CBCFAC6765BC3B6249651E7DCFA24D0DEDCB91A0F2","2026-07-13T09:27:20.7147479Z"
"BUILD/analogout_api.crf","File","吸收","Migration/Baseline/Evidence/build（只保留日志、map、axf 摘要；其余重建）","Keil 生成物，不进入新工程源码；本清单记录原始文件哈希。","False","1095416","5B45B680EFE483CD75DF17267F493DE5AB9E2764B72EDF5455577F2A768D9B0E","2026-07-13T09:27:20.0364461Z"
"BUILD/analogout_api.d","File","吸收","Migration/Baseline/Evidence/build（只保留日志、map、axf 摘要；其余重建）","Keil 生成物，不进入新工程源码；本清单记录原始文件哈希。","False","8662","9B5806C2C722ECEBA41091674937324473B599A834BF2CFB10F3D08E857091D4","2026-07-13T09:27:20.0384476Z"
"BUILD/analogout_api.o","File","吸收","Migration/Baseline/Evidence/build（只保留日志、map、axf 摘要；其余重建）","Keil 生成物，不进入新工程源码；本清单记录原始文件哈希。","False","1203932","A8D38DE1968EBBD9F6DAC17541793276460A6985D08ED32C7F1CCB02894DE5B7","2026-07-13T09:27:20.7197497Z"
"BUILD/analogout_device.crf","File","吸收","Migration/Baseline/Evidence/build（只保留日志、map、axf 摘要；其余重建）","Keil 生成物，不进入新工程源码；本清单记录原始文件哈希。","False","1095519","228788147A8C992992EBFC1698C93737EF555F59E31C37E8C3614BECD7CC6681","2026-07-13T09:27:20.0364461Z"
"BUILD/analogout_device.d","File","吸收","Migration/Baseline/Evidence/build（只保留日志、map、axf 摘要；其余重建）","Keil 生成物，不进入新工程源码；本清单记录原始文件哈希。","False","8959","179741D25D562B8EDC3734CEE76B2D0B6836F52E41FC42B4B6B202D44D3C3F3A","2026-07-13T09:27:20.0384476Z"
"BUILD/analogout_device.o","File","吸收","Migration/Baseline/Evidence/build（只保留日志、map、axf 摘要；其余重建）","Keil 生成物，不进入新工程源码；本清单记录原始文件哈希。","False","1198944","0960826A005DE498373EFA83EE7FEFD614544DCFC11BAA7C4EF9889F675F92FB","2026-07-13T09:27:20.7237531Z"
"BUILD/atcmdparser.crf","File","吸收","Migration/Baseline/Evidence/build（只保留日志、map、axf 摘要；其余重建）","Keil 生成物，不进入新工程源码；本清单记录原始文件哈希。","False","1305497","B3415F3AE11B0D2321822C5785037EE5CA3588132668A7DC563BF21FB4CBB29D","2026-07-13T09:27:20.4755482Z"
"BUILD/atcmdparser.d","File","吸收","Migration/Baseline/Evidence/build（只保留日志、map、axf 摘要；其余重建）","Keil 生成物，不进入新工程源码；本清单记录原始文件哈希。","False","12544","45DD5C9C145336F8F0C8D6486728EA6712485CD78843CE17EF7B58C7CE43BB8C","2026-07-13T09:27:20.4815484Z"
"BUILD/atcmdparser.o","File","吸收","Migration/Baseline/Evidence/build（只保留日志、map、axf 摘要；其余重建）","Keil 生成物，不进入新工程源码；本清单记录原始文件哈希。","False","1419624","E3403DF5A629919A88B32143B00DA193E3B43AEE59A463A7BF740F91D794F77A","2026-07-13T09:27:20.9299447Z"
"BUILD/busin.crf","File","吸收","Migration/Baseline/Evidence/build（只保留日志、map、axf 摘要；其余重建）","Keil 生成物，不进入新工程源码；本清单记录原始文件哈希。","False","1118047","8EC3480E8FF9EBE9B4AAED72BD377B39BAC079022A7AF966BD47A4AF6D967D4B","2026-07-13T09:27:20.0154431Z"
"BUILD/busin.d","File","吸收","Migration/Baseline/Evidence/build（只保留日志、map、axf 摘要；其余重建）","Keil 生成物，不进入新工程源码；本清单记录原始文件哈希。","False","8140","D0E3D3F58D853007FFD1B72372CDBEA6CCD9F23C0B5F140ED911F46C519193B7","2026-07-13T09:27:20.0194474Z"
"BUILD/busin.o","File","吸收","Migration/Baseline/Evidence/build（只保留日志、map、axf 摘要；其余重建）","Keil 生成物，不进入新工程源码；本清单记录原始文件哈希。","False","1251756","55DBCE22C12C7DF8F630DA1EEC64DEA920FF7D7805F8F2FCD6DFB51F9600C15B","2026-07-13T09:27:20.7317464Z"
"BUILD/businout.crf","File","吸收","Migration/Baseline/Evidence/build（只保留日志、map、axf 摘要；其余重建）","Keil 生成物，不进入新工程源码；本清单记录原始文件哈希。","False","1119162","6196DE5ABBF4F3008F29EC96A79B5B1A23324EF48B9A1E40E726ADB04DE9E59B","2026-07-13T09:27:20.0534461Z"
"BUILD/businout.d","File","吸收","Migration/Baseline/Evidence/build（只保留日志、map、axf 摘要；其余重建）","Keil 生成物，不进入新工程源码；本清单记录原始文件哈希。","False","8443","803CC7357615919D8B3128CE4086B002F84C0AFDC47D6F72415D39FACEEDD535","2026-07-13T09:27:20.0564452Z"
"BUILD/businout.o","File","吸收","Migration/Baseline/Evidence/build（只保留日志、map、axf 摘要；其余重建）","Keil 生成物，不进入新工程源码；本清单记录原始文件哈希。","False","1264184","0DFF8AA7700E2F89CFBE3306BAAC8FE3F856C83367F33378616F96B715DEC378","2026-07-13T09:27:20.7617477Z"
"BUILD/busout.crf","File","吸收","Migration/Baseline/Evidence/build（只保留日志、map、axf 摘要；其余重建）","Keil 生成物，不进入新工程源码；本清单记录原始文件哈希。","False","1118494","8572FA3D2B63A4FA48257B356BA63D0E244B220F6905945E867C4F34D2B16CB3","2026-07-13T09:27:20.1507738Z"
"BUILD/busout.d","File","吸收","Migration/Baseline/Evidence/build（只保留日志、map、axf 摘要；其余重建）","Keil 生成物，不进入新工程源码；本清单记录原始文件哈希。","False","8241","E0A8FE7EDFD02DF723C2C9F5F34BDEFFDF78AA81304F494BD944491718467E0A","2026-07-13T09:27:20.1557743Z"
"BUILD/busout.o","File","吸收","Migration/Baseline/Evidence/build（只保留日志、map、axf 摘要；其余重建）","Keil 生成物，不进入新工程源码；本清单记录原始文件哈希。","False","1254972","6BEACDAC77964941E965E5BB9F47A4790B8356C048078B6FFC00BE5B8A753461","2026-07-13T09:27:20.7257516Z"
"BUILD/calibration.crf","File","吸收","Migration/Baseline/Evidence/build（只保留日志、map、axf 摘要；其余重建）","Keil 生成物，不进入新工程源码；本清单记录原始文件哈希。","False","1337841","47F5F9C8D6014E344D077E2A5AC13EE2DDD35332723458BF95D324114EB44B6D","2026-08-10T13:09:19.8565669Z"
"BUILD/calibration.d","File","吸收","Migration/Baseline/Evidence/build（只保留日志、map、axf 摘要；其余重建）","Keil 生成物，不进入新工程源码；本清单记录原始文件哈希。","False","13265","4DCE6F9D829E35C26E8A50EFCEEBFD39C86CCA17240673C7BFDF9E8B9DF8AF4A","2026-08-10T13:09:19.8605662Z"
"BUILD/calibration.o","File","吸收","Migration/Baseline/Evidence/build（只保留日志、map、axf 摘要；其余重建）","Keil 生成物，不进入新工程源码；本清单记录原始文件哈希。","False","1425024","E1FF9D336133BAF0C47C2F94C48897676824E82992D451A3529CD937A7E639C4","2026-08-10T13:09:20.0028175Z"
"BUILD/callchain.crf","File","吸收","Migration/Baseline/Evidence/build（只保留日志、map、axf 摘要；其余重建）","Keil 生成物，不进入新工程源码；本清单记录原始文件哈希。","False","1160670","492CDDF28E35B5EA270249992200EDABEEEA9EE9E17BE29188EB87730531B5B8","2026-07-13T09:27:19.9834436Z"
"BUILD/callchain.d","File","吸收","Migration/Baseline/Evidence/build（只保留日志、map、axf 摘要；其余重建）","Keil 生成物，不进入新工程源码；本清单记录原始文件哈希。","False","7652","DD9C580D5E05716651EBC365ABFC523538479CDA957DD5863103DFD73620CBBD","2026-07-13T09:27:19.9884485Z"
"BUILD/callchain.o","File","吸收","Migration/Baseline/Evidence/build（只保留日志、map、axf 摘要；其余重建）","Keil 生成物，不进入新工程源码；本清单记录原始文件哈希。","False","1216636","C227BE86A843DB59494CE63807963378743BE876850899635A479AA2A61118D5","2026-07-13T09:27:20.7307474Z"
"BUILD/can_api.crf","File","吸收","Migration/Baseline/Evidence/build（只保留日志、map、axf 摘要；其余重建）","Keil 生成物，不进入新工程源码；本清单记录原始文件哈希。","False","1120715","503772695D5068095A5691A80605A875B834DAF1B445E69B774E7C735868AADE","2026-07-13T09:27:20.1857750Z"
"BUILD/can_api.d","File","吸收","Migration/Baseline/Evidence/build（只保留日志、map、axf 摘要；其余重建）","Keil 生成物，不进入新工程源码；本清单记录原始文件哈希。","False","8214","A32FE42CD71D03CD770E93C46E18423F2CFC4990CE8E1343790BFE92E72BAB87","2026-07-13T09:27:20.1891640Z"
"BUILD/can_api.o","File","吸收","Migration/Baseline/Evidence/build（只保留日志、map、axf 摘要；其余重建）","Keil 生成物，不进入新工程源码；本清单记录原始文件哈希。","False","1246788","8141E91EB33A9797ADAE8D7980A9010AAB6695A17F5C81614C84E4B8CFC67D3E","2026-07-13T09:27:20.7257516Z"
"BUILD/can_com.crf","File","吸收","Migration/Baseline/Evidence/build（只保留日志、map、axf 摘要；其余重建）","Keil 生成物，不进入新工程源码；本清单记录原始文件哈希。","False","1309374","8F3C4DF5DB8B90AE2E4A0646D688A33AF900133051A09A50F4C97C18C4079AD3","2026-07-15T09:12:26.6882025Z"
"BUILD/can_com.d","File","吸收","Migration/Baseline/Evidence/build（只保留日志、map、axf 摘要；其余重建）","Keil 生成物，不进入新工程源码；本清单记录原始文件哈希。","False","12018","5EEE274AFA4E5A855EED1B2F751F89EF9DDFF1DB533A3944556BD6CC2106AB40","2026-07-15T09:12:26.6962025Z"
"BUILD/can_com.o","File","吸收","Migration/Baseline/Evidence/build（只保留日志、map、axf 摘要；其余重建）","Keil 生成物，不进入新工程源码；本清单记录原始文件哈希。","False","1386048","9F5CFAFE40FC172BA17FDB5DF0001E56D0F2EC9F34B1BDF067D7A1071F1FF716","2026-07-15T09:12:28.4714401Z"
"BUILD/can.crf","File","吸收","Migration/Baseline/Evidence/build（只保留日志、map、axf 摘要；其余重建）","Keil 生成物，不进入新工程源码；本清单记录原始文件哈希。","False","1192134","AC7B3389C51D270C426B7EC5F75E0BB4E54FD4CB1D49C23E827420A0A295DCCC","2026-07-13T09:27:20.2586835Z"
"BUILD/can.d","File","吸收","Migration/Baseline/Evidence/build（只保留日志、map、axf 摘要；其余重建）","Keil 生成物，不进入新工程源码；本清单记录原始文件哈希。","False","8019","C57DB7EC766A464CAF27DBE82FFECB8D7B1FD9ABB99EDFB697B651107EB981ED","2026-07-13T09:27:20.2626836Z"
"BUILD/can.o","File","吸收","Migration/Baseline/Evidence/build（只保留日志、map、axf 摘要；其余重建）","Keil 生成物，不进入新工程源码；本清单记录原始文件哈希。","False","1288252","3E23F239CC4702599F2A086434FB55A62239D4443E9165CA29A696FD438AB797","2026-07-13T09:27:20.7177475Z"
"BUILD/drv.crf","File","吸收","Migration/Baseline/Evidence/build（只保留日志、map、axf 摘要；其余重建）","Keil 生成物，不进入新工程源码；本清单记录原始文件哈希。","False","1311195","648C96F2BC6DCA99E7AAC7B0EA5765931918AA6CE61E8D1B515FD934EDCEFAF2","2026-07-13T09:27:20.5813048Z"
"BUILD/drv.d","File","吸收","Migration/Baseline/Evidence/build（只保留日志、map、axf 摘要；其余重建）","Keil 生成物，不进入新工程源码；本清单记录原始文件哈希。","False","11180","06AF8FE5A77270D83C9A3B2F59D021384C247E8EA83734369008E7AAEC6213AB","2026-07-13T09:27:20.5873069Z"
"BUILD/drv.o","File","吸收","Migration/Baseline/Evidence/build（只保留日志、map、axf 摘要；其余重建）","Keil 生成物，不进入新工程源码；本清单记录原始文件哈希。","False","1405368","4D5A9CC23866E9825640AAFEE6FD4B82BDD3A7A197C892AF51B1D6586EA080C0","2026-07-13T09:27:20.7287472Z"
"BUILD/ethernet.crf","File","吸收","Migration/Baseline/Evidence/build（只保留日志、map、axf 摘要；其余重建）","Keil 生成物，不进入新工程源码；本清单记录原始文件哈希。","False","1110887","1C483844CF83172921F31E3C10E2B8BD9DC6B71422F388C55D941023E122A2C8","2026-07-13T09:27:20.0644459Z"
"BUILD/ethernet.d","File","吸收","Migration/Baseline/Evidence/build（只保留日志、map、axf 摘要；其余重建）","Keil 生成物，不进入新工程源码；本清单记录原始文件哈希。","False","8235","8BB93EB7C2F8F92D4488A618386F0E857F7C0EC0C585A32B266DCE174715431B","2026-07-13T09:27:20.0684497Z"
"BUILD/ethernet.o","File","吸收","Migration/Baseline/Evidence/build（只保留日志、map、axf 摘要；其余重建）","Keil 生成物，不进入新工程源码；本清单记录原始文件哈希。","False","1211064","4214968A6F5EC5E1FBB13418B6030FA1C28FFE75DAEA15A9A9F3E8BFAC328271","2026-07-13T09:27:20.7517476Z"
"BUILD/fastmath.crf","File","吸收","Migration/Baseline/Evidence/build（只保留日志、map、axf 摘要；其余重建）","Keil 生成物，不进入新工程源码；本清单记录原始文件哈希。","False","936","9D20EF6E81379D0C682BE74717FC470BB47C105B5C707B448314BE86AAF1CA97","2026-07-13T09:27:16.0518497Z"
"BUILD/fastmath.d","File","吸收","Migration/Baseline/Evidence/build（只保留日志、map、axf 摘要；其余重建）","Keil 生成物，不进入新工程源码；本清单记录原始文件哈希。","False","155","89C0DAF90183CDB0713E36C3F07F50DD0DF059D2B7185A39A75CD8B01687BC0E","2026-07-13T09:27:16.0518497Z"
"BUILD/fastmath.o","File","吸收","Migration/Baseline/Evidence/build（只保留日志、map、axf 摘要；其余重建）","Keil 生成物，不进入新工程源码；本清单记录原始文件哈希。","False","19272","0E2C05B829C7E8BBCAED2003F3304B91BCF0A8D0658B2434F16DC3348D427733","2026-07-13T09:27:16.0538500Z"
"BUILD/fastpwm_common.crf","File","吸收","Migration/Baseline/Evidence/build（只保留日志、map、axf 摘要；其余重建）","Keil 生成物，不进入新工程源码；本清单记录原始文件哈希。","False","1304975","03FC70160F1E4C7315AD9E7E2CA3EFB8B3D7D63673327E946F2A18870D092E81","2026-07-13T09:27:20.6023044Z"
"BUILD/fastpwm_common.d","File","吸收","Migration/Baseline/Evidence/build（只保留日志、map、axf 摘要；其余重建）","Keil 生成物，不进入新工程源码；本清单记录原始文件哈希。","False","13076","E8863F169EF5B515985939875886F7E87E3509937C0F08C47A53AD0367D0CB0F","2026-07-13T09:27:20.6073055Z"
"BUILD/fastpwm_common.o","File","吸收","Migration/Baseline/Evidence/build（只保留日志、map、axf 摘要；其余重建）","Keil 生成物，不进入新工程源码；本清单记录原始文件哈希。","False","1406780","36D22F4A67AE6D8805E7868F68CA6171E0B1817E6AF34C1BC4691F972A0FBF7E","2026-07-13T09:27:20.8619461Z"
"BUILD/fastpwm_klxx_k20d50m.crf","File","吸收","Migration/Baseline/Evidence/build（只保留日志、map、axf 摘要；其余重建）","Keil 生成物，不进入新工程源码；本清单记录原始文件哈希。","False","479","53192725114D4AB47FC69DAA0E4E0D10C052B1D164266C4E3B55A367CD1498D9","2026-07-13T09:27:16.0428503Z"
"BUILD/fastpwm_klxx_k20d50m.d","File","吸收","Migration/Baseline/Evidence/build（只保留日志、map、axf 摘要；其余重建）","Keil 生成物，不进入新工程源码；本清单记录原始文件哈希。","False","120","8F3397E88BD1BA61BAA443E6C99563F2F6BC46B3D39563B20BF06AA345B05DC3","2026-07-13T09:27:16.0428503Z"
"BUILD/fastpwm_klxx_k20d50m.o","File","吸收","Migration/Baseline/Evidence/build（只保留日志、map、axf 摘要；其余重建）","Keil 生成物，不进入新工程源码；本清单记录原始文件哈希。","False","12052","EF6CAB73A5B88F95349AE6A6970E7170203078547DB25C52A2ECCA629EBD7B7A","2026-07-13T09:27:16.0438499Z"
"BUILD/fastpwm_ksdk.crf","File","吸收","Migration/Baseline/Evidence/build（只保留日志、map、axf 摘要；其余重建）","Keil 生成物，不进入新工程源码；本清单记录原始文件哈希。","False","479","53192725114D4AB47FC69DAA0E4E0D10C052B1D164266C4E3B55A367CD1498D9","2026-07-13T09:27:16.2155060Z"
"BUILD/fastpwm_ksdk.d","File","吸收","Migration/Baseline/Evidence/build（只保留日志、map、axf 摘要；其余重建）","Keil 生成物，不进入新工程源码；本清单记录原始文件哈希。","False","96","F6C98FAD20FA3EDAE84C82E3934D79A8D0EFE9858608A0F169BC7CA1D94AAD61","2026-07-13T09:27:16.2155060Z"
"BUILD/fastpwm_ksdk.o","File","吸收","Migration/Baseline/Evidence/build（只保留日志、map、axf 摘要；其余重建）","Keil 生成物，不进入新工程源码；本清单记录原始文件哈希。","False","11940","ABAD6D436B748BC34B5BCAB7CAE880C728A2078BD0E042C0DC3C8671A319AF4B","2026-07-13T09:27:16.2165053Z"
"BUILD/fastpwm_lpc11xx.crf","File","吸收","Migration/Baseline/Evidence/build（只保留日志、map、axf 摘要；其余重建）","Keil 生成物，不进入新工程源码；本清单记录原始文件哈希。","False","479","53192725114D4AB47FC69DAA0E4E0D10C052B1D164266C4E3B55A367CD1498D9","2026-07-13T09:27:16.2389726Z"
"BUILD/fastpwm_lpc11xx.d","File","吸收","Migration/Baseline/Evidence/build（只保留日志、map、axf 摘要；其余重建）","Keil 生成物，不进入新工程源码；本清单记录原始文件哈希。","False","105","27EDA108D47F7EC748E2999B597C86925471F64D3192D7404701D1DD39C71F3B","2026-07-13T09:27:16.2389726Z"
"BUILD/fastpwm_lpc11xx.o","File","吸收","Migration/Baseline/Evidence/build（只保留日志、map、axf 摘要；其余重建）","Keil 生成物，不进入新工程源码；本清单记录原始文件哈希。","False","11984","67B4E4F55498951F41422FA386B9B7CC7547300784E07AAAE878E1AD7062CE3A","2026-07-13T09:27:16.2409809Z"
"BUILD/fastpwm_lpc1768.crf","File","吸收","Migration/Baseline/Evidence/build（只保留日志、map、axf 摘要；其余重建）","Keil 生成物，不进入新工程源码；本清单记录原始文件哈希。","False","564","02DFA61711C9E5041A2F502C2512F56D216ED1103B129DDBED925906B2887AF4","2026-07-13T09:27:15.9606420Z"
"BUILD/fastpwm_lpc1768.d","File","吸收","Migration/Baseline/Evidence/build（只保留日志、map、axf 摘要；其余重建）","Keil 生成物，不进入新工程源码；本清单记录原始文件哈希。","False","105","2FFB3FF55FCF82B84325AEB84AC3A9E59AB4F5758C20A6779D95E68ABF93A320","2026-07-13T09:27:15.9606420Z"
"BUILD/fastpwm_lpc1768.o","File","吸收","Migration/Baseline/Evidence/build（只保留日志、map、axf 摘要；其余重建）","Keil 生成物，不进入新工程源码；本清单记录原始文件哈希。","False","11984","F72C3BFA0F45E755E0E911675E4F6E260BC9A38B72073AD9BC7E173673F2126C","2026-07-13T09:27:15.9616418Z"
"BUILD/fastpwm_stm_tim_pinout.crf","File","吸收","Migration/Baseline/Evidence/build（只保留日志、map、axf 摘要；其余重建）","Keil 生成物，不进入新工程源码；本清单记录原始文件哈希。","False","1302503","6AA6624688A8C68B1C1D4CDEB3DA73E8A6EFEBA8396F8CBB36A8C151E4EB4604","2026-07-13T09:27:20.6063043Z"
"BUILD/fastpwm_stm_tim_pinout.d","File","吸收","Migration/Baseline/Evidence/build（只保留日志、map、axf 摘要；其余重建）","Keil 生成物，不进入新工程源码；本清单记录原始文件哈希。","False","14406","D70734D1E1002C30C599BF2C6F9A1C50ADDA9392EE774A0D152308F82CC8EADB","2026-07-13T09:27:20.6113049Z"
"BUILD/fastpwm_stm_tim_pinout.o","File","吸收","Migration/Baseline/Evidence/build（只保留日志、map、axf 摘要；其余重建）","Keil 生成物，不进入新工程源码；本清单记录原始文件哈希。","False","1376768","095D4C728A2B54675A0E345DEFD335C3F855C26DF0BC882A321299ACA3D8859E","2026-07-13T09:27:20.7317464Z"
"BUILD/fastpwm_stm_tim.crf","File","吸收","Migration/Baseline/Evidence/build（只保留日志、map、axf 摘要；其余重建）","Keil 生成物，不进入新工程源码；本清单记录原始文件哈希。","False","1304453","79AE64BCB4540883FBF9CEE54535F613E1961D42CE24DC1B0C939FA513B8ACB2","2026-07-13T09:27:20.5055499Z"
"BUILD/fastpwm_stm_tim.d","File","吸收","Migration/Baseline/Evidence/build（只保留日志、map、axf 摘要；其余重建）","Keil 生成物，不进入新工程源码；本清单记录原始文件哈希。","False","13255","76643332FF3777B5D2E82412954A889AF9900F0C7E1434C55E44B5415A45F517","2026-07-13T09:27:20.5125530Z"
"BUILD/fastpwm_stm_tim.o","File","吸收","Migration/Baseline/Evidence/build（只保留日志、map、axf 摘要；其余重建）","Keil 生成物，不进入新工程源码；本清单记录原始文件哈希。","False","1383768","9949FCCE1110DD93AA4C94948AD23573A3EBC16417C4A547E3CE53A39DAEB032","2026-07-13T09:27:20.9149449Z"
"BUILD/filebase.crf","File","吸收","Migration/Baseline/Evidence/build（只保留日志、map、axf 摘要；其余重建）","Keil 生成物，不进入新工程源码；本清单记录原始文件哈希。","False","1188901","D60A16992ACB34E659FFAA431FEFA0D08CCFDBD7B807114F6DA31B898CF3A3BB","2026-07-13T09:27:24.8296943Z"
"BUILD/filebase.d","File","吸收","Migration/Baseline/Evidence/build（只保留日志、map、axf 摘要；其余重建）","Keil 生成物，不进入新工程源码；本清单记录原始文件哈希。","False","8549","BE4D3E020F4DD8580C8D715696E4FA24DFCC5FBC9F7E45E51185D75937FF25B1","2026-07-13T09:27:24.8316946Z"
"BUILD/filebase.o","File","吸收","Migration/Baseline/Evidence/build（只保留日志、map、axf 摘要；其余重建）","Keil 生成物，不进入新工程源码；本清单记录原始文件哈希。","False","1255848","B3E02C7BBBAC8F3702427379B691ED1E9D5357A0C78A237C81587FEBECBE348E","2026-07-13T09:27:24.9587174Z"
"BUILD/filehandle.crf","File","吸收","Migration/Baseline/Evidence/build（只保留日志、map、axf 摘要；其余重建）","Keil 生成物，不进入新工程源码；本清单记录原始文件哈希。","False","1187345","B5AB3F2DAF426427D3934846E685B0B06A0BD0E226C5026BC1F4EA37472AC716","2026-07-13T09:27:24.7642254Z"
"BUILD/filehandle.d","File","吸收","Migration/Baseline/Evidence/build（只保留日志、map、axf 摘要；其余重建）","Keil 生成物，不进入新工程源码；本清单记录原始文件哈希。","False","8591","EF7BEF5EF07F5DEA2BDFB555D4075218C502DAC574694D86D77D67517B66EE37","2026-07-13T09:27:24.7672283Z"
"BUILD/filehandle.o","File","吸收","Migration/Baseline/Evidence/build（只保留日志、map、axf 摘要；其余重建）","Keil 生成物，不进入新工程源码；本清单记录原始文件哈希。","False","1249324","348D7466ACE0D57B0D22EA11BC66787C460F2EB2F2A99FDD80AD83D1A0769B82","2026-07-13T09:27:24.8873670Z"
"BUILD/filepath.crf","File","吸收","Migration/Baseline/Evidence/build（只保留日志、map、axf 摘要；其余重建）","Keil 生成物，不进入新工程源码；本清单记录原始文件哈希。","False","1191813","2493403DE5973D6AD5CFE36887AE8FB1C9C21B60D8F64144E4C84F16C848B921","2026-07-13T09:27:24.8963628Z"
"BUILD/filepath.d","File","吸收","Migration/Baseline/Evidence/build（只保留日志、map、axf 摘要；其余重建）","Keil 生成物，不进入新工程源码；本清单记录原始文件哈希。","False","8764","5C3CADDCF856F1D155F6B8CA536C1B9851A32A6B2696E0F4942BB7C0143AC99E","2026-07-13T09:27:24.8983665Z"
"BUILD/filepath.o","File","吸收","Migration/Baseline/Evidence/build（只保留日志、map、axf 摘要；其余重建）","Keil 生成物，不进入新工程源码；本清单记录原始文件哈希。","False","1249936","454DF8953B90BC766B56C00EED73F381B5AB028AB5E80073D59E01F4CC08799E","2026-07-13T09:27:25.0119304Z"
"BUILD/filesystemhandle.crf","File","吸收","Migration/Baseline/Evidence/build（只保留日志、map、axf 摘要；其余重建）","Keil 生成物，不进入新工程源码；本清单记录原始文件哈希。","False","1302735","91CCA14FAB1DC6E5A5B436D8CE23F942B9E7ACF6AF4E56387D765C0A1FC17D6D","2026-07-13T09:27:25.0189320Z"
"BUILD/filesystemhandle.d","File","吸收","Migration/Baseline/Evidence/build（只保留日志、map、axf 摘要；其余重建）","Keil 生成物，不进入新工程源码；本清单记录原始文件哈希。","False","13383","639A5417748C6BE1763145FE6E8398BAD0E1D62A74DD11469771A8DD1B80A542","2026-07-13T09:27:25.0239316Z"
"BUILD/filesystemhandle.o","File","吸收","Migration/Baseline/Evidence/build（只保留日志、map、axf 摘要；其余重建）","Keil 生成物，不进入新工程源码；本清单记录原始文件哈希。","False","1389456","32999D15B3957F4FBFECB1B718177479EA0EECB0899EBA589703E82691E32F54","2026-07-13T09:27:25.1525156Z"
"BUILD/flash_api.crf","File","吸收","Migration/Baseline/Evidence/build（只保留日志、map、axf 摘要；其余重建）","Keil 生成物，不进入新工程源码；本清单记录原始文件哈希。","False","1097974","2E8B7D36334675FD3F242C4BB4C547A0BF8C7D4F9BCC0505FFA13335D2B0F91F","2026-07-13T09:27:24.6399739Z"
"BUILD/flash_api.d","File","吸收","Migration/Baseline/Evidence/build（只保留日志、map、axf 摘要；其余重建）","Keil 生成物，不进入新工程源码；本清单记录原始文件哈希。","False","8293","FAD56D82BF328BCA9BFFD0C080AEB3BF5604100FFD14B2511EC92B4C4E55AD7E","2026-07-13T09:27:24.6426177Z"
"BUILD/flash_api.o","File","吸收","Migration/Baseline/Evidence/build（只保留日志、map、axf 摘要；其余重建）","Keil 生成物，不进入新工程源码；本清单记录原始文件哈希。","False","1214092","DA7C52D169CF6C97BED60FB9DD2E6716B7DBFF13AFCEB24D591FA0C513F124BA","2026-07-13T09:27:24.8893633Z"
"BUILD/flashiap.crf","File","吸收","Migration/Baseline/Evidence/build（只保留日志、map、axf 摘要；其余重建）","Keil 生成物，不进入新工程源码；本清单记录原始文件哈希。","False","1102280","37123757321BA0824A0BAEB05168C2C26A83E709CC457298FE91453D1A9674B2","2026-07-13T09:27:24.6896312Z"
"BUILD/flashiap.d","File","吸收","Migration/Baseline/Evidence/build（只保留日志、map、axf 摘要；其余重建）","Keil 生成物，不进入新工程源码；本清单记录原始文件哈希。","False","8229","D33DDF15F89463DEA40CE241789B123A4C4040B609EAD94F4F54993A42B9DA57","2026-07-13T09:27:24.6955434Z"
"BUILD/flashiap.o","File","吸收","Migration/Baseline/Evidence/build（只保留日志、map、axf 摘要；其余重建）","Keil 生成物，不进入新工程源码；本清单记录原始文件哈希。","False","1238264","21AB7EC445A6A27EE77F91090891C109A0CAE689C26567D5C9151970ABB9D051","2026-07-13T09:27:24.8833653Z"
"BUILD/flashwriter.crf","File","吸收","Migration/Baseline/Evidence/build（只保留日志、map、axf 摘要；其余重建）","Keil 生成物，不进入新工程源码；本清单记录原始文件哈希。","False","1087556","09255D711D65E7D1F0E340E913DC63CCB58F9C2A859D5A7D470B3320D9F261AE","2026-08-06T02:57:26.6396898Z"
"BUILD/flashwriter.d","File","吸收","Migration/Baseline/Evidence/build（只保留日志、map、axf 摘要；其余重建）","Keil 生成物，不进入新工程源码；本清单记录原始文件哈希。","False","7319","717E0D6C6345356C82AABED8476236B2ADE9EDEC72CA2939B34031AB2D1B87C7","2026-08-06T02:57:26.6407799Z"
"BUILD/flashwriter.o","File","吸收","Migration/Baseline/Evidence/build（只保留日志、map、axf 摘要；其余重建）","Keil 生成物，不进入新工程源码；本清单记录原始文件哈希。","False","1189816","832EDBAFA7A3DDE95DE14251269F355156AEA4FCAE3DC95E020E867388EA1482","2026-08-06T02:57:28.5090528Z"
"BUILD/foc.crf","File","吸收","Migration/Baseline/Evidence/build（只保留日志、map、axf 摘要；其余重建）","Keil 生成物，不进入新工程源码；本清单记录原始文件哈希。","False","1320038","1CB986E44A1CD871D2847F08B2AB9EAF90FFF3026819080582CA013D5F49B3C8","2026-08-26T02:53:02.3388109Z"
"BUILD/foc.d","File","吸收","Migration/Baseline/Evidence/build（只保留日志、map、axf 摘要；其余重建）","Keil 生成物，不进入新工程源码；本清单记录原始文件哈希。","False","11549","747B27901F1066B8123A56FF50EB1AEC00901C100B757C1B84085DA71BD56ECD","2026-08-26T02:53:02.3438140Z"
"BUILD/foc.o","File","吸收","Migration/Baseline/Evidence/build（只保留日志、map、axf 摘要；其余重建）","Keil 生成物，不进入新工程源码；本清单记录原始文件哈希。","False","1419388","331BCC28471C63F4FDEBA77CA98D5DDB13623EEBBCD527FB26B752CCD7B6BFDA","2026-08-26T02:53:02.4674832Z"
"BUILD/gpio_api.crf","File","吸收","Migration/Baseline/Evidence/build（只保留日志、map、axf 摘要；其余重建）","Keil 生成物，不进入新工程源码；本清单记录原始文件哈希。","False","1099751","011BD9C9AE9A6211215E1C1306704557B932FE0E91002CFA11420D9AF92368E6","2026-07-13T09:27:24.7102267Z"
"BUILD/gpio_api.d","File","吸收","Migration/Baseline/Evidence/build（只保留日志、map、axf 摘要；其余重建）","Keil 生成物，不进入新工程源码；本清单记录原始文件哈希。","False","8198","13B6D50307553314D465D9A38632824B79D507A7F949667557D355AE22FC2CDD","2026-07-13T09:27:24.7122259Z"
"BUILD/gpio_api.o","File","吸收","Migration/Baseline/Evidence/build（只保留日志、map、axf 摘要；其余重建）","Keil 生成物，不进入新工程源码；本清单记录原始文件哈希。","False","1206024","A0616EBD2F073F8DE57C195D1B50CA86AAE888CA0318BCE86592F8A50703D2B6","2026-07-13T09:27:24.8893633Z"
"BUILD/gpio_irq_api.crf","File","吸收","Migration/Baseline/Evidence/build（只保留日志、map、axf 摘要；其余重建）","Keil 生成物，不进入新工程源码；本清单记录原始文件哈希。","False","1099269","966B8FB7A1CC6B9B671B674BFC12B20A7738E796A95A22BF23B077D27E4B8961","2026-07-13T09:27:24.7662254Z"
"BUILD/gpio_irq_api.d","File","吸收","Migration/Baseline/Evidence/build（只保留日志、map、axf 摘要；其余重建）","Keil 生成物，不进入新工程源码；本清单记录原始文件哈希。","False","8583","42B672752F97361D767EFF17E78F87B8C00D6B9C5FFB96C2AC1EB16FA1402D2D","2026-07-13T09:27:24.7682299Z"
"BUILD/gpio_irq_api.o","File","吸收","Migration/Baseline/Evidence/build（只保留日志、map、axf 摘要；其余重建）","Keil 生成物，不进入新工程源码；本清单记录原始文件哈希。","False","1223124","CCBD4DD91CC28AC407AAA8793653B30D9628D3A77126719B4B2B81E04202A452","2026-07-13T09:27:24.8913639Z"
"BUILD/gpio_irq_device.crf","File","吸收","Migration/Baseline/Evidence/build（只保留日志、map、axf 摘要；其余重建）","Keil 生成物，不进入新工程源码；本清单记录原始文件哈希。","False","1080170","693084417E70BDC56CD65C965060C0C4BB1DD47233E6F1A1ADA7C2BA985F8118","2026-07-13T09:27:24.6510857Z"
"BUILD/gpio_irq_device.d","File","吸收","Migration/Baseline/Evidence/build（只保留日志、map、axf 摘要；其余重建）","Keil 生成物，不进入新工程源码；本清单记录原始文件哈希。","False","7860","B1ED6741256FFE3013CA050DFF3FB99151A9D9DCDDFE38ABDE0B2954531444A5","2026-07-13T09:27:24.6530937Z"
"BUILD/gpio_irq_device.o","File","吸收","Migration/Baseline/Evidence/build（只保留日志、map、axf 摘要；其余重建）","Keil 生成物，不进入新工程源码；本清单记录原始文件哈希。","False","1174220","981723EB4F61EE256A57EFB7986A449E3E316321D8B40FF251C28E0F8440F7D2","2026-07-13T09:27:24.8853622Z"
"BUILD/hal_init_pre.crf","File","吸收","Migration/Baseline/Evidence/build（只保留日志、map、axf 摘要；其余重建）","Keil 生成物，不进入新工程源码；本清单记录原始文件哈希。","False","1078326","270BEE5F013B387B24725CCD19CE195C255F116FA04BC632E7B0CE494704D0AF","2026-07-13T09:27:24.5657292Z"
"BUILD/hal_init_pre.d","File","吸收","Migration/Baseline/Evidence/build（只保留日志、map、axf 摘要；其余重建）","Keil 生成物，不进入新工程源码；本清单记录原始文件哈希。","False","7314","857D77878213B66DA4249E8116E6BA811673F6D30085A278CBD9951E1EE1B95D","2026-07-13T09:27:24.5697256Z"
"BUILD/hal_init_pre.o","File","吸收","Migration/Baseline/Evidence/build（只保留日志、map、axf 摘要；其余重建）","Keil 生成物，不进入新工程源码；本清单记录原始文件哈希。","False","1167468","9180BD70EF90CE9BE95E8E01016F66ABD62CF739B1F09C5B766241E5191F9593","2026-07-13T09:27:24.6742921Z"
"BUILD/hal_tick_16b.crf","File","吸收","Migration/Baseline/Evidence/build（只保留日志、map、axf 摘要；其余重建）","Keil 生成物，不进入新工程源码；本清单记录原始文件哈希。","False","1120558","CD4E2C81421DDC1BC2E2D2C4F3F5A47C7AC87DF00D19B2B1A1A30D616798974C","2026-07-13T09:27:24.8266875Z"
"BUILD/hal_tick_16b.d","File","吸收","Migration/Baseline/Evidence/build（只保留日志、map、axf 摘要；其余重建）","Keil 生成物，不进入新工程源码；本清单记录原始文件哈希。","False","7613","9C08082796F2DA04509307D0FEE11A46D1E5868388EC10B765C1411A21DBDADA","2026-07-13T09:27:24.8276948Z"
"BUILD/hal_tick_16b.o","File","吸收","Migration/Baseline/Evidence/build（只保留日志、map、axf 摘要；其余重建）","Keil 生成物，不进入新工程源码；本清单记录原始文件哈希。","False","1195136","C7EEB669E53F66AE5F544BD3B743A9DC7DA1A7B37C8F0D5A437B443A616D4C7D","2026-07-13T09:27:24.9507135Z"
"BUILD/hal_tick_32b.crf","File","吸收","Migration/Baseline/Evidence/build（只保留日志、map、axf 摘要；其余重建）","Keil 生成物，不进入新工程源码；本清单记录原始文件哈希。","False","1121880","A0AB1C4E1BF324A9F1C42BAAFFDB64AC13BEDA4B6BE80884BB933B36AC74C042","2026-07-13T09:27:24.7772292Z"
"BUILD/hal_tick_32b.d","File","吸收","Migration/Baseline/Evidence/build（只保留日志、map、axf 摘要；其余重建）","Keil 生成物，不进入新工程源码；本清单记录原始文件哈希。","False","7613","F1DF0FE0EE270E0C141F0F6475A15D2BC691486DAC9DA16DF63CEDE7D8D3B09D","2026-07-13T09:27:24.7792304Z"
"BUILD/hal_tick_32b.o","File","吸收","Migration/Baseline/Evidence/build（只保留日志、map、axf 摘要；其余重建）","Keil 生成物，不进入新工程源码；本清单记录原始文件哈希。","False","1203196","61118F21249FD61299A69C22496B56571340EDED12820F7796A54693E68C19F8","2026-07-13T09:27:24.8923633Z"
"BUILD/Hobbyking_Cheetah_Compact_DRV8323_Hobbyking_Cheetah_Compact_DRV8323.dep","File","吸收","Migration/Baseline/Evidence/build（只保留日志、map、axf 摘要；其余重建）","Keil 生成物，不进入新工程源码；本清单记录原始文件哈希。","False","1636700","76A58CFDC14FCD84A3E2E8EAD77F1E8969541BCAA88015BD36FCB125F6E1AD0F","2026-08-26T02:53:03.1247185Z"
"BUILD/Hobbyking_Cheetah_Compact_DRV8323.build_log.htm","File","吸收","Migration/Baseline/Evidence/build（只保留日志、map、axf 摘要；其余重建）","Keil 生成物，不进入新工程源码；本清单记录原始文件哈希。","False","2888","114D1A979FEC391CEEBC288582C624AF631D9D2CF4ED9C581019CDBAEC30708B","2026-08-26T02:53:03.1267121Z"
"BUILD/Hobbyking_Cheetah_Compact_DRV8323.htm","File","吸收","Migration/Baseline/Evidence/build（只保留日志、map、axf 摘要；其余重建）","Keil 生成物，不进入新工程源码；本清单记录原始文件哈希。","False","711195","FD51A12C3076B5A1937359D6EB2D792130B727DFB42D047282F61F9A4046F494","2026-07-03T07:22:59.5035652Z"
"BUILD/Hobbyking_Cheetah_Compact_DRV8323.lnp","File","吸收","Migration/Baseline/Evidence/build（只保留日志、map、axf 摘要；其余重建）","Keil 生成物，不进入新工程源码；本清单记录原始文件哈希。","False","5792","24125CF5B887FFC6768D93B8EE0EB665F8E30C7494AD8B9755D2A1D69C5D2FB5","2026-07-03T07:22:56.5767032Z"
"BUILD/Hobbyking_Cheetah_Compact_DRV8323.map","File","吸收","Migration/Baseline/Evidence/build（只保留日志、map、axf 摘要；其余重建）","Keil 生成物，不进入新工程源码；本清单记录原始文件哈希。","False","2363505","598EF648CB6891A5B2A70F717AA26A66E25DF772298E1D94BC2A0A1E6A7E1A40","2026-07-03T07:22:59.5450874Z"
"BUILD/hw_setup.crf","File","吸收","Migration/Baseline/Evidence/build（只保留日志、map、axf 摘要；其余重建）","Keil 生成物，不进入新工程源码；本清单记录原始文件哈希。","False","1308778","2B372FFB72BE528FF290E0BDEB2B34D6A29D803575E3993368F196A6DB1EA893","2026-07-13T09:27:20.5843065Z"
"BUILD/hw_setup.d","File","吸收","Migration/Baseline/Evidence/build（只保留日志、map、axf 摘要；其余重建）","Keil 生成物，不进入新工程源码；本清单记录原始文件哈希。","False","12178","69C7F63E9997C17BCC40E62493607039434B27E07D911A9ABBD83EBF25700E2E","2026-07-13T09:27:20.5893073Z"
"BUILD/hw_setup.o","File","吸收","Migration/Baseline/Evidence/build（只保留日志、map、axf 摘要；其余重建）","Keil 生成物，不进入新工程源码；本清单记录原始文件哈希。","False","1391652","FFD933EE470B1DDF4711A5F24996CD240AE2B3354C36D155871B33F985CE994B","2026-07-13T09:27:20.7247476Z"
"BUILD/i2c_api.crf","File","吸收","Migration/Baseline/Evidence/build（只保留日志、map、axf 摘要；其余重建）","Keil 生成物，不进入新工程源码；本清单记录原始文件哈希。","False","1111158","6CE65DD2778753C3B8D6402F76AD6FB7DAFB152E4D63628F42B7FD4110F34749","2026-07-13T09:27:24.7042256Z"
"BUILD/i2c_api.d","File","吸收","Migration/Baseline/Evidence/build（只保留日志、map、axf 摘要；其余重建）","Keil 生成物，不进入新工程源码；本清单记录原始文件哈希。","False","8256","59875E813DD589B6EDAADCBAECC5F92A79B50FFF52BFFFA8069AD79636590F7C","2026-07-13T09:27:24.7072260Z"
"BUILD/i2c_api.o","File","吸收","Migration/Baseline/Evidence/build（只保留日志、map、axf 摘要；其余重建）","Keil 生成物，不进入新工程源码；本清单记录原始文件哈希。","False","1266732","F35A3F1C1290EBEBF211D19588F0BE7EB6730D4F20FAA3E699B20A87E9EC9843","2026-07-13T09:27:24.8883662Z"
"BUILD/i2c.crf","File","吸收","Migration/Baseline/Evidence/build（只保留日志、map、axf 摘要；其余重建）","Keil 生成物，不进入新工程源码；本清单记录原始文件哈希。","False","1197188","95E7EDA3A447833CE0EE8E038317FD02798AFEB8A7802CA366D3FA2BE121F05D","2026-07-13T09:27:24.8643649Z"
"BUILD/i2c.d","File","吸收","Migration/Baseline/Evidence/build（只保留日志、map、axf 摘要；其余重建）","Keil 生成物，不进入新工程源码；本清单记录原始文件哈希。","False","8198","4116965C57BF13A47AD7168558401CA4ADDAA7D900590149495D262196FDD19A","2026-07-13T09:27:24.8703644Z"
"BUILD/i2c.o","File","吸收","Migration/Baseline/Evidence/build（只保留日志、map、axf 摘要；其余重建）","Keil 生成物，不进入新工程源码；本清单记录原始文件哈希。","False","1301988","74EE69E59A74CCC4C5AD4317D468D8B29797A7F5795F3B3AA371ED4D8049F42D","2026-07-13T09:27:24.9857125Z"
"BUILD/i2cslave.crf","File","吸收","Migration/Baseline/Evidence/build（只保留日志、map、axf 摘要；其余重建）","Keil 生成物，不进入新工程源码；本清单记录原始文件哈希。","False","1115473","BA64EB574305FDD49A42626544ADB2EC95E8EDF00100287F62379CCE9D40A975","2026-07-13T09:27:24.6869814Z"
"BUILD/i2cslave.d","File","吸收","Migration/Baseline/Evidence/build（只保留日志、map、axf 摘要；其余重建）","Keil 生成物，不进入新工程源码；本清单记录原始文件哈希。","False","8313","779166B0437E54372535530B8256262FBC46833514B344A53D0F73E6466862B0","2026-07-13T09:27:24.6901750Z"
"BUILD/i2cslave.o","File","吸收","Migration/Baseline/Evidence/build（只保留日志、map、axf 摘要；其余重建）","Keil 生成物，不进入新工程源码；本清单记录原始文件哈希。","False","1228404","A47CA249783B07840ED7800E0CDACC4069D002E00F6EBFD6E499BB40D6A2CCA2","2026-07-13T09:27:24.8873670Z"
"BUILD/interruptin.crf","File","吸收","Migration/Baseline/Evidence/build（只保留日志、map、axf 摘要；其余重建）","Keil 生成物，不进入新工程源码；本清单记录原始文件哈希。","False","1189546","7B4DF5EBBF08B78D185D299705584C67555CB69D072FD882D0304A879164B02A","2026-07-13T09:27:24.8853622Z"
"BUILD/interruptin.d","File","吸收","Migration/Baseline/Evidence/build（只保留日志、map、axf 摘要；其余重建）","Keil 生成物，不进入新工程源码；本清单记录原始文件哈希。","False","8734","15C1C418B777F68D3DA9886D51C6379939BEED9DADC22523BA37A3435D7198B7","2026-07-13T09:27:24.8893633Z"
"BUILD/interruptin.o","File","吸收","Migration/Baseline/Evidence/build（只保留日志、map、axf 摘要；其余重建）","Keil 生成物，不进入新工程源码；本清单记录原始文件哈希。","False","1266340","4161BE0C1D7A647879D5A3A62BC1DE690B569BB0F3C294A454B50DCB2622B768","2026-07-13T09:27:25.0139314Z"
"BUILD/interruptmanager.crf","File","吸收","Migration/Baseline/Evidence/build（只保留日志、map、axf 摘要；其余重建）","Keil 生成物，不进入新工程源码；本清单记录原始文件哈希。","False","1163418","AF6A60523F90DE7B4AF12066682C89DAE2CCB738488F033B7A93F579E369CF2C","2026-07-13T09:27:24.6764533Z"
"BUILD/interruptmanager.d","File","吸收","Migration/Baseline/Evidence/build（只保留日志、map、axf 摘要；其余重建）","Keil 生成物，不进入新工程源码；本清单记录原始文件哈希。","False","8388","76375B00229E79B001ECD50A12AC65D10F9E7138496441177B700190E5B18B83","2026-07-13T09:27:24.6843250Z"
"BUILD/interruptmanager.o","File","吸收","Migration/Baseline/Evidence/build（只保留日志、map、axf 摘要；其余重建）","Keil 生成物，不进入新工程源码；本清单记录原始文件哈希。","False","1233592","CECE67E1CD6F59D6E095E94B25A7FC62EC7C70E0AF1421B39FB81151593C7E8C","2026-07-13T09:27:24.8893633Z"
"BUILD/localfilesystem.crf","File","吸收","Migration/Baseline/Evidence/build（只保留日志、map、axf 摘要；其余重建）","Keil 生成物，不进入新工程源码；本清单记录原始文件哈希。","False","1110554","97ADB9C3FF14C79350C0D4C6F7D62DD7E11D958C2BB9346626907E108ACF53B9","2026-07-13T09:27:24.6426177Z"
"BUILD/localfilesystem.d","File","吸收","Migration/Baseline/Evidence/build（只保留日志、map、axf 摘要；其余重建）","Keil 生成物，不进入新工程源码；本清单记录原始文件哈希。","False","8849","C399788C30B0CA8895B41DC63DF20BE5E38A9D9014206849D37BC37E0A9673B5","2026-07-13T09:27:24.6457664Z"
"BUILD/localfilesystem.o","File","吸收","Migration/Baseline/Evidence/build（只保留日志、map、axf 摘要；其余重建）","Keil 生成物，不进入新工程源码；本清单记录原始文件哈希。","False","1210388","511496398D6B654F76ABD744C941E5A6DE5E305CE8F57A4C8E76D8D82E59FF73","2026-07-13T09:27:24.8863633Z"
"BUILD/lp_ticker.crf","File","吸收","Migration/Baseline/Evidence/build（只保留日志、map、axf 摘要；其余重建）","Keil 生成物，不进入新工程源码；本清单记录原始文件哈希。","False","1097526","B9C34ABF677ADA82593940EB0BCF57980D00E8B3AEB2C1ED0E96E42A2A6E3F8E","2026-07-13T09:27:24.6405063Z"
"BUILD/lp_ticker.d","File","吸收","Migration/Baseline/Evidence/build（只保留日志、map、axf 摘要；其余重建）","Keil 生成物，不进入新工程源码；本清单记录原始文件哈希。","False","8279","DEB34F391646C6274253B9440A1F8AD4D6DE7FB7C72AA40486D5203BEAD9EA8C","2026-07-13T09:27:24.6447115Z"
"BUILD/lp_ticker.o","File","吸收","Migration/Baseline/Evidence/build（只保留日志、map、axf 摘要；其余重建）","Keil 生成物，不进入新工程源码；本清单记录原始文件哈希。","False","1206136","E54B9B5615F1E26A59BD5655DEECA482DB976B72EC667BA4AE33600770196AF5","2026-07-13T09:27:24.8873670Z"
"BUILD/main.crf","File","吸收","Migration/Baseline/Evidence/build（只保留日志、map、axf 摘要；其余重建）","Keil 生成物，不进入新工程源码；本清单记录原始文件哈希。","False","1339188","D94F1EB6DD6110E770B770D2AA81E640BE1DBC4646C69185AC6782578759BEFC","2026-08-26T02:53:02.3834278Z"
"BUILD/main.d","File","吸收","Migration/Baseline/Evidence/build（只保留日志、map、axf 摘要；其余重建）","Keil 生成物，不进入新工程源码；本清单记录原始文件哈希。","False","11996","47BC9449260A8F452A8C06937C7339CA30C9382BC08D908B1457F98FA3A14573","2026-08-26T02:53:02.3854191Z"
"BUILD/math_ops.crf","File","吸收","Migration/Baseline/Evidence/build（只保留日志、map、axf 摘要；其余重建）","Keil 生成物，不进入新工程源码；本清单记录原始文件哈希。","False","18311","EA77437B1DD4EF3CB334271D331BE3424F84DAB39F86F25D766C797B5CC65C6A","2026-08-02T14:12:00.7106877Z"
"BUILD/math_ops.d","File","吸收","Migration/Baseline/Evidence/build（只保留日志、map、axf 摘要；其余重建）","Keil 生成物，不进入新工程源码；本清单记录原始文件哈希。","False","108","64BB34AFB4658125CA0D0E350EB5DD3248A24305E0207ABCFEFA8C09553AA43D","2026-08-02T14:12:00.7106877Z"
"BUILD/math_ops.o","File","吸收","Migration/Baseline/Evidence/build（只保留日志、map、axf 摘要；其余重建）","Keil 生成物，不进入新工程源码；本清单记录原始文件哈希。","False","36864","170D1076E56B0F45074A7AD5A51107D6D3F373CB1CBEE1E792D490ADDFF5242A","2026-08-02T14:12:00.7176871Z"
"BUILD/mbed_alloc_wrappers.crf","File","吸收","Migration/Baseline/Evidence/build（只保留日志、map、axf 摘要；其余重建）","Keil 生成物，不进入新工程源码；本清单记录原始文件哈希。","False","25014","6244DCAA28CAE10BDE2969BBB66301E4E3D16EA53120CF2BD1F38068896C70B6","2026-07-13T09:27:21.2807878Z"
"BUILD/mbed_alloc_wrappers.d","File","吸收","Migration/Baseline/Evidence/build（只保留日志、map、axf 摘要；其余重建）","Keil 生成物，不进入新工程源码；本清单记录原始文件哈希。","False","646","47F5D3FD771FD707EC062FC60573BDF4AE6FA4EFAD381BC7F4004AC464813DE6","2026-07-13T09:27:21.2817874Z"
"BUILD/mbed_alloc_wrappers.o","File","吸收","Migration/Baseline/Evidence/build（只保留日志、map、axf 摘要；其余重建）","Keil 生成物，不进入新工程源码；本清单记录原始文件哈希。","False","38592","D9FD990A5FEE4D9202FF9699C887FF719CFF77F6A1C9CA423381E907D9164D93","2026-07-13T09:27:21.2847874Z"
"BUILD/mbed_application.crf","File","吸收","Migration/Baseline/Evidence/build（只保留日志、map、axf 摘要；其余重建）","Keil 生成物，不进入新工程源码；本清单记录原始文件哈希。","False","1097949","7FBE96801A79DA29BF79D93B654A6E59649E2BE3696B973BCDAAC23CB3BB76A5","2026-07-13T09:27:24.7302241Z"
"BUILD/mbed_application.d","File","吸收","Migration/Baseline/Evidence/build（只保留日志、map、axf 摘要；其余重建）","Keil 生成物，不进入新工程源码；本清单记录原始文件哈希。","False","8757","449565C66D6FED29D3661818EABF9915E5B27BE5DF1AC82CE3E375FD964A3B87","2026-07-13T09:27:24.7322241Z"
"BUILD/mbed_application.o","File","吸收","Migration/Baseline/Evidence/build（只保留日志、map、axf 摘要；其余重建）","Keil 生成物，不进入新工程源码；本清单记录原始文件哈希。","False","1199264","50E6571CCCA2666C72B057E1741DFC862E8EBD97752AA47DDE3E30D595E81E17","2026-07-13T09:27:24.8903652Z"
"BUILD/mbed_assert.crf","File","吸收","Migration/Baseline/Evidence/build（只保留日志、map、axf 摘要；其余重建）","Keil 生成物，不进入新工程源码；本清单记录原始文件哈希。","False","1095825","404CD325CBCB5AEEF9EE65BF5862A3302E1D369F6E52D6CF1B5FEACD139A5DBB","2026-07-13T09:27:24.7582251Z"
"BUILD/mbed_assert.d","File","吸收","Migration/Baseline/Evidence/build（只保留日志、map、axf 摘要；其余重建）","Keil 生成物，不进入新工程源码；本清单记录原始文件哈希。","False","8358","C111E61EF354E36AB966AF9F51C241EB6D0AB886BB7F47A70E6E74A61DDA2014","2026-07-13T09:27:24.7592242Z"
"BUILD/mbed_assert.o","File","吸收","Migration/Baseline/Evidence/build（只保留日志、map、axf 摘要；其余重建）","Keil 生成物，不进入新工程源码；本清单记录原始文件哈希。","False","1196888","7B27A11A3A24DC22932E4AEB23D256BAF7184637638F9916710F8F2D562C245D","2026-07-13T09:27:24.8873670Z"
"BUILD/mbed_board.crf","File","吸收","Migration/Baseline/Evidence/build（只保留日志、map、axf 摘要；其余重建）","Keil 生成物，不进入新工程源码；本清单记录原始文件哈希。","False","1104626","B942F2C0AC6805235EC83EF364DB66AE90C5B94AC8D28A22F792153974428A52","2026-07-13T09:27:24.6764533Z"
"BUILD/mbed_board.d","File","吸收","Migration/Baseline/Evidence/build（只保留日志、map、axf 摘要；其余重建）","Keil 生成物，不进入新工程源码；本清单记录原始文件哈希。","False","8568","82817C9BCD8BFC2B130C0F3E9F969C34C85FC28A848FF86E37ADB754FF55D481","2026-07-13T09:27:24.6779487Z"
"BUILD/mbed_board.o","File","吸收","Migration/Baseline/Evidence/build（只保留日志、map、axf 摘要；其余重建）","Keil 生成物，不进入新工程源码；本清单记录原始文件哈希。","False","1211692","D6027764F4B3A6030FD19088782C1BAE0D8D9DDE66D477487828B3D004D3DE6B","2026-07-13T09:27:24.8903652Z"
"BUILD/mbed_critical.crf","File","吸收","Migration/Baseline/Evidence/build（只保留日志、map、axf 摘要；其余重建）","Keil 生成物，不进入新工程源码；本清单记录原始文件哈希。","False","1086276","CB984D1EB6FCA26AA2C276BC6F2184D93BC04066CF1E12E2054CCFF52C9CFB08","2026-07-13T09:27:24.7762327Z"
"BUILD/mbed_critical.d","File","吸收","Migration/Baseline/Evidence/build（只保留日志、map、axf 摘要；其余重建）","Keil 生成物，不进入新工程源码；本清单记录原始文件哈希。","False","7829","5E2A5882892A243BD591495E002FC46330E788CF916E0F35927494DE01A64AA2","2026-07-13T09:27:24.7782294Z"
"BUILD/mbed_critical.o","File","吸收","Migration/Baseline/Evidence/build（只保留日志、map、axf 摘要；其余重建）","Keil 生成物，不进入新工程源码；本清单记录原始文件哈希。","False","1204064","D48F35674948757F703EE7846E7336E05410B7AD0DB2CEA51934214E2EA5549D","2026-07-13T09:27:24.8883662Z"
"BUILD/mbed_error.crf","File","吸收","Migration/Baseline/Evidence/build（只保留日志、map、axf 摘要；其余重建）","Keil 生成物，不进入新工程源码；本清单记录原始文件哈希。","False","1099637","7BA80E4CDDBEDDA7966B3486B87B2453DB47B0B37B201BACDFB1E8BD4208C1B8","2026-07-13T09:27:28.7652813Z"
"BUILD/mbed_error.d","File","吸收","Migration/Baseline/Evidence/build（只保留日志、map、axf 摘要；其余重建）","Keil 生成物，不进入新工程源码；本清单记录原始文件哈希。","False","8321","38B9DAF02DFA04BF918A2DDE7B8B213F7D94D562BD59001C5602519333DF8699","2026-07-13T09:27:28.7682810Z"
"BUILD/mbed_error.o","File","吸收","Migration/Baseline/Evidence/build（只保留日志、map、axf 摘要；其余重建）","Keil 生成物，不进入新工程源码；本清单记录原始文件哈希。","False","1200472","1ECD46372BE263C42CD95F906C558521DB57563521C0A40737093B84B5443C3C","2026-07-13T09:27:28.9516572Z"
"BUILD/mbed_flash_api.crf","File","吸收","Migration/Baseline/Evidence/build（只保留日志、map、axf 摘要；其余重建）","Keil 生成物，不进入新工程源码；本清单记录原始文件哈希。","False","1097060","5C0B24A418DD46CB3DDEF3D3DD7F51861638EC0BA75E3A67CDE541A1E5410A34","2026-07-13T09:27:28.8161842Z"
"BUILD/mbed_flash_api.d","File","吸收","Migration/Baseline/Evidence/build（只保留日志、map、axf 摘要；其余重建）","Keil 生成物，不进入新工程源码；本清单记录原始文件哈希。","False","8620","147300EDDF07AF8965980BBE3A12680C156C8327B2232DE098836E6BFE9CC269","2026-07-13T09:27:28.8181845Z"
"BUILD/mbed_flash_api.o","File","吸收","Migration/Baseline/Evidence/build（只保留日志、map、axf 摘要；其余重建）","Keil 生成物，不进入新工程源码；本清单记录原始文件哈希。","False","1196524","1BC47B87AEEA9DBCBCB24E774B16B4D9EC6D43F7539B6BA8F6528A8BAE74E327","2026-07-13T09:27:28.9566536Z"
"BUILD/mbed_gpio.crf","File","吸收","Migration/Baseline/Evidence/build（只保留日志、map、axf 摘要；其余重建）","Keil 生成物，不进入新工程源码；本清单记录原始文件哈希。","False","1094016","7D6D6885E2BA6B93C9B89B78511C1DD2D11C66F18C82AC098F06F276C1896B74","2026-07-13T09:27:28.5991797Z"
"BUILD/mbed_gpio.d","File","吸收","Migration/Baseline/Evidence/build（只保留日志、map、axf 摘要；其余重建）","Keil 生成物，不进入新工程源码；本清单记录原始文件哈希。","False","8102","E05A986D8200B4AABA6293CCB6F3E8335F4A03EFD28B1FF410E9A2FD685366AE","2026-07-13T09:27:28.6031822Z"
"BUILD/mbed_gpio.o","File","吸收","Migration/Baseline/Evidence/build（只保留日志、map、axf 摘要；其余重建）","Keil 生成物，不进入新工程源码；本清单记录原始文件哈希。","False","1202244","FE51F7058151832452F96B58B70EE357A8273F737B70EF325C5EE2C24AFD12D4","2026-07-13T09:27:28.9516572Z"
"BUILD/mbed_interface.crf","File","吸收","Migration/Baseline/Evidence/build（只保留日志、map、axf 摘要；其余重建）","Keil 生成物，不进入新工程源码；本清单记录原始文件哈希。","False","1096898","1AA81485332E114CC9AEEDF821087821E9D185E02DD07741392557DC8A81C9A4","2026-07-13T09:27:28.8191845Z"
"BUILD/mbed_interface.d","File","吸收","Migration/Baseline/Evidence/build（只保留日志、map、axf 摘要；其余重建）","Keil 生成物，不进入新工程源码；本清单记录原始文件哈希。","False","8870","9D8B4062FA3FD565A8938D3963D29526EC791C9E3CB8D31AF19FBB72F210A72E","2026-07-13T09:27:28.8221874Z"
"BUILD/mbed_interface.o","File","吸收","Migration/Baseline/Evidence/build（只保留日志、map、axf 摘要；其余重建）","Keil 生成物，不进入新工程源码；本清单记录原始文件哈希。","False","1200768","43A61D11D0C51DC2E307D6EAA858A3C71BF74C906B447063F02DA4B43749D17D","2026-07-13T09:27:28.9556549Z"
"BUILD/mbed_lp_ticker_api.crf","File","吸收","Migration/Baseline/Evidence/build（只保留日志、map、axf 摘要；其余重建）","Keil 生成物，不进入新工程源码；本清单记录原始文件哈希。","False","1094885","35241EC3B091410DD062647218D98AB00100ACABBF0FEEA8A88E5E7BDCB100BE","2026-07-13T09:27:28.7962815Z"
"BUILD/mbed_lp_ticker_api.d","File","吸收","Migration/Baseline/Evidence/build（只保留日志、map、axf 摘要；其余重建）","Keil 生成物，不进入新工程源码；本清单记录原始文件哈希。","False","8983","54A87F827FE02A00EA2DF23A4B94D24BCBEEF62250C285761A0DAFD1E3D1601F","2026-07-13T09:27:28.7972831Z"
"BUILD/mbed_lp_ticker_api.o","File","吸收","Migration/Baseline/Evidence/build（只保留日志、map、axf 摘要；其余重建）","Keil 生成物，不进入新工程源码；本清单记录原始文件哈希。","False","1196940","E92172674810F49FE894B53C4901CE6E8B09A224732CDFE07AC9A87B4A2C13EE","2026-07-13T09:27:28.9516572Z"
"BUILD/mbed_mem_trace.crf","File","吸收","Migration/Baseline/Evidence/build（只保留日志、map、axf 摘要；其余重建）","Keil 生成物，不进入新工程源码；本清单记录原始文件哈希。","False","17646","13EC28B040FA5DAB83F9F73D7BADBA5A83A644FCD752BECE94CFC82C4D6A4F40","2026-07-13T09:27:25.0964979Z"
"BUILD/mbed_mem_trace.d","File","吸收","Migration/Baseline/Evidence/build（只保留日志、map、axf 摘要；其余重建）","Keil 生成物，不进入新工程源码；本清单记录原始文件哈希。","False","226","86E682971624B74A7A774EAAA0D60C84974D537F3E250490BD9C1D0D6F86B97A","2026-07-13T09:27:25.0974981Z"
"BUILD/mbed_mem_trace.o","File","吸收","Migration/Baseline/Evidence/build（只保留日志、map、axf 摘要；其余重建）","Keil 生成物，不进入新工程源码；本清单记录原始文件哈希。","False","34480","8B33490DDF07823B00FB70037B05D1419B21BF3F5006474938FE62FD044DB56C","2026-07-13T09:27:25.1024991Z"
"BUILD/mbed_mktime.crf","File","吸收","Migration/Baseline/Evidence/build（只保留日志、map、axf 摘要；其余重建）","Keil 生成物，不进入新工程源码；本清单记录原始文件哈希。","False","7731","683F24E11FFBD39EF4C5E30E253C7A051EAF50ED60B5CEE1ED6740FAFC5F60FE","2026-07-13T09:27:25.0974981Z"
"BUILD/mbed_mktime.d","File","吸收","Migration/Baseline/Evidence/build（只保留日志、map、axf 摘要；其余重建）","Keil 生成物，不进入新工程源码；本清单记录原始文件哈希。","False","150","00E68EA52B3C73D1D49D21CC3624957D2AD2261CEB900805D2BF178A4A719B2F","2026-07-13T09:27:25.0984980Z"
"BUILD/mbed_mktime.o","File","吸收","Migration/Baseline/Evidence/build（只保留日志、map、axf 摘要；其余重建）","Keil 生成物，不进入新工程源码；本清单记录原始文件哈希。","False","23352","84C6DD23DCA3D4827E5A254D6134105EFC0F260EFE48DFE78E62F1B9D8840F8A","2026-07-13T09:27:25.1034975Z"
"BUILD/mbed_overrides.crf","File","吸收","Migration/Baseline/Evidence/build（只保留日志、map、axf 摘要；其余重建）","Keil 生成物，不进入新工程源码；本清单记录原始文件哈希。","False","1078704","40FB4FA7D5B0DBC6A9CAB33C43168CB0C102A3211F0A88F7AEDD47EF0C973A4A","2026-07-13T09:27:28.6761809Z"
"BUILD/mbed_overrides.d","File","吸收","Migration/Baseline/Evidence/build（只保留日志、map、axf 摘要；其余重建）","Keil 生成物，不进入新工程源码；本清单记录原始文件哈希。","False","7676","B8F845D92DF5F2AF4D2CBA67C0B65B6AD958C7CA428D6393095300E92604330A","2026-07-13T09:27:28.6791817Z"
"BUILD/mbed_overrides.o","File","吸收","Migration/Baseline/Evidence/build（只保留日志、map、axf 摘要；其余重建）","Keil 生成物，不进入新工程源码；本清单记录原始文件哈希。","False","1169380","5A666BD5B144E26FE6350C50916CEC4C9479AB09410BEC043D01B7B4321C56F1","2026-07-13T09:27:28.9484581Z"
"BUILD/mbed_pinmap_common.crf","File","吸收","Migration/Baseline/Evidence/build（只保留日志、map、axf 摘要；其余重建）","Keil 生成物，不进入新工程源码；本清单记录原始文件哈希。","False","1087056","7C524DCCD25971F14287DC485C3E5CDB48A388257CC7B42E83BD622EE3B0D1D4","2026-07-13T09:27:28.7031791Z"
"BUILD/mbed_pinmap_common.d","File","吸收","Migration/Baseline/Evidence/build（只保留日志、map、axf 摘要；其余重建）","Keil 生成物，不进入新工程源码；本清单记录原始文件哈希。","False","8296","9A5249607BDB9750015BCC10FAACA2C69E2F234EF420BABEF0E0633B5B02887E","2026-07-13T09:27:28.7051782Z"
"BUILD/mbed_pinmap_common.o","File","吸收","Migration/Baseline/Evidence/build（只保留日志、map、axf 摘要；其余重建）","Keil 生成物，不进入新工程源码；本清单记录原始文件哈希。","False","1189756","C55628DF8F747722E7C9E615EAB7C44D9B14F50B21407586DF339544ABC47662","2026-07-13T09:27:28.9526549Z"
"BUILD/mbed_poll.crf","File","吸收","Migration/Baseline/Evidence/build（只保留日志、map、axf 摘要；其余重建）","Keil 生成物，不进入新工程源码；本清单记录原始文件哈希。","False","1189178","EDE7EBFA9EE7D7E5182399FF5EFC3B4A2D047E056E1224D7062BBB85BE13012C","2026-07-13T09:27:28.8705102Z"
"BUILD/mbed_poll.d","File","吸收","Migration/Baseline/Evidence/build（只保留日志、map、axf 摘要；其余重建）","Keil 生成物，不进入新工程源码；本清单记录原始文件哈希。","False","8632","3364220DCBB4ABE2420D271550D0214061A74D3D5FBDBB1F46A1D80804F0F0FC","2026-07-13T09:27:28.8725095Z"
"BUILD/mbed_poll.o","File","吸收","Migration/Baseline/Evidence/build（只保留日志、map、axf 摘要；其余重建）","Keil 生成物，不进入新工程源码；本清单记录原始文件哈希。","False","1231132","090D51514FD9B104363975877582A1AA4C17318164792BB96EB0007508A4F8C2","2026-07-13T09:27:29.0041966Z"
"BUILD/mbed_retarget.crf","File","吸收","Migration/Baseline/Evidence/build（只保留日志、map、axf 摘要；其余重建）","Keil 生成物，不进入新工程源码；本清单记录原始文件哈希。","False","1216295","7926E65210B89E7ACE6AAA8A30749541380F923D2868069D093C70F63229229B","2026-07-13T09:27:29.0393082Z"
"BUILD/mbed_retarget.d","File","吸收","Migration/Baseline/Evidence/build（只保留日志、map、axf 摘要；其余重建）","Keil 生成物，不进入新工程源码；本清单记录原始文件哈希。","False","9844","5CB3EAB30ED1111D1DD328E4B49840CDA98A941A47DA5E8516ED0B51C20AFBB3","2026-07-13T09:27:29.0423087Z"
"BUILD/mbed_retarget.o","File","吸收","Migration/Baseline/Evidence/build（只保留日志、map、axf 摘要；其余重建）","Keil 生成物，不进入新工程源码；本清单记录原始文件哈希。","False","1346624","85C913068C59E677115C3E19B874BEF6A37102665B8DF434E56416B7EF51AA39","2026-07-13T09:27:29.1751398Z"
"BUILD/mbed_rtc_time.crf","File","吸收","Migration/Baseline/Evidence/build（只保留日志、map、axf 摘要；其余重建）","Keil 生成物，不进入新工程源码；本清单记录原始文件哈希。","False","1100740","5A5B20383E0118CD6D4BFCBA200AD4A72B83094A5BA11855A27EB4112643450B","2026-07-13T09:27:28.8575114Z"
"BUILD/mbed_rtc_time.d","File","吸收","Migration/Baseline/Evidence/build（只保留日志、map、axf 摘要；其余重建）","Keil 生成物，不进入新工程源码；本清单记录原始文件哈希。","False","8769","1E5661D22671F427AF28E8B32859D492FC1044B28B035BE08585B070BB9CA5BB","2026-07-13T09:27:28.8605107Z"
"BUILD/mbed_rtc_time.o","File","吸收","Migration/Baseline/Evidence/build（只保留日志、map、axf 摘要；其余重建）","Keil 生成物，不进入新工程源码；本清单记录原始文件哈希。","False","1221320","E7A01614AFB21B6317778A601243082ADB9CD36FE2F13E91F2B8D7D7F979C663","2026-07-13T09:27:28.9771787Z"
"BUILD/mbed_sdk_boot.crf","File","吸收","Migration/Baseline/Evidence/build（只保留日志、map、axf 摘要；其余重建）","Keil 生成物，不进入新工程源码；本清单记录原始文件哈希。","False","1085480","8DEB60DB833ECFAD3FF6ABBCB839F7ACB78756B6D61757718276A1182EB8B2E4","2026-07-13T09:27:28.6461811Z"
"BUILD/mbed_sdk_boot.d","File","吸收","Migration/Baseline/Evidence/build（只保留日志、map、axf 摘要；其余重建）","Keil 生成物，不进入新工程源码；本清单记录原始文件哈希。","False","7711","84661BB1B468007CE30A86760F94C36EB7DDE841F9DF6E65C399B8EFDC2B8166","2026-07-13T09:27:28.6501829Z"
"BUILD/mbed_sdk_boot.o","File","吸收","Migration/Baseline/Evidence/build（只保留日志、map、axf 摘要；其余重建）","Keil 生成物，不进入新工程源码；本清单记录原始文件哈希。","False","1182668","BE5E82992FE49FBEE4B8C92CA43400E3FBBD90F5739FAF8A3CF2941B19B068B8","2026-07-13T09:27:28.9566536Z"
"BUILD/mbed_semihost_api.crf","File","吸收","Migration/Baseline/Evidence/build（只保留日志、map、axf 摘要；其余重建）","Keil 生成物，不进入新工程源码；本清单记录原始文件哈希。","False","1095861","5E22F2CCE83A689F7A8F1EAD82235ACCFAA6A395291719E00BECD46199F810D5","2026-07-13T09:27:28.8635112Z"
"BUILD/mbed_semihost_api.d","File","吸收","Migration/Baseline/Evidence/build（只保留日志、map、axf 摘要；其余重建）","Keil 生成物，不进入新工程源码；本清单记录原始文件哈希。","False","8914","B3FB2964F41D9E730195D17B63FB86920F6CD662616706BBA649136C2520B71A","2026-07-13T09:27:28.8655110Z"
"BUILD/mbed_semihost_api.o","File","吸收","Migration/Baseline/Evidence/build（只保留日志、map、axf 摘要；其余重建）","Keil 生成物，不进入新工程源码；本清单记录原始文件哈希。","False","1194716","D1C8EA1B3A746173A19288153293C52B4A83B3C486AE9AA8646B8F8F7D1652B8","2026-07-13T09:27:28.9606546Z"
"BUILD/mbed_sleep_manager.crf","File","吸收","Migration/Baseline/Evidence/build（只保留日志、map、axf 摘要；其余重建）","Keil 生成物，不进入新工程源码；本清单记录原始文件哈希。","False","1098118","4042F20521BFD90B774183A5E320E125FD773CE66AFE3E9DE787463C6633AE1B","2026-07-13T09:27:28.7311763Z"
"BUILD/mbed_sleep_manager.d","File","吸收","Migration/Baseline/Evidence/build（只保留日志、map、axf 摘要；其余重建）","Keil 生成物，不进入新工程源码；本清单记录原始文件哈希。","False","9177","C0A76F3605091A52D8CB519B02BCAA0414C1213CAE5A33A3ED309E213149CA12","2026-07-13T09:27:28.7331759Z"
"BUILD/mbed_sleep_manager.o","File","吸收","Migration/Baseline/Evidence/build（只保留日志、map、axf 摘要；其余重建）","Keil 生成物，不进入新工程源码；本清单记录原始文件哈希。","False","1207060","6BE197C24ADDA70D5971EDCD2E1669D48315A3872587132913E3A05973ACC48E","2026-07-13T09:27:28.9556549Z"
"BUILD/mbed_stats.crf","File","吸收","Migration/Baseline/Evidence/build（只保留日志、map、axf 摘要；其余重建）","Keil 生成物，不进入新工程源码；本清单记录原始文件哈希。","False","12013","6BD5EF1554BCDC2B9A3154D2F5D8E67CB513275E8CD85E6FF103EC5B63D50691","2026-07-13T09:27:25.2617233Z"
"BUILD/mbed_stats.d","File","吸收","Migration/Baseline/Evidence/build（只保留日志、map、axf 摘要；其余重建）","Keil 生成物，不进入新工程源码；本清单记录原始文件哈希。","False","261","060B4F4C7B2BCA8807E6213A35979DFB076D97FA219FB7B7FBFC1890D38D30C0","2026-07-13T09:27:25.2627226Z"
"BUILD/mbed_stats.o","File","吸收","Migration/Baseline/Evidence/build（只保留日志、map、axf 摘要；其余重建）","Keil 生成物，不进入新工程源码；本清单记录原始文件哈希。","False","24488","EBA24D086824C7A20D20F59319AB41F4D75B24F2A50C9E65FDCF32716EDAE2D3","2026-07-13T09:27:25.2647225Z"
"BUILD/mbed_ticker_api.crf","File","吸收","Migration/Baseline/Evidence/build（只保留日志、map、axf 摘要；其余重建）","Keil 生成物，不进入新工程源码；本清单记录原始文件哈希。","False","1099101","AD7C0F76CD4C2669F21670BF8F8BBA5FB5ED1EB7D8215DF8FBD2AEFC2949E00E","2026-07-13T09:27:28.8497724Z"
"BUILD/mbed_ticker_api.d","File","吸收","Migration/Baseline/Evidence/build（只保留日志、map、axf 摘要；其余重建）","Keil 生成物，不进入新工程源码；本清单记录原始文件哈希。","False","8712","230ECD4F0C67790F73A14A44CF8FE1FAD6280382754D5207294A85C957265680","2026-07-13T09:27:28.8513540Z"
"BUILD/mbed_ticker_api.o","File","吸收","Migration/Baseline/Evidence/build（只保留日志、map、axf 摘要；其余重建）","Keil 生成物，不进入新工程源码；本清单记录原始文件哈希。","False","1214736","8D6B1849F4CCD1F68F223551E415D92BE522B43A819DA7712EF141E0CBAB189C","2026-07-13T09:27:28.9771787Z"
"BUILD/mbed_us_ticker_api.crf","File","吸收","Migration/Baseline/Evidence/build（只保留日志、map、axf 摘要；其余重建）","Keil 生成物，不进入新工程源码；本清单记录原始文件哈希。","False","1094685","19AC7A43519D330E70CD68F043DB8C6D4D875BD0E179B3076C8B7FE54E8F5ED9","2026-07-13T09:27:28.7812783Z"
"BUILD/mbed_us_ticker_api.d","File","吸收","Migration/Baseline/Evidence/build（只保留日志、map、axf 摘要；其余重建）","Keil 生成物，不进入新工程源码；本清单记录原始文件哈希。","False","8983","433458C7E5E6217C4E1BB5AC544FB4A13F335091410ECA00BDBF0664243E5ADC","2026-07-13T09:27:28.7832771Z"
"BUILD/mbed_us_ticker_api.o","File","吸收","Migration/Baseline/Evidence/build（只保留日志、map、axf 摘要；其余重建）","Keil 生成物，不进入新工程源码；本清单记录原始文件哈希。","False","1196932","5F26CBDCBC2E5490D040E578308E256F743455BBDF56041053D2C361346ECB79","2026-07-13T09:27:28.9546543Z"
"BUILD/mbed_wait_api_no_rtos.crf","File","吸收","Migration/Baseline/Evidence/build（只保留日志、map、axf 摘要；其余重建）","Keil 生成物，不进入新工程源码；本清单记录原始文件哈希。","False","1095056","12EB016618749892A4FA80F298243AEE633F47C784D34A46750E4A76D47F4C59","2026-07-13T09:27:28.8625115Z"
"BUILD/mbed_wait_api_no_rtos.d","File","吸收","Migration/Baseline/Evidence/build（只保留日志、map、axf 摘要；其余重建）","Keil 生成物，不进入新工程源码；本清单记录原始文件哈希。","False","9332","C14AA5C9B6C39A601A9B01D2B81145BA17FC11B5E349D4374E90068DC970266B","2026-07-13T09:27:28.8635112Z"
"BUILD/mbed_wait_api_no_rtos.o","File","吸收","Migration/Baseline/Evidence/build（只保留日志、map、axf 摘要；其余重建）","Keil 生成物，不进入新工程源码；本清单记录原始文件哈希。","False","1198584","1F04586B68BA45C959D523F30CF4689A7560AFC4F82203081AB4C6E3E80F1517","2026-07-13T09:27:28.9596583Z"
"BUILD/mbed_wait_api_rtos.crf","File","吸收","Migration/Baseline/Evidence/build（只保留日志、map、axf 摘要；其余重建）","Keil 生成物，不进入新工程源码；本清单记录原始文件哈希。","False","578","96B24213F766D40DE06C6AADB9DC06CE060DE2B86DEAE38BAF9D9460FA5E9C90","2026-07-13T09:27:25.2997257Z"
"BUILD/mbed_wait_api_rtos.d","File","吸收","Migration/Baseline/Evidence/build（只保留日志、map、axf 摘要；其余重建）","Keil 生成物，不进入新工程源码；本清单记录原始文件哈希。","False","117","670EA9A657D9179575C43EF4B41DF6D5F432E7E1B99EF7887D59BFF9DB374DD8","2026-07-13T09:27:25.2997257Z"
"BUILD/mbed_wait_api_rtos.o","File","吸收","Migration/Baseline/Evidence/build（只保留日志、map、axf 摘要；其余重建）","Keil 生成物，不进入新工程源码；本清单记录原始文件哈希。","False","12036","E3031B4B5677034C46E8066FF47224AA69E23F991BEF5C7EC48624F9AF28C055","2026-07-13T09:27:25.3017256Z"
"BUILD/peripheralpins.crf","File","吸收","Migration/Baseline/Evidence/build（只保留日志、map、axf 摘要；其余重建）","Keil 生成物，不进入新工程源码；本清单记录原始文件哈希。","False","1097672","CA90EDEB3AD4045E3511D64C675FB536313D3ED0D7051C3129D4E1648074AE12","2026-07-13T09:27:28.8875087Z"
"BUILD/peripheralpins.d","File","吸收","Migration/Baseline/Evidence/build（只保留日志、map、axf 摘要；其余重建）","Keil 生成物，不进入新工程源码；本清单记录原始文件哈希。","False","8172","37B1CDF03C020B39FC421CD30F75FD3E12AFC2414E772C56050BD6FF0F4135F6","2026-07-13T09:27:28.8895097Z"
"BUILD/peripheralpins.o","File","吸收","Migration/Baseline/Evidence/build（只保留日志、map、axf 摘要；其余重建）","Keil 生成物，不进入新工程源码；本清单记录原始文件哈希。","False","1182100","87FB6541237E4AC1C5258342C7FFE2654F953E462327A1A9E0BF7C810A8461E6","2026-07-13T09:27:29.0071960Z"
"BUILD/pinmap.crf","File","吸收","Migration/Baseline/Evidence/build（只保留日志、map、axf 摘要；其余重建）","Keil 生成物，不进入新工程源码；本清单记录原始文件哈希。","False","1092351","C59024C5544CDB72B2EA38BE4A0F4C0B5B5F4760BE573302D2330B48FC1E5225","2026-07-13T09:27:28.8539773Z"
"BUILD/pinmap.d","File","吸收","Migration/Baseline/Evidence/build（只保留日志、map、axf 摘要；其余重建）","Keil 生成物，不进入新工程源码；本清单记录原始文件哈希。","False","7545","2FB07867893F63C836B6412C2A8ADBB8CCEB6FEEE29E1FF6772CDDD5BBACF601","2026-07-13T09:27:28.8545056Z"
"BUILD/pinmap.o","File","吸收","Migration/Baseline/Evidence/build（只保留日志、map、axf 摘要；其余重建）","Keil 生成物，不进入新工程源码；本清单记录原始文件哈希。","False","1197672","D5690B94E445DC6A76BC80873DFC7D28490F81537635D875C0775AC3C5D020E7","2026-07-13T09:27:28.9756336Z"
"BUILD/port_api.crf","File","吸收","Migration/Baseline/Evidence/build（只保留日志、map、axf 摘要；其余重建）","Keil 生成物，不进入新工程源码；本清单记录原始文件哈希。","False","1096141","5B708D02DA2585E5986191DF46B55CFFC6EA4C6C8115E1500C9717597845DFC6","2026-07-13T09:27:28.8161842Z"
"BUILD/port_api.d","File","吸收","Migration/Baseline/Evidence/build（只保留日志、map、axf 摘要；其余重建）","Keil 生成物，不进入新工程源码；本清单记录原始文件哈希。","False","8166","9C6768E5F149DF8EC1335AAC355F269B0EC1BF6C5C9304663805FC8FB5C6B142","2026-07-13T09:27:28.8171845Z"
"BUILD/port_api.o","File","吸收","Migration/Baseline/Evidence/build（只保留日志、map、axf 摘要；其余重建）","Keil 生成物，不进入新工程源码；本清单记录原始文件哈希。","False","1202580","FFFD5B7E29F06FE8113E346A429E5A0B14366C92DC9986CA8D03F1DECAB8A3DC","2026-07-13T09:27:28.9526549Z"
"BUILD/positionsensor.crf","File","吸收","Migration/Baseline/Evidence/build（只保留日志、map、axf 摘要；其余重建）","Keil 生成物，不进入新工程源码；本清单记录原始文件哈希。","False","1571483","091B899EC451601F13AC49E30B3C21D1259F67794114FA8EED995868033AD2C1","2026-07-13T09:27:48.1958125Z"
"BUILD/positionsensor.d","File","吸收","Migration/Baseline/Evidence/build（只保留日志、map、axf 摘要；其余重建）","Keil 生成物，不进入新工程源码；本清单记录原始文件哈希。","False","13220","1821B5A4BCD4C2BE5AB755511D549970497D1FE50D7EFECE5A7AA6B5BAE373D2","2026-07-13T09:27:48.2207052Z"
"BUILD/positionsensor.o","File","吸收","Migration/Baseline/Evidence/build（只保留日志、map、axf 摘要；其余重建）","Keil 生成物，不进入新工程源码；本清单记录原始文件哈希。","False","1767096","B19B072269BD6EE7B4CF24BA0649902B43AD84E9FBFA935E9C2423FBEEEAA8B0","2026-07-13T09:27:48.5199562Z"
"BUILD/prefrencewriter.crf","File","吸收","Migration/Baseline/Evidence/build（只保留日志、map、axf 摘要；其余重建）","Keil 生成物，不进入新工程源码；本清单记录原始文件哈希。","False","1313468","06E88E21F2EA34D032E41C9B5D6B0076BFA1F1E85AD6E2735981BF86F4C68F59","2026-08-06T02:57:26.9247153Z"
"BUILD/prefrencewriter.d","File","吸收","Migration/Baseline/Evidence/build（只保留日志、map、axf 摘要；其余重建）","Keil 生成物，不进入新工程源码；本清单记录原始文件哈希。","False","13436","122BF3B7B522702EF8062D3F34F8BC82AED2F883F7C03D5CC2DD12F95D5F8E88","2026-08-06T02:57:26.9282829Z"
"BUILD/prefrencewriter.o","File","吸收","Migration/Baseline/Evidence/build（只保留日志、map、axf 摘要；其余重建）","Keil 生成物，不进入新工程源码；本清单记录原始文件哈希。","False","1398708","A356B07961DD1DE2B7A68807BC047F09F1A1E7039BD2B9334DE368907D15256B","2026-08-06T02:57:28.5038158Z"
"BUILD/pwmout_api.crf","File","吸收","Migration/Baseline/Evidence/build（只保留日志、map、axf 摘要；其余重建）","Keil 生成物，不进入新工程源码；本清单记录原始文件哈希。","False","1099814","245150C7A3211BF55E32FAEE5274F1CC276246FE65D03A9E52886642495FB075","2026-07-13T09:27:28.8031882Z"
"BUILD/pwmout_api.d","File","吸收","Migration/Baseline/Evidence/build（只保留日志、map、axf 摘要；其余重建）","Keil 生成物，不进入新工程源码；本清单记录原始文件哈希。","False","8459","B86D4AB36E650D12FE05900291238EEABED0A549D113D71E74B450B7FFF8E557","2026-07-13T09:27:28.8051863Z"
"BUILD/pwmout_api.o","File","吸收","Migration/Baseline/Evidence/build（只保留日志、map、axf 摘要；其余重建）","Keil 生成物，不进入新工程源码；本清单记录原始文件哈希。","False","1215856","00F5F8FF45CE15D9B32302835C422001B83CA10E01622D03D6594C6F0A6BE1C3","2026-07-13T09:27:28.9546543Z"
"BUILD/pwmout_device.crf","File","吸收","Migration/Baseline/Evidence/build（只保留日志、map、axf 摘要；其余重建）","Keil 生成物，不进入新工程源码；本清单记录原始文件哈希。","False","1093664","797B4AFF7833318881BE3A73D8FEA32AF0C13EDA1B4C5FAF88E3809970A58E83","2026-07-13T09:27:28.8330673Z"
"BUILD/pwmout_device.d","File","吸收","Migration/Baseline/Evidence/build（只保留日志、map、axf 摘要；其余重建）","Keil 生成物，不进入新工程源码；本清单记录原始文件哈希。","False","8583","6744A1AA401B35670621A7AF6B3CC828C05196EC4C51D0DB3A5420CC6B35A70E","2026-07-13T09:27:28.8350715Z"
"BUILD/pwmout_device.o","File","吸收","Migration/Baseline/Evidence/build（只保留日志、map、axf 摘要；其余重建）","Keil 生成物，不进入新工程源码；本清单记录原始文件哈希。","False","1192524","F1010C6362A69D3507735A76114630C595A1CEAACC3B0E023AAEEEF4BD5AD1F8","2026-07-13T09:27:28.9516572Z"
"BUILD/rawserial.crf","File","吸收","Migration/Baseline/Evidence/build（只保留日志、map、axf 摘要；其余重建）","Keil 生成物，不进入新工程源码；本清单记录原始文件哈希。","False","1203990","1C63DDB1D4C6A207A088E2872CC1D866D1E0FC57D0AAB15C75DBDB2E880CACAC","2026-07-13T09:27:28.9841757Z"
"BUILD/rawserial.d","File","吸收","Migration/Baseline/Evidence/build（只保留日志、map、axf 摘要；其余重建）","Keil 生成物，不进入新工程源码；本清单记录原始文件哈希。","False","8676","020E26738FC8E028786681163193A74B092BC091CB463F5E0086051AB29E50D7","2026-07-13T09:27:28.9871785Z"
"BUILD/rawserial.o","File","吸收","Migration/Baseline/Evidence/build（只保留日志、map、axf 摘要；其余重建）","Keil 生成物，不进入新工程源码；本清单记录原始文件哈希。","False","1250964","47AC0E934EF1B2914BBD0C7A99C650C0921BD636CF534EBBB2F4001799FC719F","2026-07-13T09:27:29.0820957Z"
"BUILD/rtc_api.crf","File","吸收","Migration/Baseline/Evidence/build（只保留日志、map、axf 摘要；其余重建）","Keil 生成物，不进入新工程源码；本清单记录原始文件哈希。","False","1097606","DA575BCE10E88F486BCB6BEAD768C54B6C6A1714E606CF007D76CD1CEF4269E1","2026-07-13T09:27:28.8382787Z"
"BUILD/rtc_api.d","File","吸收","Migration/Baseline/Evidence/build（只保留日志、map、axf 摘要；其余重建）","Keil 生成物，不进入新工程源码；本清单记录原始文件哈希。","False","8099","BB9807A806EEFE2267DBAED348F135D0C7D3292A3156AB4C4A134B302A607A04","2026-07-13T09:27:28.8412770Z"
"BUILD/rtc_api.o","File","吸收","Migration/Baseline/Evidence/build（只保留日志、map、axf 摘要；其余重建）","Keil 生成物，不进入新工程源码；本清单记录原始文件哈希。","False","1216620","BD06E5967D4AFFDED24A2B16D6908428EF28B93711245A350AA7873FC629C451","2026-07-13T09:27:28.9596583Z"
"BUILD/serial_api.crf","File","吸收","Migration/Baseline/Evidence/build（只保留日志、map、axf 摘要；其余重建）","Keil 生成物，不进入新工程源码；本清单记录原始文件哈希。","False","1101042","15C76C636C78124B5E1F7C0C290F6818AB1100910788E75F88EE1EFB7B169A8A","2026-07-13T09:27:33.1498174Z"
"BUILD/serial_api.d","File","吸收","Migration/Baseline/Evidence/build（只保留日志、map、axf 摘要；其余重建）","Keil 生成物，不进入新工程源码；本清单记录原始文件哈希。","False","8536","B432AA052A73A000BC7E22DFCB45AB968BD15C8186048E86601FE85FF9F6C750","2026-07-13T09:27:33.1538169Z"
"BUILD/serial_api.o","File","吸收","Migration/Baseline/Evidence/build（只保留日志、map、axf 摘要；其余重建）","Keil 生成物，不进入新工程源码；本清单记录原始文件哈希。","False","1210388","9A7BA599B1827C4E38B1ACA01A29F1FFEDEA6F8DB159F7B1E81F1E38DD0A4A0B","2026-07-13T09:27:33.4474084Z"
"BUILD/serial_device.crf","File","吸收","Migration/Baseline/Evidence/build（只保留日志、map、axf 摘要；其余重建）","Keil 生成物，不进入新工程源码；本清单记录原始文件哈希。","False","1114173","BEB7B12DE8F728590D0972FF5A23FC60F9AFE5236C4ABF2C83D14D3B32E47B76","2026-07-13T09:27:33.3028730Z"
"BUILD/serial_device.d","File","吸收","Migration/Baseline/Evidence/build（只保留日志、map、axf 摘要；其余重建）","Keil 生成物，不进入新工程源码；本清单记录原始文件哈希。","False","8842","50E9F36563C8FDB226A3DFF5A80659D6C7337BC393DAC3BF248FC72F875741E9","2026-07-13T09:27:33.3038744Z"
"BUILD/serial_device.o","File","吸收","Migration/Baseline/Evidence/build（只保留日志、map、axf 摘要；其余重建）","Keil 生成物，不进入新工程源码；本清单记录原始文件哈希。","False","1262456","A33A87A23356646D69066A4206480E6293FA3D6D2964DEA8BFA0A516E2BF83F7","2026-07-13T09:27:33.4556877Z"
"BUILD/serial.crf","File","吸收","Migration/Baseline/Evidence/build（只保留日志、map、axf 摘要；其余重建）","Keil 生成物，不进入新工程源码；本清单记录原始文件哈希。","False","1210480","19FFD951B5ACE2714066BE84DF2A27740224AA97B600291EF62AAD5B5FF14D40","2026-07-13T09:27:33.4026210Z"
"BUILD/serial.d","File","吸收","Migration/Baseline/Evidence/build（只保留日志、map、axf 摘要；其余重建）","Keil 生成物，不进入新工程源码；本清单记录原始文件哈希。","False","8713","36A975165E63E013DFDFA01CA2314CF02F932B6F3045F31F72CFEAF72B690408","2026-07-13T09:27:33.4056210Z"
"BUILD/serial.o","File","吸收","Migration/Baseline/Evidence/build（只保留日志、map、axf 摘要；其余重建）","Keil 生成物，不进入新工程源码；本清单记录原始文件哈希。","False","1287172","01FD61FBDD2A14553CD85C9904EA2B98743623BC1101635A8136567357A0E497","2026-07-13T09:27:33.5373565Z"
"BUILD/serialbase.crf","File","吸收","Migration/Baseline/Evidence/build（只保留日志、map、axf 摘要；其余重建）","Keil 生成物，不进入新工程源码；本清单记录原始文件哈希。","False","1207820","853D951DEEA2E17B1D4CEF16061B82A73E543D5FE16CC72218E044CD5D802C61","2026-07-13T09:27:33.4066240Z"
"BUILD/serialbase.d","File","吸收","Migration/Baseline/Evidence/build（只保留日志、map、axf 摘要；其余重建）","Keil 生成物，不进入新工程源码；本清单记录原始文件哈希。","False","8885","2E5505C4917C2F240CBD949DA5BF67DFD238666D64F551040C980432E6C0EC8D","2026-07-13T09:27:33.4106211Z"
"BUILD/serialbase.o","File","吸收","Migration/Baseline/Evidence/build（只保留日志、map、axf 摘要；其余重建）","Keil 生成物，不进入新工程源码；本清单记录原始文件哈希。","False","1336544","F6C1FB35652CCF3B3E00FAD8AFAF301A74958BF2E66776BE35B85A0CB502B650","2026-07-13T09:27:33.5563567Z"
"BUILD/sleep.crf","File","吸收","Migration/Baseline/Evidence/build（只保留日志、map、axf 摘要；其余重建）","Keil 生成物，不进入新工程源码；本清单记录原始文件哈希。","False","1142016","A484621058BBB5F17D052646F91F1A6F9645ED76737E3F81B55FFEB5E1612ECE","2026-07-13T09:27:33.3466225Z"
"BUILD/sleep.d","File","吸收","Migration/Baseline/Evidence/build（只保留日志、map、axf 摘要；其余重建）","Keil 生成物，不进入新工程源码；本清单记录原始文件哈希。","False","8183","22A68F3BD271D84026E9DBBB031F395BDE39DC9BCB0E78BBE574542810B3D149","2026-07-13T09:27:33.3486219Z"
"BUILD/sleep.o","File","吸收","Migration/Baseline/Evidence/build（只保留日志、map、axf 摘要；其余重建）","Keil 生成物，不进入新工程源码；本清单记录原始文件哈希。","False","1231516","33BEBEE041F3E11D4916715FFA1FD33375F4475B5E8BA0EA2F94EA427EC66725","2026-07-13T09:27:33.4491668Z"
"BUILD/spi_api.crf","File","吸收","Migration/Baseline/Evidence/build（只保留日志、map、axf 摘要；其余重建）","Keil 生成物，不进入新工程源码；本清单记录原始文件哈希。","False","1110628","628E452C669A1795CB748FB7A143A00B49E2B518209F0412B0D1BB015B606142","2026-07-13T09:27:33.2488117Z"
"BUILD/spi_api.d","File","吸收","Migration/Baseline/Evidence/build（只保留日志、map、axf 摘要；其余重建）","Keil 生成物，不进入新工程源码；本清单记录原始文件哈希。","False","8192","B2735970C269E3943AA4C56476E3FE2827000A5D51D49785B2C52FDFF1F86872","2026-07-13T09:27:33.2498122Z"
"BUILD/spi_api.o","File","吸收","Migration/Baseline/Evidence/build（只保留日志、map、axf 摘要；其余重建）","Keil 生成物，不进入新工程源码；本清单记录原始文件哈希。","False","1207184","A0C675A29D9F9932CB36B93C53CDE4C1113113FAA49CE3C3BC65A4DF68AE8F46","2026-07-13T09:27:33.4556877Z"
"BUILD/spi.crf","File","吸收","Migration/Baseline/Evidence/build（只保留日志、map、axf 摘要；其余重建）","Keil 生成物，不进入新工程源码；本清单记录原始文件哈希。","False","1202995","FA12EE0695645290591B7A94CD7031E33436EBCF4863B08162FD0129477821EE","2026-07-13T09:27:33.3273992Z"
"BUILD/spi.d","File","吸收","Migration/Baseline/Evidence/build（只保留日志、map、axf 摘要；其余重建）","Keil 生成物，不进入新工程源码；本清单记录原始文件哈希。","False","8347","716599D770EA51FAAEB1B18D1DCBD5305781E4AAF8B4B1D8D10F2BDE3161A0C9","2026-07-13T09:27:33.3323998Z"
"BUILD/spi.o","File","吸收","Migration/Baseline/Evidence/build（只保留日志、map、axf 摘要；其余重建）","Keil 生成物，不进入新工程源码；本清单记录原始文件哈希。","False","1345120","BFE201517FB5C69F120FC1805E1CF2933A2BC49CAFB6AAF2BD5E1F3BD111C49C","2026-07-13T09:27:33.4896880Z"
"BUILD/spislave.crf","File","吸收","Migration/Baseline/Evidence/build（只保留日志、map、axf 摘要；其余重建）","Keil 生成物，不进入新工程源码；本清单记录原始文件哈希。","False","1115414","0374513816054233DA397E63549C18B29371C5C7A53EA467B62EB156C3F5E283","2026-07-13T09:27:33.2318125Z"
"BUILD/spislave.d","File","吸收","Migration/Baseline/Evidence/build（只保留日志、map、axf 摘要；其余重建）","Keil 生成物，不进入新工程源码；本清单记录原始文件哈希。","False","8366","25275F0613A89E5300AE3C193BF322A7BAD750334133D4752EA76CF7779DA07F","2026-07-13T09:27:33.2348147Z"
"BUILD/spislave.o","File","吸收","Migration/Baseline/Evidence/build（只保留日志、map、axf 摘要；其余重建）","Keil 生成物，不进入新工程源码；本清单记录原始文件哈希。","False","1226440","CFFB2E6803DBA069EED062283653BBA9DA91178529586073FA3248D93F5A0040","2026-07-13T09:27:33.4491668Z"
"BUILD/startup_stm32f446xx.d","File","吸收","Migration/Baseline/Evidence/build（只保留日志、map、axf 摘要；其余重建）","Keil 生成物，不进入新工程源码；本清单记录原始文件哈希。","False","141","A5CE553BE095DEECEC86C7A100CB318CEE6DB7C2A9FF1AFA97F223DF849FC16C","2026-07-13T09:27:29.1891463Z"
"BUILD/startup_stm32f446xx.lst","File","吸收","Migration/Baseline/Evidence/build（只保留日志、map、axf 摘要；其余重建）","Keil 生成物，不进入新工程源码；本清单记录原始文件哈希。","False","101495","6F2CE5F8A2BD802B916AF715C309EC73CBF29C8617C1C43361A7C6555EF97367","2026-07-13T09:27:29.1966540Z"
"BUILD/startup_stm32f446xx.o","File","吸收","Migration/Baseline/Evidence/build（只保留日志、map、axf 摘要；其余重建）","Keil 生成物，不进入新工程源码；本清单记录原始文件哈希。","False","8124","9780B4A3FB922CE816BB9A594BFB0905FB143D8AE8A51A74170DC38EFCADFF73","2026-07-13T09:27:29.1926538Z"
"BUILD/stm_spi_api.crf","File","吸收","Migration/Baseline/Evidence/build（只保留日志、map、axf 摘要；其余重建）","Keil 生成物，不进入新工程源码；本清单记录原始文件哈希。","False","1137235","E6658D258CE1DBD55CCED8BBEB12CC8280416FD5D19C7E6CB390A11E76CC6902","2026-07-13T09:27:47.3458782Z"
"BUILD/stm_spi_api.d","File","吸收","Migration/Baseline/Evidence/build（只保留日志、map、axf 摘要；其余重建）","Keil 生成物，不进入新工程源码；本清单记录原始文件哈希。","False","8734","15417411F40950013343147CDA64C40099B1A70ECD923FC31CF82855B1A256FA","2026-07-13T09:27:47.3478701Z"
"BUILD/stm_spi_api.o","File","吸收","Migration/Baseline/Evidence/build（只保留日志、map、axf 摘要；其余重建）","Keil 生成物，不进入新工程源码；本清单记录原始文件哈希。","False","1259540","FB15B9B0CE081296B6010D64458980EABE4698F77DE88633F5026E3D865C2CE3","2026-07-13T09:27:47.4717828Z"
"BUILD/stm32f4xx_flash.crf","File","吸收","Migration/Baseline/Evidence/build（只保留日志、map、axf 摘要；其余重建）","Keil 生成物，不进入新工程源码；本清单记录原始文件哈希。","False","1093497","29198AA078D755D2913ADDAB8843836D9936266F3C40D9FD3EDD9BB8E97DCB81","2026-07-13T09:27:19.8594458Z"
"BUILD/stm32f4xx_flash.d","File","吸收","Migration/Baseline/Evidence/build（只保留日志、map、axf 摘要；其余重建）","Keil 生成物，不进入新工程源码；本清单记录原始文件哈希。","False","7583","A1CBFFF8A3532314A9D83FE0E345D8E8F8458B616547E89D9BDB61B1558D7E13","2026-07-13T09:27:19.8634493Z"
"BUILD/stm32f4xx_flash.o","File","吸收","Migration/Baseline/Evidence/build（只保留日志、map、axf 摘要；其余重建）","Keil 生成物，不进入新工程源码；本清单记录原始文件哈希。","False","1232700","F9EBC6FCB1C9B3F1427CFCF186A0E14694588E067B655AF01148A578F00A406A","2026-07-13T09:27:20.7267486Z"
"BUILD/stm32f4xx_hal_adc_ex.crf","File","吸收","Migration/Baseline/Evidence/build（只保留日志、map、axf 摘要；其余重建）","Keil 生成物，不进入新工程源码；本清单记录原始文件哈希。","False","1086146","5806C8E86ED8433192E227AA496857B664748C35FE0DE0833589DE393825AE79","2026-07-13T09:27:33.1618151Z"
"BUILD/stm32f4xx_hal_adc_ex.d","File","吸收","Migration/Baseline/Evidence/build（只保留日志、map、axf 摘要；其余重建）","Keil 生成物，不进入新工程源码；本清单记录原始文件哈希。","False","7938","CFB57F6F60557A4329DE430EAFEFC79CA9A2F62DAA797F12DC692CEA89D25621","2026-07-13T09:27:33.1658135Z"
"BUILD/stm32f4xx_hal_adc_ex.o","File","吸收","Migration/Baseline/Evidence/build（只保留日志、map、axf 摘要；其余重建）","Keil 生成物，不进入新工程源码；本清单记录原始文件哈希。","False","1194728","D9755FCAB790A9F9F5BF20CD1E93558615F1B39B23541D0E14B512223848CE26","2026-07-13T09:27:33.4536885Z"
"BUILD/stm32f4xx_hal_adc.crf","File","吸收","Migration/Baseline/Evidence/build（只保留日志、map、axf 摘要；其余重建）","Keil 生成物，不进入新工程源码；本清单记录原始文件哈希。","False","1089545","0E27026C0B91F942B7C091E7A354471099D1F23B9682B9DB802C530C36807B03","2026-07-13T09:27:33.2728742Z"
"BUILD/stm32f4xx_hal_adc.d","File","吸收","Migration/Baseline/Evidence/build（只保留日志、map、axf 摘要；其余重建）","Keil 生成物，不进入新工程源码；本清单记录原始文件哈希。","False","7704","D21928363DE250F4F00A308567A96421D05A90ED9361E6F4ED6D5E689C562FCF","2026-07-13T09:27:33.2748794Z"
"BUILD/stm32f4xx_hal_adc.o","File","吸收","Migration/Baseline/Evidence/build（只保留日志、map、axf 摘要；其余重建）","Keil 生成物，不进入新工程源码；本清单记录原始文件哈希。","False","1211464","AA7549AA81AC13FDDC71081B20DBDB44816EDC9ACF4F1F9EFEC87F9BABFC776B","2026-07-13T09:27:33.4566875Z"
"BUILD/stm32f4xx_hal_can.crf","File","吸收","Migration/Baseline/Evidence/build（只保留日志、map、axf 摘要；其余重建）","Keil 生成物，不进入新工程源码；本清单记录原始文件哈希。","False","1093455","F1A75DD41E8D24C2FBF6D72023B5C0EFE500E1A77BED5D9B1E34F6F08CA0B514","2026-07-13T09:27:33.2458115Z"
"BUILD/stm32f4xx_hal_can.d","File","吸收","Migration/Baseline/Evidence/build（只保留日志、map、axf 摘要；其余重建）","Keil 生成物，不进入新工程源码；本清单记录原始文件哈希。","False","7704","862F32EA7693F262CA20D5224AD15BF99B984E09895C045078FEEA5A51DDE1FE","2026-07-13T09:27:33.2468117Z"
"BUILD/stm32f4xx_hal_can.o","File","吸收","Migration/Baseline/Evidence/build（只保留日志、map、axf 摘要；其余重建）","Keil 生成物，不进入新工程源码；本清单记录原始文件哈希。","False","1202612","02E7536F57A3405D6551180DAFFCD9B721A9D3B1FDCE429E17A110C060FB9A4B","2026-07-13T09:27:33.4516805Z"
"BUILD/stm32f4xx_hal_cec.crf","File","吸收","Migration/Baseline/Evidence/build（只保留日志、map、axf 摘要；其余重建）","Keil 生成物，不进入新工程源码；本清单记录原始文件哈希。","False","1082394","9531B7488F7884AB022002B21B7E9ADA11DAF1EA5829F67B72A3CB18D815B916","2026-07-13T09:27:33.1028155Z"
"BUILD/stm32f4xx_hal_cec.d","File","吸收","Migration/Baseline/Evidence/build（只保留日志、map、axf 摘要；其余重建）","Keil 生成物，不进入新工程源码；本清单记录原始文件哈希。","False","7704","38DFAB52450C588F8C7E291F47D455203C2429D0A3B88AEAA118CA9503D26343","2026-07-13T09:27:33.1058169Z"
"BUILD/stm32f4xx_hal_cec.o","File","吸收","Migration/Baseline/Evidence/build（只保留日志、map、axf 摘要；其余重建）","Keil 生成物，不进入新工程源码；本清单记录原始文件哈希。","False","1188812","0483D6F94E93C45106783C112A4A0A57773B8AE904DE1C82386FC3A8A793B380","2026-07-13T09:27:33.4463998Z"
"BUILD/stm32f4xx_hal_cortex.crf","File","吸收","Migration/Baseline/Evidence/build（只保留日志、map、axf 摘要；其余重建）","Keil 生成物，不进入新工程源码；本清单记录原始文件哈希。","False","1080086","52D59B7793211091966534F59BEB51527178EB82C45B334339E537D91E695BCE","2026-07-13T09:27:33.2728742Z"
"BUILD/stm32f4xx_hal_cortex.d","File","吸收","Migration/Baseline/Evidence/build（只保留日志、map、axf 摘要；其余重建）","Keil 生成物，不进入新工程源码；本清单记录原始文件哈希。","False","7938","0686C2955CF9B25A27E4B48ED89F17434186A0BB773555F5BD9D64FE93BD5911","2026-07-13T09:27:33.2758761Z"
"BUILD/stm32f4xx_hal_cortex.o","File","吸收","Migration/Baseline/Evidence/build（只保留日志、map、axf 摘要；其余重建）","Keil 生成物，不进入新工程源码；本清单记录原始文件哈希。","False","1199408","652791E375F61FDEB3B547D6A8C0EE4008DD02F6F1042F088E070C21F817823A","2026-07-13T09:27:33.4516805Z"
"BUILD/stm32f4xx_hal_crc.crf","File","吸收","Migration/Baseline/Evidence/build（只保留日志、map、axf 摘要；其余重建）","Keil 生成物，不进入新工程源码；本清单记录原始文件哈希。","False","1079310","AE21177B3BD2E4708C4D34FD652012AE82784CAF52A40A0944429E4960825A0E","2026-07-13T09:27:33.0788072Z"
"BUILD/stm32f4xx_hal_crc.d","File","吸收","Migration/Baseline/Evidence/build（只保留日志、map、axf 摘要；其余重建）","Keil 生成物，不进入新工程源码；本清单记录原始文件哈希。","False","7704","38D7433D772EEEFA6F3E8790E733AC061EEE2EDDEDC691A9A392DB5FD7A404B3","2026-07-13T09:27:33.0818161Z"
"BUILD/stm32f4xx_hal_crc.o","File","吸收","Migration/Baseline/Evidence/build（只保留日志、map、axf 摘要；其余重建）","Keil 生成物，不进入新工程源码；本清单记录原始文件哈希。","False","1177424","14F294C316DF66D3B75F84AFFB7275C4C6F0E73994D7DE10B04D8CC8AF42A1E0","2026-07-13T09:27:33.4463998Z"
"BUILD/stm32f4xx_hal_cryp_ex.crf","File","吸收","Migration/Baseline/Evidence/build（只保留日志、map、axf 摘要；其余重建）","Keil 生成物，不进入新工程源码；本清单记录原始文件哈希。","False","1078320","127DA77FEF70EE688060FA95F6264E47BE7CB0FA4F5F1ABEC418299C8806F4B2","2026-07-13T09:27:32.8710407Z"
"BUILD/stm32f4xx_hal_cryp_ex.d","File","吸收","Migration/Baseline/Evidence/build（只保留日志、map、axf 摘要；其余重建）","Keil 生成物，不进入新工程源码；本清单记录原始文件哈希。","False","8016","979781505EE10D838A5CFB96B89C516DF8018484F1E62A9830F6FA99AB48B5EE","2026-07-13T09:27:32.8750406Z"
"BUILD/stm32f4xx_hal_cryp_ex.o","File","吸收","Migration/Baseline/Evidence/build（只保留日志、map、axf 摘要；其余重建）","Keil 生成物，不进入新工程源码；本清单记录原始文件哈希。","False","1165872","DE8474F91BD7C890D4FD8B8A8360B1E9F4BF6A828FC3E8C702ABD1B200965D15","2026-07-13T09:27:33.0370580Z"
"BUILD/stm32f4xx_hal_cryp.crf","File","吸收","Migration/Baseline/Evidence/build（只保留日志、map、axf 摘要；其余重建）","Keil 生成物，不进入新工程源码；本清单记录原始文件哈希。","False","1078317","6FBC7684F172B4FCC47439DBEDBA133D22E29DC71C368E439BEAED07C0F3AE85","2026-07-13T09:27:33.0082231Z"
"BUILD/stm32f4xx_hal_cryp.d","File","吸收","Migration/Baseline/Evidence/build（只保留日志、map、axf 摘要；其余重建）","Keil 生成物，不进入新工程源码；本清单记录原始文件哈希。","False","7782","B55FFBFD1A82CA5117ED9CE98AEC273E6ED4C68126233664447B786B217C6E52","2026-07-13T09:27:33.0112228Z"
"BUILD/stm32f4xx_hal_cryp.o","File","吸收","Migration/Baseline/Evidence/build（只保留日志、map、axf 摘要；其余重建）","Keil 生成物，不进入新工程源码；本清单记录原始文件哈希。","False","1165800","44DE363C0C206C16B6E43DCB8F77DDAD8DCB7330BDAEF2BA8C521C745772A3C9","2026-07-13T09:27:33.1268173Z"
"BUILD/stm32f4xx_hal_dac_ex.crf","File","吸收","Migration/Baseline/Evidence/build（只保留日志、map、axf 摘要；其余重建）","Keil 生成物，不进入新工程源码；本清单记录原始文件哈希。","False","1079917","AB835E28AF08A2B3CC0A0E4AAFDFE76D539A95D02208E522CA20AD8FABEA2F92","2026-07-13T09:27:33.2098134Z"
"BUILD/stm32f4xx_hal_dac_ex.d","File","吸收","Migration/Baseline/Evidence/build（只保留日志、map、axf 摘要；其余重建）","Keil 生成物，不进入新工程源码；本清单记录原始文件哈希。","False","7938","E3FC1F7A2C94FEF5291E0B568CCA18DFDADB7068F6E33E11B0C81DAC17F0A425","2026-07-13T09:27:33.2128143Z"
"BUILD/stm32f4xx_hal_dac_ex.o","File","吸收","Migration/Baseline/Evidence/build（只保留日志、map、axf 摘要；其余重建）","Keil 生成物，不进入新工程源码；本清单记录原始文件哈希。","False","1183852","33B2CD47C341F823C5EBD1ABF6A2CAB8E705C37BE17B186E0261FA48D6EE1D16","2026-07-13T09:27:33.4546885Z"
"BUILD/stm32f4xx_hal_dac.crf","File","吸收","Migration/Baseline/Evidence/build（只保留日志、map、axf 摘要；其余重建）","Keil 生成物，不进入新工程源码；本清单记录原始文件哈希。","False","1082649","3F6692B276ACFF13DA4F5B1DACD568FB71DE505BB771DA288FD600AEEE6131F4","2026-07-13T09:27:33.1118160Z"
"BUILD/stm32f4xx_hal_dac.d","File","吸收","Migration/Baseline/Evidence/build（只保留日志、map、axf 摘要；其余重建）","Keil 生成物，不进入新工程源码；本清单记录原始文件哈希。","False","7704","5E47A41272D62B36351AEB2BF705FD0567F19DA3F5D62BEB603D35B68B0DAA49","2026-07-13T09:27:33.1138141Z"
"BUILD/stm32f4xx_hal_dac.o","File","吸收","Migration/Baseline/Evidence/build（只保留日志、map、axf 摘要；其余重建）","Keil 生成物，不进入新工程源码；本清单记录原始文件哈希。","False","1200236","A5EBB93674A7F650D03DC2A585605489B51D9CEDF5BFE6D7580DF3EDCB145FCA","2026-07-13T09:27:33.4463998Z"
"BUILD/stm32f4xx_hal_dcmi_ex.crf","File","吸收","Migration/Baseline/Evidence/build（只保留日志、map、axf 摘要；其余重建）","Keil 生成物，不进入新工程源码；本清单记录原始文件哈希。","False","1079273","6ECACB82DE2CBB4199EA23CE3F3B6D8689B3E273E5CDEAD461F7B1B7B2CC8615","2026-07-13T09:27:33.3334017Z"
"BUILD/stm32f4xx_hal_dcmi_ex.d","File","吸收","Migration/Baseline/Evidence/build（只保留日志、map、axf 摘要；其余重建）","Keil 生成物，不进入新工程源码；本清单记录原始文件哈希。","False","8016","952DB0440232899CB1E97D1C12DF0A80271B3E8D9FD6C7AA0D7650D294B56614","2026-07-13T09:27:33.3356168Z"
"BUILD/stm32f4xx_hal_dcmi_ex.o","File","吸收","Migration/Baseline/Evidence/build（只保留日志、map、axf 摘要；其余重建）","Keil 生成物，不进入新工程源码；本清单记录原始文件哈希。","False","1168096","941429741E48A50D42F65C802479C048F4B0C9899D3092509239DB43D9DA83AA","2026-07-13T09:27:33.4546885Z"
"BUILD/stm32f4xx_hal_dcmi.crf","File","吸收","Migration/Baseline/Evidence/build（只保留日志、map、axf 摘要；其余重建）","Keil 生成物，不进入新工程源码；本清单记录原始文件哈希。","False","1083901","22316CD97D9CF68FFEE816CCC119CE93554AA51854FE6F8AC2C382528635A72E","2026-07-13T09:27:33.3966205Z"
"BUILD/stm32f4xx_hal_dcmi.d","File","吸收","Migration/Baseline/Evidence/build（只保留日志、map、axf 摘要；其余重建）","Keil 生成物，不进入新工程源码；本清单记录原始文件哈希。","False","7782","456E5AD0912912FDD056D6F71CA54ECD061C6E4C6F1CDBEC38F8C9F472710482","2026-07-13T09:27:33.3986208Z"
"BUILD/stm32f4xx_hal_dcmi.o","File","吸收","Migration/Baseline/Evidence/build（只保留日志、map、axf 摘要；其余重建）","Keil 生成物，不进入新工程源码；本清单记录原始文件哈希。","False","1199472","5D51EF91568A21C7667E1810032273243B9B0F4794E41A02B3FD816B7A0DF5D6","2026-07-13T09:27:33.5246861Z"
"BUILD/stm32f4xx_hal_dfsdm.crf","File","吸收","Migration/Baseline/Evidence/build（只保留日志、map、axf 摘要；其余重建）","Keil 生成物，不进入新工程源码；本清单记录原始文件哈希。","False","1078319","9227A132BB600B6B2B36D2EAA04E71DE01B01D588D51AF24FEAFD70E10478992","2026-07-13T09:27:33.3996230Z"
"BUILD/stm32f4xx_hal_dfsdm.d","File","吸收","Migration/Baseline/Evidence/build（只保留日志、map、axf 摘要；其余重建）","Keil 生成物，不进入新工程源码；本清单记录原始文件哈希。","False","7860","725565DE32E99220C576552BEFA8A7F4308D12B4F6CAA8B402D9B90BD2E394F5","2026-07-13T09:27:33.4006219Z"
"BUILD/stm32f4xx_hal_dfsdm.o","File","吸收","Migration/Baseline/Evidence/build（只保留日志、map、axf 摘要；其余重建）","Keil 生成物，不进入新工程源码；本清单记录原始文件哈希。","False","1165820","6CB1F8EA8935A195703E1C5582FC6E50AA940F171120900AD97BD064D688821F","2026-07-13T09:27:33.5046877Z"
"BUILD/stm32f4xx_hal_dma_ex.crf","File","吸收","Migration/Baseline/Evidence/build（只保留日志、map、axf 摘要；其余重建）","Keil 生成物，不进入新工程源码；本清单记录原始文件哈希。","False","1089480","5C5BDF7CA42AC636B9C03F29828E412968D50018ABDA237DE13B245BCFB1062D","2026-07-13T09:27:37.3293492Z"
"BUILD/stm32f4xx_hal_dma_ex.d","File","吸收","Migration/Baseline/Evidence/build（只保留日志、map、axf 摘要；其余重建）","Keil 生成物，不进入新工程源码；本清单记录原始文件哈希。","False","7938","2285C5B66C7A8F7A61090B1B6325BD6810DD4E60A8A207373B25A2CDE30181F0","2026-07-13T09:27:37.3313567Z"
"BUILD/stm32f4xx_hal_dma_ex.o","File","吸收","Migration/Baseline/Evidence/build（只保留日志、map、axf 摘要；其余重建）","Keil 生成物，不进入新工程源码；本清单记录原始文件哈希。","False","1179920","02A633E0FC2A46927B12507C63B3C6C793409A5446C303641158800BC58A49E0","2026-07-13T09:27:37.4989942Z"
"BUILD/stm32f4xx_hal_dma.crf","File","吸收","Migration/Baseline/Evidence/build（只保留日志、map、axf 摘要；其余重建）","Keil 生成物，不进入新工程源码；本清单记录原始文件哈希。","False","1086870","0641FD28913951683BE49604DAEB50DD6C85E6D7E136AF17CFCAD15CD1BB117B","2026-07-13T09:27:33.4096225Z"
"BUILD/stm32f4xx_hal_dma.d","File","吸收","Migration/Baseline/Evidence/build（只保留日志、map、axf 摘要；其余重建）","Keil 生成物，不进入新工程源码；本清单记录原始文件哈希。","False","7704","2F4275EA6FE905504F493185AB14A4BB059E171FBCB8E62DE71C8F1A159DA089","2026-07-13T09:27:33.4116230Z"
"BUILD/stm32f4xx_hal_dma.o","File","吸收","Migration/Baseline/Evidence/build（只保留日志、map、axf 摘要；其余重建）","Keil 生成物，不进入新工程源码；本清单记录原始文件哈希。","False","1195020","FD207F4CEF954756D018EBBCFB10B4CF99941F4FFBFC1DC53DDF00E654C8D782","2026-07-13T09:27:33.5343558Z"
"BUILD/stm32f4xx_hal_dma2d.crf","File","吸收","Migration/Baseline/Evidence/build（只保留日志、map、axf 摘要；其余重建）","Keil 生成物，不进入新工程源码；本清单记录原始文件哈希。","False","1078319","9221EF2207C872347D1EA85BD1D4CBE7B4F52B1E01244AFE6E7161E3978587B6","2026-07-13T09:27:37.1296031Z"
"BUILD/stm32f4xx_hal_dma2d.d","File","吸收","Migration/Baseline/Evidence/build（只保留日志、map、axf 摘要；其余重建）","Keil 生成物，不进入新工程源码；本清单记录原始文件哈希。","False","7860","FD6E335D29756BCA36F6E4A38699E673410F9B1A6E456D3E99C6037C561139C3","2026-07-13T09:27:37.1336008Z"
"BUILD/stm32f4xx_hal_dma2d.o","File","吸收","Migration/Baseline/Evidence/build（只保留日志、map、axf 摘要；其余重建）","Keil 生成物，不进入新工程源码；本清单记录原始文件哈希。","False","1165820","6CD47A8AB4DDB0264B833708612C9FBB76230F3857408F65EB8F2DEB74373F75","2026-07-13T09:27:37.4719937Z"
"BUILD/stm32f4xx_hal_dsi.crf","File","吸收","Migration/Baseline/Evidence/build（只保留日志、map、axf 摘要；其余重建）","Keil 生成物，不进入新工程源码；本清单记录原始文件哈希。","False","1078316","4CA0AC91FEC856C0522B8CA166BC0665B9F8DF0F05D21A2BD6D3D62CA5F2A562","2026-07-13T09:27:37.2736599Z"
"BUILD/stm32f4xx_hal_dsi.d","File","吸收","Migration/Baseline/Evidence/build（只保留日志、map、axf 摘要；其余重建）","Keil 生成物，不进入新工程源码；本清单记录原始文件哈希。","False","7704","9C390DAA8BD08463E53C9B4D9B9ECE47C084B492B2F98D0A1985720E2EB995E9","2026-07-13T09:27:37.2766599Z"
"BUILD/stm32f4xx_hal_dsi.o","File","吸收","Migration/Baseline/Evidence/build（只保留日志、map、axf 摘要；其余重建）","Keil 生成物，不进入新工程源码；本清单记录原始文件哈希。","False","1165768","E974E2D6B089492380C7004949DD9B20CD065E7587DA5CF72F5A23D5DEDD01A5","2026-07-13T09:27:37.4709944Z"
"BUILD/stm32f4xx_hal_eth.crf","File","吸收","Migration/Baseline/Evidence/build（只保留日志、map、axf 摘要；其余重建）","Keil 生成物，不进入新工程源码；本清单记录原始文件哈希。","False","1078316","EF0E366906B5D1FAE3944BB94481C85BAA16F11FEEC6183A4325A5EF66B1B774","2026-07-13T09:27:37.3380371Z"
"BUILD/stm32f4xx_hal_eth.d","File","吸收","Migration/Baseline/Evidence/build（只保留日志、map、axf 摘要；其余重建）","Keil 生成物，不进入新工程源码；本清单记录原始文件哈希。","False","7704","57788864866FD60688DEE88E099A7CECB76C2D93EBAB616412CE1012D7246253","2026-07-13T09:27:37.3400370Z"
"BUILD/stm32f4xx_hal_eth.o","File","吸收","Migration/Baseline/Evidence/build（只保留日志、map、axf 摘要；其余重建）","Keil 生成物，不进入新工程源码；本清单记录原始文件哈希。","False","1165768","0AD3600A8E753C8B81F483D59B8E8ABD586DAFB000F40E2D8F532561A29393D6","2026-07-13T09:27:37.4669930Z"
"BUILD/stm32f4xx_hal_flash_ex.crf","File","吸收","Migration/Baseline/Evidence/build（只保留日志、map、axf 摘要；其余重建）","Keil 生成物，不进入新工程源码；本清单记录原始文件哈希。","False","1084408","AEC5D14A57E1CF2CDA46BD974898620E13C4CCC47554B9A4E3C345570622E92E","2026-07-13T09:27:37.1876040Z"
"BUILD/stm32f4xx_hal_flash_ex.d","File","吸收","Migration/Baseline/Evidence/build（只保留日志、map、axf 摘要；其余重建）","Keil 生成物，不进入新工程源码；本清单记录原始文件哈希。","False","8094","E97851E07114D7163643160F367AF7F0A6523D8C9D6CF85EAB4EAB46E8B60F02","2026-07-13T09:27:37.1916041Z"
"BUILD/stm32f4xx_hal_flash_ex.o","File","吸收","Migration/Baseline/Evidence/build（只保留日志、map、axf 摘要；其余重建）","Keil 生成物，不进入新工程源码；本清单记录原始文件哈希。","False","1201280","CCBE71D4A6A8230D4D4E8A7EEC392B4F0D2FD847573840C69A3C8F62A8FE22B1","2026-07-13T09:27:37.4679963Z"
"BUILD/stm32f4xx_hal_flash_ramfunc.crf","File","吸收","Migration/Baseline/Evidence/build（只保留日志、map、axf 摘要；其余重建）","Keil 生成物，不进入新工程源码；本清单记录原始文件哈希。","False","1079193","92B3A72ED977F83130E43935E12B8E6DFB2613F1760E7AA59929654694472BE0","2026-07-13T09:27:37.2526626Z"
"BUILD/stm32f4xx_hal_flash_ramfunc.d","File","吸收","Migration/Baseline/Evidence/build（只保留日志、map、axf 摘要；其余重建）","Keil 生成物，不进入新工程源码；本清单记录原始文件哈希。","False","8484","55DAF637022A8093E2B45747E38DAFC3391908DE29199C3ED6D64D6554F3C58B","2026-07-13T09:27:37.2546629Z"
"BUILD/stm32f4xx_hal_flash_ramfunc.o","File","吸收","Migration/Baseline/Evidence/build（只保留日志、map、axf 摘要；其余重建）","Keil 生成物，不进入新工程源码；本清单记录原始文件哈希。","False","1173048","AE676F1F34536E519252B72072589E446F5A9A0DF95BAF9225B8D705C9460104","2026-07-13T09:27:37.4709944Z"
"BUILD/stm32f4xx_hal_flash.crf","File","吸收","Migration/Baseline/Evidence/build（只保留日志、map、axf 摘要；其余重建）","Keil 生成物，不进入新工程源码；本清单记录原始文件哈希。","False","1083477","7A71FCA246AC7EC2FFA30C5491DEDB126CD3B56F60CA7BBB1B22321B1D546680","2026-07-13T09:27:37.3699694Z"
"BUILD/stm32f4xx_hal_flash.d","File","吸收","Migration/Baseline/Evidence/build（只保留日志、map、axf 摘要；其余重建）","Keil 生成物，不进入新工程源码；本清单记录原始文件哈希。","False","7860","F183801A382BA0AADA629662802312EB435166CA6F6E18F3566E70D3FC2A30F9","2026-07-13T09:27:37.3719731Z"
"BUILD/stm32f4xx_hal_flash.o","File","吸收","Migration/Baseline/Evidence/build（只保留日志、map、axf 摘要；其余重建）","Keil 生成物，不进入新工程源码；本清单记录原始文件哈希。","False","1194240","BB70E1BD97093C569161321EAE2CCDBFAF778E894FE467ABB4EE68ECD242E5A9","2026-07-13T09:27:37.4999927Z"
"BUILD/stm32f4xx_hal_fmpi2c_ex.crf","File","吸收","Migration/Baseline/Evidence/build（只保留日志、map、axf 摘要；其余重建）","Keil 生成物，不进入新工程源码；本清单记录原始文件哈希。","False","1079523","90A1283FFC0DB8D0807D1C1D590C7033BD480FEC9328C5A23551B44E4E1EC914","2026-07-13T09:27:37.2726608Z"
"BUILD/stm32f4xx_hal_fmpi2c_ex.d","File","吸收","Migration/Baseline/Evidence/build（只保留日志、map、axf 摘要；其余重建）","Keil 生成物，不进入新工程源码；本清单记录原始文件哈希。","False","8172","A0DDA91A2BB9A82E0E8AC699E156DE4CF7AF62E467E5A031BE093F29C8396A4C","2026-07-13T09:27:37.2756599Z"
"BUILD/stm32f4xx_hal_fmpi2c_ex.o","File","吸收","Migration/Baseline/Evidence/build（只保留日志、map、axf 摘要；其余重建）","Keil 生成物，不进入新工程源码；本清单记录原始文件哈希。","False","1173340","54E4599C37020BC76A8FAC619568E2BBC3FE53FF2CEDD953F413F35BA799009B","2026-07-13T09:27:37.4719937Z"
"BUILD/stm32f4xx_hal_fmpi2c.crf","File","吸收","Migration/Baseline/Evidence/build（只保留日志、map、axf 摘要；其余重建）","Keil 生成物，不进入新工程源码；本清单记录原始文件哈希。","False","1121436","74E92C6B66F8F42087B9B15188C77824E5F8B62787539A34E6C4DECFFCF4837E","2026-07-13T09:27:37.3102095Z"
"BUILD/stm32f4xx_hal_fmpi2c.d","File","吸收","Migration/Baseline/Evidence/build（只保留日志、map、axf 摘要；其余重建）","Keil 生成物，不进入新工程源码；本清单记录原始文件哈希。","False","7938","53DCC526B44B7449629105516EC38B78822F38D475334C45E56EB6B332B58C49","2026-07-13T09:27:37.3142158Z"
"BUILD/stm32f4xx_hal_fmpi2c.o","File","吸收","Migration/Baseline/Evidence/build（只保留日志、map、axf 摘要；其余重建）","Keil 生成物，不进入新工程源码；本清单记录原始文件哈希。","False","1307484","DAF296933A2577EB22747FA3B1D1F77E8AAB30D701115DB76F66C2FB1242B93F","2026-07-13T09:27:37.5559934Z"
"BUILD/stm32f4xx_hal_gpio.crf","File","吸收","Migration/Baseline/Evidence/build（只保留日志、map、axf 摘要；其余重建）","Keil 生成物，不进入新工程源码；本清单记录原始文件哈希。","False","1082073","3E46B807DB12762F0E4412BBACBDCFA846D51EEB311AE527824C41ADCB986834","2026-07-13T09:27:37.2842106Z"
"BUILD/stm32f4xx_hal_gpio.d","File","吸收","Migration/Baseline/Evidence/build（只保留日志、map、axf 摘要；其余重建）","Keil 生成物，不进入新工程源码；本清单记录原始文件哈希。","False","7782","B3A960AE487B3B8C19BD4FC372E11BA02A0849434911390975278C31347617B5","2026-07-13T09:27:37.2872102Z"
"BUILD/stm32f4xx_hal_gpio.o","File","吸收","Migration/Baseline/Evidence/build（只保留日志、map、axf 摘要；其余重建）","Keil 生成物，不进入新工程源码；本清单记录原始文件哈希。","False","1180440","82450BCCB0BCE8FBC1A4D0EE0739397407D77B53B13F9F1CEBBDB4425B68219F","2026-07-13T09:27:37.4619921Z"
"BUILD/stm32f4xx_hal_hash_ex.crf","File","吸收","Migration/Baseline/Evidence/build（只保留日志、map、axf 摘要；其余重建）","Keil 生成物，不进入新工程源码；本清单记录原始文件哈希。","False","1078320","2943E37E63A9FCA24CDBB6A9071811B07306DD81B6420D416A11064E16CEA252","2026-07-13T09:27:37.4364384Z"
"BUILD/stm32f4xx_hal_hash_ex.d","File","吸收","Migration/Baseline/Evidence/build（只保留日志、map、axf 摘要；其余重建）","Keil 生成物，不进入新工程源码；本清单记录原始文件哈希。","False","8016","1100CDAA523C1FDBF219C1AF5B7AF55B1BA58D76026DC9809071FB8E78649120","2026-07-13T09:27:37.4384383Z"
"BUILD/stm32f4xx_hal_hash_ex.o","File","吸收","Migration/Baseline/Evidence/build（只保留日志、map、axf 摘要；其余重建）","Keil 生成物，不进入新工程源码；本清单记录原始文件哈希。","False","1165872","01991E2BEE73633CD0944AB3C2C55F3727BB03CAC2DB37C7AB88E85A105E2026","2026-07-13T09:27:37.5539924Z"
"BUILD/stm32f4xx_hal_hash.crf","File","吸收","Migration/Baseline/Evidence/build（只保留日志、map、axf 摘要；其余重建）","Keil 生成物，不进入新工程源码；本清单记录原始文件哈希。","False","1078317","5CC459C114A9D890CED34CD98FA082C00ED49E99733039F0DA8F6EC3A48F2CB8","2026-07-13T09:27:37.3440357Z"
"BUILD/stm32f4xx_hal_hash.d","File","吸收","Migration/Baseline/Evidence/build（只保留日志、map、axf 摘要；其余重建）","Keil 生成物，不进入新工程源码；本清单记录原始文件哈希。","False","7782","F6F655A18AB5F28C361980E97B5F30AC6426E732E07E85F25B638FC666BF0383","2026-07-13T09:27:37.3470412Z"
"BUILD/stm32f4xx_hal_hash.o","File","吸收","Migration/Baseline/Evidence/build（只保留日志、map、axf 摘要；其余重建）","Keil 生成物，不进入新工程源码；本清单记录原始文件哈希。","False","1165800","D5BCDE0284B3F7491E608B0CB3E0F2FF6ACF4AC73052456FC79DC9E29A1D3F78","2026-07-13T09:27:37.4709944Z"
"BUILD/stm32f4xx_hal_hcd.crf","File","吸收","Migration/Baseline/Evidence/build（只保留日志、map、axf 摘要；其余重建）","Keil 生成物，不进入新工程源码；本清单记录原始文件哈希。","False","1090699","AC1FC41F60696C20FE8605816616E085FC6C1F3440E9CE5983A078A83965D119","2026-07-13T09:27:37.3122190Z"
"BUILD/stm32f4xx_hal_hcd.d","File","吸收","Migration/Baseline/Evidence/build（只保留日志、map、axf 摘要；其余重建）","Keil 生成物，不进入新工程源码；本清单记录原始文件哈希。","False","7704","889FCACFF137B3B4482262827071D65208E953398F738E160A1BDD1EBB8ADA0D","2026-07-13T09:27:37.3152168Z"
"BUILD/stm32f4xx_hal_hcd.o","File","吸收","Migration/Baseline/Evidence/build（只保留日志、map、axf 摘要；其余重建）","Keil 生成物，不进入新工程源码；本清单记录原始文件哈希。","False","1213236","C1F74E4578B169F9C223DF4FB94BDAE25250E65F7EED99DA7817A58697B4B463","2026-07-13T09:27:37.4749917Z"
"BUILD/stm32f4xx_hal_i2c_ex.crf","File","吸收","Migration/Baseline/Evidence/build（只保留日志、map、axf 摘要；其余重建）","Keil 生成物，不进入新工程源码；本清单记录原始文件哈希。","False","1078865","0997DD7DBB0B96C73C2C20510C311FA516BE4CCFB5DF0C8BE799FB0726129021","2026-07-13T09:27:37.4429931Z"
"BUILD/stm32f4xx_hal_i2c_ex.d","File","吸收","Migration/Baseline/Evidence/build（只保留日志、map、axf 摘要；其余重建）","Keil 生成物，不进入新工程源码；本清单记录原始文件哈希。","False","7938","3DAD3DAE79D902934A83DFA340B2245B72628EC0903301325E941A0DB5DCC14A","2026-07-13T09:27:37.4449937Z"
"BUILD/stm32f4xx_hal_i2c_ex.o","File","吸收","Migration/Baseline/Evidence/build（只保留日志、map、axf 摘要；其余重建）","Keil 生成物，不进入新工程源码；本清单记录原始文件哈希。","False","1169752","415A356F4237A289AADF608CF169D63356B05AF5DCD03733D520B07327F01961","2026-07-13T09:27:37.5519928Z"
"BUILD/stm32f4xx_hal_i2c.crf","File","吸收","Migration/Baseline/Evidence/build（只保留日志、map、axf 摘要；其余重建）","Keil 生成物，不进入新工程源码；本清单记录原始文件哈希。","False","1128374","1CCE3A9101212D72FE7A58A88D2AFD739C87400CDC7FF657CB0D05D2D32EECCB","2026-07-13T09:27:37.5719926Z"
"BUILD/stm32f4xx_hal_i2c.d","File","吸收","Migration/Baseline/Evidence/build（只保留日志、map、axf 摘要；其余重建）","Keil 生成物，不进入新工程源码；本清单记录原始文件哈希。","False","7704","D6A8BB9EC309A9A26561F2D1DBE34778ACC6FFD55BB9DE82D766E310AD1387DC","2026-07-13T09:27:37.5729928Z"
"BUILD/stm32f4xx_hal_i2c.o","File","吸收","Migration/Baseline/Evidence/build（只保留日志、map、axf 摘要；其余重建）","Keil 生成物，不进入新工程源码；本清单记录原始文件哈希。","False","1313388","B8CFA3F4AF65640CB91702BC64D4493C74D9F91D2D1850320A0549E3FDF7191C","2026-07-13T09:27:37.8131707Z"
"BUILD/stm32f4xx_hal_i2s_ex.crf","File","吸收","Migration/Baseline/Evidence/build（只保留日志、map、axf 摘要；其余重建）","Keil 生成物，不进入新工程源码；本清单记录原始文件哈希。","False","1078319","5B26DBAACC4C807E8FEE8FAC28F5D07BDCF18C8BE58FF519DA3A98EC9FD82E3A","2026-07-13T09:27:37.4344382Z"
"BUILD/stm32f4xx_hal_i2s_ex.d","File","吸收","Migration/Baseline/Evidence/build（只保留日志、map、axf 摘要；其余重建）","Keil 生成物，不进入新工程源码；本清单记录原始文件哈希。","False","7938","3FCE7C716BBE9079205867B307CE72AD2671BFE758FB53C329FF6100206F4AA0","2026-07-13T09:27:37.4354401Z"
"BUILD/stm32f4xx_hal_i2s_ex.o","File","吸收","Migration/Baseline/Evidence/build（只保留日志、map、axf 摘要；其余重建）","Keil 生成物，不进入新工程源码；本清单记录原始文件哈希。","False","1165844","ADA0A2C32F9F38C1B8F45E382B4727BD811A12044D71ECAEDD2A21C7851F12FC","2026-07-13T09:27:37.5529924Z"
"BUILD/stm32f4xx_hal_i2s.crf","File","吸收","Migration/Baseline/Evidence/build（只保留日志、map、axf 摘要；其余重建）","Keil 生成物，不进入新工程源码；本清单记录原始文件哈希。","False","1088336","88B780069782AA5E2601805B83CC6B81302320A426E0A14DC7494CFE04F39F65","2026-07-13T09:27:37.4114342Z"
"BUILD/stm32f4xx_hal_i2s.d","File","吸收","Migration/Baseline/Evidence/build（只保留日志、map、axf 摘要；其余重建）","Keil 生成物，不进入新工程源码；本清单记录原始文件哈希。","False","7704","3413E180A440677C503813BF58F7A9D8E62F9699410AC5A1E2E5C550EB96B8E2","2026-07-13T09:27:37.4124346Z"
"BUILD/stm32f4xx_hal_i2s.o","File","吸收","Migration/Baseline/Evidence/build（只保留日志、map、axf 摘要；其余重建）","Keil 生成物，不进入新工程源码；本清单记录原始文件哈希。","False","1217052","3BDF0AECA00427D34F9AEA979B5B404F28B0D428C32F6F74C971E6C5983F8A55","2026-07-13T09:27:37.5589920Z"
"BUILD/stm32f4xx_hal_irda.crf","File","吸收","Migration/Baseline/Evidence/build（只保留日志、map、axf 摘要；其余重建）","Keil 生成物，不进入新工程源码；本清单记录原始文件哈希。","False","1093121","D3F5171228E0D44622F7A18EEBCCCB3FEBEB4D24F404BE810E385CFE94DB943D","2026-07-13T09:27:37.4719937Z"
"BUILD/stm32f4xx_hal_irda.d","File","吸收","Migration/Baseline/Evidence/build（只保留日志、map、axf 摘要；其余重建）","Keil 生成物，不进入新工程源码；本清单记录原始文件哈希。","False","7782","1B5AF2A94147F76C4C07DD8A14DCBD905B9C9C94D75E7787E9D3818C7939E5FB","2026-07-13T09:27:37.4729937Z"
"BUILD/stm32f4xx_hal_irda.o","File","吸收","Migration/Baseline/Evidence/build（只保留日志、map、axf 摘要；其余重建）","Keil 生成物，不进入新工程源码；本清单记录原始文件哈希。","False","1244640","9F3F5369D73D4A05A9D21BEFF61B9B7615767D145BE7FDEDA8A06055D70F55F1","2026-07-13T09:27:37.6429924Z"
"BUILD/stm32f4xx_hal_iwdg.crf","File","吸收","Migration/Baseline/Evidence/build（只保留日志、map、axf 摘要；其余重建）","Keil 生成物，不进入新工程源码；本清单记录原始文件哈希。","False","1078733","D4CCAA132CFFC26AA86EAE2513FB932FEF414C49B78ED6EFDCDAA8BB150A1576","2026-07-13T09:27:37.3989709Z"
"BUILD/stm32f4xx_hal_iwdg.d","File","吸收","Migration/Baseline/Evidence/build（只保留日志、map、axf 摘要；其余重建）","Keil 生成物，不进入新工程源码；本清单记录原始文件哈希。","False","7782","265F2508E3E7C7B654A8978DDDDCC43399890A59FFF5D5AFD6356608EF3A5202","2026-07-13T09:27:37.3999705Z"
"BUILD/stm32f4xx_hal_iwdg.o","File","吸收","Migration/Baseline/Evidence/build（只保留日志、map、axf 摘要；其余重建）","Keil 生成物，不进入新工程源码；本清单记录原始文件哈希。","False","1169468","2EB602921ED923B1DD38EFFB8475EB5C0A1BAFFC77B5CCE91995260B707A2B16","2026-07-13T09:27:37.4989942Z"
"BUILD/stm32f4xx_hal_lptim.crf","File","吸收","Migration/Baseline/Evidence/build（只保留日志、map、axf 摘要；其余重建）","Keil 生成物，不进入新工程源码；本清单记录原始文件哈希。","False","1078319","4BFB30C28C1D25994E55F4A34CFC81F20C8A077A39D53FB6C0A34B66F42127F0","2026-07-13T09:27:37.2992098Z"
"BUILD/stm32f4xx_hal_lptim.d","File","吸收","Migration/Baseline/Evidence/build（只保留日志、map、axf 摘要；其余重建）","Keil 生成物，不进入新工程源码；本清单记录原始文件哈希。","False","7860","CF748FE031E8C751CF7FC87A29DB07FFA0BE0AD2A2C3FE6724715C90864607C0","2026-07-13T09:27:37.3022092Z"
"BUILD/stm32f4xx_hal_lptim.o","File","吸收","Migration/Baseline/Evidence/build（只保留日志、map、axf 摘要；其余重建）","Keil 生成物，不进入新工程源码；本清单记录原始文件哈希。","False","1165820","C5EE4DB640AF327995FCAAF487C88E1E9C23DD627A38D54B5C569E74E313B092","2026-07-13T09:27:37.4719937Z"
"BUILD/stm32f4xx_hal_ltdc_ex.crf","File","吸收","Migration/Baseline/Evidence/build（只保留日志、map、axf 摘要；其余重建）","Keil 生成物，不进入新工程源码；本清单记录原始文件哈希。","False","1078320","D13C726E7D7FC4D1BD5BDE0A33CBDACECFA1BB074629E04341778DDDD0F8606D","2026-07-13T09:27:37.2646581Z"
"BUILD/stm32f4xx_hal_ltdc_ex.d","File","吸收","Migration/Baseline/Evidence/build（只保留日志、map、axf 摘要；其余重建）","Keil 生成物，不进入新工程源码；本清单记录原始文件哈希。","False","8016","801AD0F1AC5EBB44504418682996813265F0CD10232FDA94A7781A2A90A3D9CF","2026-07-13T09:27:37.2676591Z"
"BUILD/stm32f4xx_hal_ltdc_ex.o","File","吸收","Migration/Baseline/Evidence/build（只保留日志、map、axf 摘要；其余重建）","Keil 生成物，不进入新工程源码；本清单记录原始文件哈希。","False","1165872","714D2C0DF71D582FDB0F6282BD0B5C896C14FD3C8188F0F5FD9C56B602602D55","2026-07-13T09:27:37.4669930Z"
"BUILD/stm32f4xx_hal_ltdc.crf","File","吸收","Migration/Baseline/Evidence/build（只保留日志、map、axf 摘要；其余重建）","Keil 生成物，不进入新工程源码；本清单记录原始文件哈希。","False","1078317","F754A9DF1D0F921772BC69EA541261BF0C33A43BBCAEFEFCCB8761931D80F465","2026-07-13T09:27:37.3749701Z"
"BUILD/stm32f4xx_hal_ltdc.d","File","吸收","Migration/Baseline/Evidence/build（只保留日志、map、axf 摘要；其余重建）","Keil 生成物，不进入新工程源码；本清单记录原始文件哈希。","False","7782","6F7CFF376724AB54E60F026E12148EF3A9D4F9559328617420872B62D432523E","2026-07-13T09:27:37.3769698Z"
"BUILD/stm32f4xx_hal_ltdc.o","File","吸收","Migration/Baseline/Evidence/build（只保留日志、map、axf 摘要；其余重建）","Keil 生成物，不进入新工程源码；本清单记录原始文件哈希。","False","1165800","CD41E03D8FAE70A7FBAFDAF2167676E3A59E926DE34451A9A11911A6AA5A778F","2026-07-13T09:27:37.4729937Z"
"BUILD/stm32f4xx_hal_mmc.crf","File","吸收","Migration/Baseline/Evidence/build（只保留日志、map、axf 摘要；其余重建）","Keil 生成物，不进入新工程源码；本清单记录原始文件哈希。","False","1106816","36A7DE83DC896B96F5DBCDE192BE0D4B5E0A4BAE04FA70B0F6ED99635806977D","2026-07-13T09:27:37.4049705Z"
"BUILD/stm32f4xx_hal_mmc.d","File","吸收","Migration/Baseline/Evidence/build（只保留日志、map、axf 摘要；其余重建）","Keil 生成物，不进入新工程源码；本清单记录原始文件哈希。","False","7704","7410DEA816E0B5CB55E671ED9B2284417EC6A357613879D150DA445B60B58C6E","2026-07-13T09:27:37.4069719Z"
"BUILD/stm32f4xx_hal_mmc.o","File","吸收","Migration/Baseline/Evidence/build（只保留日志、map、axf 摘要；其余重建）","Keil 生成物，不进入新工程源码；本清单记录原始文件哈希。","False","1236612","877A27E96DD0CD38E932E98C8C693D44E28626707BA3E77EE1FEC5F507CA4DAF","2026-07-13T09:27:37.5769928Z"
"BUILD/stm32f4xx_hal_msp_template.crf","File","吸收","Migration/Baseline/Evidence/build（只保留日志、map、axf 摘要；其余重建）","Keil 生成物，不进入新工程源码；本清单记录原始文件哈希。","False","1078403","05DE5DE8BD5CDFCC46B5ABC4D2CE6CC8055E181A3C7997E9E185BCAC70E01E17","2026-07-13T09:27:41.5384694Z"
"BUILD/stm32f4xx_hal_msp_template.d","File","吸收","Migration/Baseline/Evidence/build（只保留日志、map、axf 摘要；其余重建）","Keil 生成物，不进入新工程源码；本清单记录原始文件哈希。","False","8406","F8F93B02074EF2C8CCF885C6DAA030ECCAAB4D63BBB811CBA92C8E4D2FF0FFA1","2026-07-13T09:27:41.5404725Z"
"BUILD/stm32f4xx_hal_msp_template.o","File","吸收","Migration/Baseline/Evidence/build（只保留日志、map、axf 摘要；其余重建）","Keil 生成物，不进入新工程源码；本清单记录原始文件哈希。","False","1171848","5C11B18E445F5A4BA99BAD89997DE21644B31CB8BE8E3D9F9496AB2D46A165E4","2026-07-13T09:27:41.6535987Z"
"BUILD/stm32f4xx_hal_nand.crf","File","吸收","Migration/Baseline/Evidence/build（只保留日志、map、axf 摘要；其余重建）","Keil 生成物，不进入新工程源码；本清单记录原始文件哈希。","False","1096024","10FAB6E0434EC66C06D9929BBAC420A8E7F080C2570BA9FB7BAC841CE9F29FBD","2026-07-13T09:27:41.5294721Z"
"BUILD/stm32f4xx_hal_nand.d","File","吸收","Migration/Baseline/Evidence/build（只保留日志、map、axf 摘要；其余重建）","Keil 生成物，不进入新工程源码；本清单记录原始文件哈希。","False","7782","918D7951C9D63D748953084A502E75FAC0B38032649EC8F3D5A408D2075FBFC6","2026-07-13T09:27:41.5324705Z"
"BUILD/stm32f4xx_hal_nand.o","File","吸收","Migration/Baseline/Evidence/build（只保留日志、map、axf 摘要；其余重建）","Keil 生成物，不进入新工程源码；本清单记录原始文件哈希。","False","1216956","0522AC9F029B733D9464D9C7963C0D699B78AA2ADEBCA61343F62E8958F5113A","2026-07-13T09:27:41.7316276Z"
"BUILD/stm32f4xx_hal_nor.crf","File","吸收","Migration/Baseline/Evidence/build（只保留日志、map、axf 摘要；其余重建）","Keil 生成物，不进入新工程源码；本清单记录原始文件哈希。","False","1087828","5BD8E84AFE198B71CB294C8B2B4ADD6D9290D7C706786D1FA575A040F5D034DB","2026-07-13T09:27:41.5454714Z"
"BUILD/stm32f4xx_hal_nor.d","File","吸收","Migration/Baseline/Evidence/build（只保留日志、map、axf 摘要；其余重建）","Keil 生成物，不进入新工程源码；本清单记录原始文件哈希。","False","7704","1EC5E75695FDE3F46C82AD0E7F8F39E7D7DE2D6FC31B1878FE6B337189E230BA","2026-07-13T09:27:41.5474697Z"
"BUILD/stm32f4xx_hal_nor.o","File","吸收","Migration/Baseline/Evidence/build（只保留日志、map、axf 摘要；其余重建）","Keil 生成物，不进入新工程源码；本清单记录原始文件哈希。","False","1202128","044F72180D6BCCE5FD20AB5D5CE432085DBBE86623B4DE0DFBC99E3688FE7040","2026-07-13T09:27:41.7095209Z"
"BUILD/stm32f4xx_hal_pccard.crf","File","吸收","Migration/Baseline/Evidence/build（只保留日志、map、axf 摘要；其余重建）","Keil 生成物，不进入新工程源码；本清单记录原始文件哈希。","False","1078319","93360642E4236CCAF5B075791BEDD147E51A25223C184D6EC27BCAF8E0248E61","2026-07-13T09:27:41.4514714Z"
"BUILD/stm32f4xx_hal_pccard.d","File","吸收","Migration/Baseline/Evidence/build（只保留日志、map、axf 摘要；其余重建）","Keil 生成物，不进入新工程源码；本清单记录原始文件哈希。","False","7938","AD82E4E5BAF5B32DF3D97AE5FD7C5AB34832242482B6D3E258DCE743CE476752","2026-07-13T09:27:41.4554723Z"
"BUILD/stm32f4xx_hal_pccard.o","File","吸收","Migration/Baseline/Evidence/build（只保留日志、map、axf 摘要；其余重建）","Keil 生成物，不进入新工程源码；本清单记录原始文件哈希。","False","1165844","6976336D2851A8BE2F79C6D35B98EBA19FE9F887B2D77C57161E2EA6C2E0BAF0","2026-07-13T09:27:41.6515985Z"
"BUILD/stm32f4xx_hal_pcd_ex.crf","File","吸收","Migration/Baseline/Evidence/build（只保留日志、map、axf 摘要；其余重建）","Keil 生成物，不进入新工程源码；本清单记录原始文件哈希。","False","1079187","FA71EB62C33ABEB744D14A8C62FD4C6517B0BBC8F731762BFA35A6D1831807C8","2026-07-13T09:27:41.3954720Z"
"BUILD/stm32f4xx_hal_pcd_ex.d","File","吸收","Migration/Baseline/Evidence/build（只保留日志、map、axf 摘要；其余重建）","Keil 生成物，不进入新工程源码；本清单记录原始文件哈希。","False","7938","C16ACCB9176241C0A40D75E70EEE1F0E23AC9A049E26FE19A0CAACA15E110C2A","2026-07-13T09:27:41.3984718Z"
"BUILD/stm32f4xx_hal_pcd_ex.o","File","吸收","Migration/Baseline/Evidence/build（只保留日志、map、axf 摘要；其余重建）","Keil 生成物，不进入新工程源码；本清单记录原始文件哈希。","False","1174296","21BF249C0178D6D32A60E99D66C18A09D1E6E1C2B9C31505CB8E6527A8890412","2026-07-13T09:27:41.6505995Z"
"BUILD/stm32f4xx_hal_pcd.crf","File","吸收","Migration/Baseline/Evidence/build（只保留日志、map、axf 摘要；其余重建）","Keil 生成物，不进入新工程源码；本清单记录原始文件哈希。","False","1088672","4731BC9952DA85D55F33E135605A4EE8C7481BD786FAACCA26C65664BDE038E6","2026-07-13T09:27:41.4664720Z"
"BUILD/stm32f4xx_hal_pcd.d","File","吸收","Migration/Baseline/Evidence/build（只保留日志、map、axf 摘要；其余重建）","Keil 生成物，不进入新工程源码；本清单记录原始文件哈希。","False","7704","40A5A14A1F1FFF80ACBF7866CD2830AC7623E981B52476C89891F92B366E9A2F","2026-07-13T09:27:41.4694711Z"
"BUILD/stm32f4xx_hal_pcd.o","File","吸收","Migration/Baseline/Evidence/build（只保留日志、map、axf 摘要；其余重建）","Keil 生成物，不进入新工程源码；本清单记录原始文件哈希。","False","1227048","634F2C28734E0F5A43F43F3A49FE3D2A9E3DF7D7899D464010533CED61535FAE","2026-07-13T09:27:41.6555971Z"
"BUILD/stm32f4xx_hal_pwr_ex.crf","File","吸收","Migration/Baseline/Evidence/build（只保留日志、map、axf 摘要；其余重建）","Keil 生成物，不进入新工程源码；本清单记录原始文件哈希。","False","1082490","1EABF5D28118CF3CF1BC461CFE12ECAA2BDBFBA95C60275FA55F577916CE00A2","2026-07-13T09:27:41.6306015Z"
"BUILD/stm32f4xx_hal_pwr_ex.d","File","吸收","Migration/Baseline/Evidence/build（只保留日志、map、axf 摘要；其余重建）","Keil 生成物，不进入新工程源码；本清单记录原始文件哈希。","False","7938","F23E073AE946C9DB4F869F5AD2B0A6C7C4E510C490B398971DBF5DD411ACC5EE","2026-07-13T09:27:41.6325991Z"
"BUILD/stm32f4xx_hal_pwr_ex.o","File","吸收","Migration/Baseline/Evidence/build（只保留日志、map、axf 摘要；其余重建）","Keil 生成物，不进入新工程源码；本清单记录原始文件哈希。","False","1182380","88BDCC8FC40E5E7B4C972EF16466077A5B10159477D8A0C3AD3B47E957AADEC1","2026-07-13T09:27:41.7604888Z"
"BUILD/stm32f4xx_hal_pwr.crf","File","吸收","Migration/Baseline/Evidence/build（只保留日志、map、axf 摘要；其余重建）","Keil 生成物，不进入新工程源码；本清单记录原始文件哈希。","False","1081013","AD49BC7433F1C4BEE6D794F458C258A8C72B8E3808A55A986D08465767BD5145","2026-07-13T09:27:41.5665957Z"
"BUILD/stm32f4xx_hal_pwr.d","File","吸收","Migration/Baseline/Evidence/build（只保留日志、map、axf 摘要；其余重建）","Keil 生成物，不进入新工程源码；本清单记录原始文件哈希。","False","7704","45E4B7FEEEC296C95ACA2651FFD29BF565DF61D694AA2614551F9BB6DF70CDBB","2026-07-13T09:27:41.5685977Z"
"BUILD/stm32f4xx_hal_pwr.o","File","吸收","Migration/Baseline/Evidence/build（只保留日志、map、axf 摘要；其余重建）","Keil 生成物，不进入新工程源码；本清单记录原始文件哈希。","False","1191452","861DD40D96850910D1A5A894693CA0980C201EC867A38B5019DCC2A4C3C3A476","2026-07-13T09:27:41.7075187Z"
"BUILD/stm32f4xx_hal_qspi.crf","File","吸收","Migration/Baseline/Evidence/build（只保留日志、map、axf 摘要；其余重建）","Keil 生成物，不进入新工程源码；本清单记录原始文件哈希。","False","1096361","762631659898607A5EEB9C13E77FB08045B88A0052D6C2D46BB1E5F9C779245D","2026-07-13T09:27:41.4594722Z"
"BUILD/stm32f4xx_hal_qspi.d","File","吸收","Migration/Baseline/Evidence/build（只保留日志、map、axf 摘要；其余重建）","Keil 生成物，不进入新工程源码；本清单记录原始文件哈希。","False","7782","0DC013B1E5D4C84D8636A849A64EC5F237672827E2AAFD058876930A8E90C7AA","2026-07-13T09:27:41.4634731Z"
"BUILD/stm32f4xx_hal_qspi.o","File","吸收","Migration/Baseline/Evidence/build（只保留日志、map、axf 摘要；其余重建）","Keil 生成物，不进入新工程源码；本清单记录原始文件哈希。","False","1239216","F80C59911B2F068573A37B480A74CD9BFBB963D085B8458D4827F2B0869692E7","2026-07-13T09:27:41.6535987Z"
"BUILD/stm32f4xx_hal_rcc_ex.crf","File","吸收","Migration/Baseline/Evidence/build（只保留日志、map、axf 摘要；其余重建）","Keil 生成物，不进入新工程源码；本清单记录原始文件哈希。","False","1099475","15304B42F2514AF10AC6133811A1173ADD71070760A706CD425A908D6D962869","2026-07-13T09:27:41.8666586Z"
"BUILD/stm32f4xx_hal_rcc_ex.d","File","吸收","Migration/Baseline/Evidence/build（只保留日志、map、axf 摘要；其余重建）","Keil 生成物，不进入新工程源码；本清单记录原始文件哈希。","False","7938","95163459AF1E802FC2018675C6DDDA0D6B422B05C914C40B296AB2B300E86749","2026-07-13T09:27:41.8686577Z"
"BUILD/stm32f4xx_hal_rcc_ex.o","File","吸收","Migration/Baseline/Evidence/build（只保留日志、map、axf 摘要；其余重建）","Keil 生成物，不进入新工程源码；本清单记录原始文件哈希。","False","1187148","149F93D31E7F2EA9C5073DE04F462ECA65C8D1337ECC3324CC95C8F79E929602","2026-07-13T09:27:42.0310240Z"
"BUILD/stm32f4xx_hal_rcc.crf","File","吸收","Migration/Baseline/Evidence/build（只保留日志、map、axf 摘要；其余重建）","Keil 生成物，不进入新工程源码；本清单记录原始文件哈希。","False","1089814","C30F3CE3607DEB5FDD58EF7019528044665FE1568CD5FC50DF9ED88E6D3E935F","2026-07-13T09:27:41.7734858Z"
"BUILD/stm32f4xx_hal_rcc.d","File","吸收","Migration/Baseline/Evidence/build（只保留日志、map、axf 摘要；其余重建）","Keil 生成物，不进入新工程源码；本清单记录原始文件哈希。","False","7704","D1ACA8F7600BA5F398A9E95B092205C8C93B949E2DB34DB966F3EEA72C9F6FE1","2026-07-13T09:27:41.7754854Z"
"BUILD/stm32f4xx_hal_rcc.o","File","吸收","Migration/Baseline/Evidence/build（只保留日志、map、axf 摘要；其余重建）","Keil 生成物，不进入新工程源码；本清单记录原始文件哈希。","False","1192072","9ED1C54AB9053807F4A21BA8E544217FE98C8F6744F944407D2FF1991CFFBDAF","2026-07-13T09:27:41.9306216Z"
"BUILD/stm32f4xx_hal_rng.crf","File","吸收","Migration/Baseline/Evidence/build（只保留日志、map、axf 摘要；其余重建）","Keil 生成物，不进入新工程源码；本清单记录原始文件哈希。","False","1078316","DDFD56CA7C6578DAA9D7695F7813EC777933D2C960EE33C0008FACEC1B78048E","2026-07-13T09:27:41.6055991Z"
"BUILD/stm32f4xx_hal_rng.d","File","吸收","Migration/Baseline/Evidence/build（只保留日志、map、axf 摘要；其余重建）","Keil 生成物，不进入新工程源码；本清单记录原始文件哈希。","False","7704","55AD31F77B56E44963B7E2E7C60ACA9E2182EE7925BAFDC1EBD26284DCA0E539","2026-07-13T09:27:41.6076020Z"
"BUILD/stm32f4xx_hal_rng.o","File","吸收","Migration/Baseline/Evidence/build（只保留日志、map、axf 摘要；其余重建）","Keil 生成物，不进入新工程源码；本清单记录原始文件哈希。","False","1165768","11D2AC5AAEA6F4D034905F35D73FFF09835AD3FB19D73AE8C0D89FEAAD9C7A14","2026-07-13T09:27:41.7296284Z"
"BUILD/stm32f4xx_hal_rtc_ex.crf","File","吸收","Migration/Baseline/Evidence/build（只保留日志、map、axf 摘要；其余重建）","Keil 生成物，不进入新工程源码；本清单记录原始文件哈希。","False","1091279","7987486AC706FCF198ED179C655A9F8DB0523B53F28A389EE1931F0D916B0659","2026-07-13T09:27:41.6804949Z"
"BUILD/stm32f4xx_hal_rtc_ex.d","File","吸收","Migration/Baseline/Evidence/build（只保留日志、map、axf 摘要；其余重建）","Keil 生成物，不进入新工程源码；本清单记录原始文件哈希。","False","7938","7368B8F74593348CC4BFC868796761427DE0DCC254BDB8CEF86DB5807D368BEE","2026-07-13T09:27:41.6820021Z"
"BUILD/stm32f4xx_hal_rtc_ex.o","File","吸收","Migration/Baseline/Evidence/build（只保留日志、map、axf 摘要；其余重建）","Keil 生成物，不进入新工程源码；本清单记录原始文件哈希。","False","1230540","B0AE688AC5D3D71BADACD70653334EDE54D193C3D2872887488B5671BF033A8E","2026-07-13T09:27:41.8656577Z"
"BUILD/stm32f4xx_hal_rtc.crf","File","吸收","Migration/Baseline/Evidence/build（只保留日志、map、axf 摘要；其余重建）","Keil 生成物，不进入新工程源码；本清单记录原始文件哈希。","False","1088512","A273C2FDE66F82380047180C08B20D8C780B57B126617F223ACE54445B438333","2026-07-13T09:27:41.4684707Z"
"BUILD/stm32f4xx_hal_rtc.d","File","吸收","Migration/Baseline/Evidence/build（只保留日志、map、axf 摘要；其余重建）","Keil 生成物，不进入新工程源码；本清单记录原始文件哈希。","False","7704","8BB389A894F0300FFDE05784C0A56B8D3485330E465A6298C503DBC44913149C","2026-07-13T09:27:41.4714709Z"
"BUILD/stm32f4xx_hal_rtc.o","File","吸收","Migration/Baseline/Evidence/build（只保留日志、map、axf 摘要；其余重建）","Keil 生成物，不进入新工程源码；本清单记录原始文件哈希。","False","1204364","5DE81896AF2A0F9A1FC4EE7B315295ED49487CA10482A239D4366AE19C2311A1","2026-07-13T09:27:41.6515985Z"
"BUILD/stm32f4xx_hal_sai_ex.crf","File","吸收","Migration/Baseline/Evidence/build（只保留日志、map、axf 摘要；其余重建）","Keil 生成物，不进入新工程源码；本清单记录原始文件哈希。","False","1078834","3E653959AE16589B9824DA0CBBF0CCE68E977BC617F6D6180FA67725A82A0863","2026-07-13T09:27:41.6855166Z"
"BUILD/stm32f4xx_hal_sai_ex.d","File","吸收","Migration/Baseline/Evidence/build（只保留日志、map、axf 摘要；其余重建）","Keil 生成物，不进入新工程源码；本清单记录原始文件哈希。","False","7938","82F9C2BE60A6293519B4062FD23020167100F079C5EB54E98C777E5D29AE41D5","2026-07-13T09:27:41.6865201Z"
"BUILD/stm32f4xx_hal_sai_ex.o","File","吸收","Migration/Baseline/Evidence/build（只保留日志、map、axf 摘要；其余重建）","Keil 生成物，不进入新工程源码；本清单记录原始文件哈希。","False","1169600","44FC50F015E025EFED94715F522BE03A2B6E45455876F479B8A7E8AF991B8C95","2026-07-13T09:27:41.8656577Z"
"BUILD/stm32f4xx_hal_sai.crf","File","吸收","Migration/Baseline/Evidence/build（只保留日志、map、axf 摘要；其余重建）","Keil 生成物，不进入新工程源码；本清单记录原始文件哈希。","False","1094690","0E56CDF6D63B5837DB3DC7E62F08639848B80272E56C96374565AFBDAF2228A6","2026-07-13T09:27:41.6626077Z"
"BUILD/stm32f4xx_hal_sai.d","File","吸收","Migration/Baseline/Evidence/build（只保留日志、map、axf 摘要；其余重建）","Keil 生成物，不进入新工程源码；本清单记录原始文件哈希。","False","7704","EC0615AE28FC560515F5339423770F1B29F8ED0CADEF9EBC9A80DDA49C45B6AB","2026-07-13T09:27:41.6636136Z"
"BUILD/stm32f4xx_hal_sai.o","File","吸收","Migration/Baseline/Evidence/build（只保留日志、map、axf 摘要；其余重建）","Keil 生成物，不进入新工程源码；本清单记录原始文件哈希。","False","1240668","7AE51A59B02506EA6619C82B84DD67E895B2C4F84FF6AF0690EC36F356F50DD3","2026-07-13T09:27:41.8696570Z"
"BUILD/stm32f4xx_hal_sd.crf","File","吸收","Migration/Baseline/Evidence/build（只保留日志、map、axf 摘要；其余重建）","Keil 生成物，不进入新工程源码；本清单记录原始文件哈希。","False","1111743","6E2FAC407036DD32DD71E2BF40C01351E824030752A5C3237892458B539D09F4","2026-07-13T09:27:41.7514857Z"
"BUILD/stm32f4xx_hal_sd.d","File","吸收","Migration/Baseline/Evidence/build（只保留日志、map、axf 摘要；其余重建）","Keil 生成物，不进入新工程源码；本清单记录原始文件哈希。","False","7626","9BD87938E1770913E107C4B2DAFC749AF2080010660CE7A8E0513BC652EAB651","2026-07-13T09:27:41.7534897Z"
"BUILD/stm32f4xx_hal_sd.o","File","吸收","Migration/Baseline/Evidence/build（只保留日志、map、axf 摘要；其余重建）","Keil 生成物，不进入新工程源码；本清单记录原始文件哈希。","False","1246664","DBCED426306AB08FD9B6CBE03F428FB713485A29B9D38B87AEF7EBCCCA7942C3","2026-07-13T09:27:41.9276216Z"
"BUILD/stm32f4xx_hal_sdram.crf","File","吸收","Migration/Baseline/Evidence/build（只保留日志、map、axf 摘要；其余重建）","Keil 生成物，不进入新工程源码；本清单记录原始文件哈希。","False","1083016","F36837E4FD4331784B6172D32AADD5BCAC855DAF623BE9B22A16C86327219FCC","2026-07-13T09:27:41.5314681Z"
"BUILD/stm32f4xx_hal_sdram.d","File","吸收","Migration/Baseline/Evidence/build（只保留日志、map、axf 摘要；其余重建）","Keil 生成物，不进入新工程源码；本清单记录原始文件哈希。","False","7860","65F59CC1C98442AF82B9631132B1B2A2285F19A116934F19606336E16A51EE48","2026-07-13T09:27:41.5334716Z"
"BUILD/stm32f4xx_hal_sdram.o","File","吸收","Migration/Baseline/Evidence/build（只保留日志、map、axf 摘要；其余重建）","Keil 生成物，不进入新工程源码；本清单记录原始文件哈希。","False","1206928","7A408107493F02726A28067FB2B2D9BFD8377E6A95B91AEC23BDF258EA106B81","2026-07-13T09:27:41.6885193Z"
"BUILD/stm32f4xx_hal_smartcard.crf","File","吸收","Migration/Baseline/Evidence/build（只保留日志、map、axf 摘要；其余重建）","Keil 生成物，不进入新工程源码；本清单记录原始文件哈希。","False","1091228","A77268132F2B4A3DF49196608FB7BAF93149274A9CD525EF8D6E61392EC9F4B5","2026-07-13T09:27:41.6656129Z"
"BUILD/stm32f4xx_hal_smartcard.d","File","吸收","Migration/Baseline/Evidence/build（只保留日志、map、axf 摘要；其余重建）","Keil 生成物，不进入新工程源码；本清单记录原始文件哈希。","False","8172","65B292C6454FBF9AB18FBE5387CF2354A454627E3A4BD8978FD9778C52B0AB61","2026-07-13T09:27:41.6666129Z"
"BUILD/stm32f4xx_hal_smartcard.o","File","吸收","Migration/Baseline/Evidence/build（只保留日志、map、axf 摘要；其余重建）","Keil 生成物，不进入新工程源码；本清单记录原始文件哈希。","False","1234248","A494642A986C6C7E29F7FA0AFA524E6C1E67A75D13AE9338EEE0C2A388623113","2026-07-13T09:27:41.8706587Z"
"BUILD/stm32f4xx_hal_spdifrx.crf","File","吸收","Migration/Baseline/Evidence/build（只保留日志、map、axf 摘要；其余重建）","Keil 生成物，不进入新工程源码；本清单记录原始文件哈希。","False","1089339","D5EADB4BF1A90CE4D4427675600A0BC39C0001BFF9127E7700E837B0B8CB9F6C","2026-07-13T09:27:41.6965205Z"
"BUILD/stm32f4xx_hal_spdifrx.d","File","吸收","Migration/Baseline/Evidence/build（只保留日志、map、axf 摘要；其余重建）","Keil 生成物，不进入新工程源码；本清单记录原始文件哈希。","False","8016","DE96680A814F4BC7854E445CB4BB1B663DFB0FAC9CF1DDB34835784E33A5FA25","2026-07-13T09:27:41.6985193Z"
"BUILD/stm32f4xx_hal_spdifrx.o","File","吸收","Migration/Baseline/Evidence/build（只保留日志、map、axf 摘要；其余重建）","Keil 生成物，不进入新工程源码；本清单记录原始文件哈希。","False","1214644","62194183805CD1737439D7440F85F95692A5ADC08A4623784522E0A419BCFFD8","2026-07-13T09:27:41.8686577Z"
"BUILD/stm32f4xx_hal_spi.crf","File","吸收","Migration/Baseline/Evidence/build（只保留日志、map、axf 摘要；其余重建）","Keil 生成物，不进入新工程源码；本清单记录原始文件哈希。","False","1106733","58F03021C037A5DD114AFE32AE1714117584CA92881072EE2A816C609F7B4DD3","2026-07-13T09:27:41.5384694Z"
"BUILD/stm32f4xx_hal_spi.d","File","吸收","Migration/Baseline/Evidence/build（只保留日志、map、axf 摘要；其余重建）","Keil 生成物，不进入新工程源码；本清单记录原始文件哈希。","False","7704","F22F1C589A6785D55065F7EB2431DE9B0D9429663B2743D51D399DB10DD6486D","2026-07-13T09:27:41.5404725Z"
"BUILD/stm32f4xx_hal_spi.o","File","吸收","Migration/Baseline/Evidence/build（只保留日志、map、axf 摘要；其余重建）","Keil 生成物，不进入新工程源码；本清单记录原始文件哈希。","False","1269444","1CB2D6B603D936E37283769BEBB5CA82EEF50DC223167C3EBF8A620967FD737C","2026-07-13T09:27:41.8706587Z"
"BUILD/stm32f4xx_hal_sram.crf","File","吸收","Migration/Baseline/Evidence/build（只保留日志、map、axf 摘要；其余重建）","Keil 生成物，不进入新工程源码；本清单记录原始文件哈希。","False","1082009","6887153F1226BAD0A8195E3E8BCC1CDBEB6B0521FA9CA3FBB022E58515C6BC80","2026-07-13T09:27:41.3574694Z"
"BUILD/stm32f4xx_hal_sram.d","File","吸收","Migration/Baseline/Evidence/build（只保留日志、map、axf 摘要；其余重建）","Keil 生成物，不进入新工程源码；本清单记录原始文件哈希。","False","7782","CF543AA9B782C837152442ACC2A07EF4138EF401AA59D83527CC7244195E7088","2026-07-13T09:27:41.3614713Z"
"BUILD/stm32f4xx_hal_sram.o","File","吸收","Migration/Baseline/Evidence/build（只保留日志、map、axf 摘要；其余重建）","Keil 生成物，不进入新工程源码；本清单记录原始文件哈希。","False","1196068","651C0ABF3F0EC868B85A6313A3E11A994104902409CB2479ED3B43D806267B3A","2026-07-13T09:27:41.6495960Z"
"BUILD/stm32f4xx_hal_tim_ex.crf","File","吸收","Migration/Baseline/Evidence/build（只保留日志、map、axf 摘要；其余重建）","Keil 生成物，不进入新工程源码；本清单记录原始文件哈希。","False","1092287","0ACFC6403EA3CE15A2B33DA7E9C42B0B1FE682185927AFE1E3CBF2118B2573B7","2026-07-13T09:27:45.9157654Z"
"BUILD/stm32f4xx_hal_tim_ex.d","File","吸收","Migration/Baseline/Evidence/build（只保留日志、map、axf 摘要；其余重建）","Keil 生成物，不进入新工程源码；本清单记录原始文件哈希。","False","7938","9E83FE051DA52F85056B72F0DB6ABB264DA5D6FFE2EEDFA30EDA605E86D98E44","2026-07-13T09:27:45.9217575Z"
"BUILD/stm32f4xx_hal_tim_ex.o","File","吸收","Migration/Baseline/Evidence/build（只保留日志、map、axf 摘要；其余重建）","Keil 生成物，不进入新工程源码；本清单记录原始文件哈希。","False","1232600","69DA1984B880FEC2F6381C3B727D17A6586DE5C63A15FF36F9B23B31152F3999","2026-07-13T09:27:46.1407583Z"
"BUILD/stm32f4xx_hal_tim.crf","File","吸收","Migration/Baseline/Evidence/build（只保留日志、map、axf 摘要；其余重建）","Keil 生成物，不进入新工程源码；本清单记录原始文件哈希。","False","1120857","2D1B0FFF6A985BD43F09C64801C188AAC19788598D7FE233FCC78FBB72AFE81F","2026-07-13T09:27:41.4934658Z"
"BUILD/stm32f4xx_hal_tim.d","File","吸收","Migration/Baseline/Evidence/build（只保留日志、map、axf 摘要；其余重建）","Keil 生成物，不进入新工程源码；本清单记录原始文件哈希。","False","7704","9DF70287CEABE531DAC78F65D3C59FC337CFB1D26C5FB754B2997E8CC8B44C50","2026-07-13T09:27:41.4954707Z"
"BUILD/stm32f4xx_hal_tim.o","File","吸收","Migration/Baseline/Evidence/build（只保留日志、map、axf 摘要；其余重建）","Keil 生成物，不进入新工程源码；本清单记录原始文件哈希。","False","1352064","A802BDFD13843A680E84008893667957B9CC22D7165AF6BA88793FB0DE579C8F","2026-07-13T09:27:41.8726581Z"
"BUILD/stm32f4xx_hal_uart.crf","File","吸收","Migration/Baseline/Evidence/build（只保留日志、map、axf 摘要；其余重建）","Keil 生成物，不进入新工程源码；本清单记录原始文件哈希。","False","1096170","CCA9A7B13C1D2AF714A3A3A8493DDFC27315B717C8504ADE24C4B44898FD6F98","2026-07-13T09:27:45.5736830Z"
"BUILD/stm32f4xx_hal_uart.d","File","吸收","Migration/Baseline/Evidence/build（只保留日志、map、axf 摘要；其余重建）","Keil 生成物，不进入新工程源码；本清单记录原始文件哈希。","False","7782","A325F631F2135E01E5262277ADD410346AC434EED866DE4A93DBDC8F1C79D0BD","2026-07-13T09:27:45.5806790Z"
"BUILD/stm32f4xx_hal_uart.o","File","吸收","Migration/Baseline/Evidence/build（只保留日志、map、axf 摘要；其余重建）","Keil 生成物，不进入新工程源码；本清单记录原始文件哈希。","False","1259228","4ACBA6D6E825FE7837DF3CE9E39C8F308D54F11EF5EC5BDB0DE54006D0CC0A6D","2026-07-13T09:27:45.7967503Z"
"BUILD/stm32f4xx_hal_usart.crf","File","吸收","Migration/Baseline/Evidence/build（只保留日志、map、axf 摘要；其余重建）","Keil 生成物，不进入新工程源码；本清单记录原始文件哈希。","False","1094772","402EC87DF8372DFA0CF1BF0CE90E179CF3B077ACF8005EFF2006E5808AC093CB","2026-07-13T09:27:46.1987603Z"
"BUILD/stm32f4xx_hal_usart.d","File","吸收","Migration/Baseline/Evidence/build（只保留日志、map、axf 摘要；其余重建）","Keil 生成物，不进入新工程源码；本清单记录原始文件哈希。","False","7860","2E17543C04DA28DCA881B7B07ECAA491CE80C5A08343E2D56988CE9787746E5B","2026-07-13T09:27:46.2037646Z"
"BUILD/stm32f4xx_hal_usart.o","File","吸收","Migration/Baseline/Evidence/build（只保留日志、map、axf 摘要；其余重建）","Keil 生成物，不进入新工程源码；本清单记录原始文件哈希。","False","1242300","FF27FF1775A8EC477B727F9E1DEE1B0AA549378E86B7B415891A449110EA8DBF","2026-07-13T09:27:46.3935325Z"
"BUILD/stm32f4xx_hal_wwdg.crf","File","吸收","Migration/Baseline/Evidence/build（只保留日志、map、axf 摘要；其余重建）","Keil 生成物，不进入新工程源码；本清单记录原始文件哈希。","False","1078859","41E2D7356339762FEB8C980FE147E10034C88B2C0AF9359B89D0D200705FBAAF","2026-07-13T09:27:46.2288181Z"
"BUILD/stm32f4xx_hal_wwdg.d","File","吸收","Migration/Baseline/Evidence/build（只保留日志、map、axf 摘要；其余重建）","Keil 生成物，不进入新工程源码；本清单记录原始文件哈希。","False","7782","EBAF0453FAF3C720E33DC4C27401FDD5590FFC95865AB98F1FB683BE13F80953","2026-07-13T09:27:46.2317739Z"
"BUILD/stm32f4xx_hal_wwdg.o","File","吸收","Migration/Baseline/Evidence/build（只保留日志、map、axf 摘要；其余重建）","Keil 生成物，不进入新工程源码；本清单记录原始文件哈希。","False","1173756","5B833465F9607DF234AFF49C70DA1023AB6CFF8FA4533AE01C74B1FB2579ED3C","2026-07-13T09:27:46.3505174Z"
"BUILD/stm32f4xx_hal.crf","File","吸收","Migration/Baseline/Evidence/build（只保留日志、map、axf 摘要；其余重建）","Keil 生成物，不进入新工程源码；本清单记录原始文件哈希。","False","1080640","092FD1740201A5158B6BA4FD146D151ECD4660C00359A9ED055260237A9D7830","2026-07-13T09:27:33.0968117Z"
"BUILD/stm32f4xx_hal.d","File","吸收","Migration/Baseline/Evidence/build（只保留日志、map、axf 摘要；其余重建）","Keil 生成物，不进入新工程源码；本清单记录原始文件哈希。","False","7392","5E4BBE16B208D86B067A0A2E4DF06D717542DAC9636B5ADF607DC784BD8ACBC7","2026-07-13T09:27:33.0998153Z"
"BUILD/stm32f4xx_hal.o","File","吸收","Migration/Baseline/Evidence/build（只保留日志、map、axf 摘要；其余重建）","Keil 生成物，不进入新工程源码；本清单记录原始文件哈希。","False","1199868","9DF0D8F206528FF6F33ABB437979D293A96095E52E02F65F46EF228F5ABC477C","2026-07-13T09:27:33.4491668Z"
"BUILD/stm32f4xx_ll_adc.crf","File","吸收","Migration/Baseline/Evidence/build（只保留日志、map、axf 摘要；其余重建）","Keil 生成物，不进入新工程源码；本清单记录原始文件哈希。","False","479","53192725114D4AB47FC69DAA0E4E0D10C052B1D164266C4E3B55A367CD1498D9","2026-07-13T09:27:41.8846566Z"
"BUILD/stm32f4xx_ll_adc.d","File","吸收","Migration/Baseline/Evidence/build（只保留日志、map、axf 摘要；其余重建）","Keil 生成物，不进入新工程源码；本清单记录原始文件哈希。","False","141","3DD506BFA70CF1C8993F7D5F4E4978520F394CA70A9737202DECDDA6DA428896","2026-07-13T09:27:41.8846566Z"
"BUILD/stm32f4xx_ll_adc.o","File","吸收","Migration/Baseline/Evidence/build（只保留日志、map、axf 摘要；其余重建）","Keil 生成物，不进入新工程源码；本清单记录原始文件哈希。","False","10272","2A58604090EF4E1B177EDD35625663326E875187A49440D1DEDCE5633E43A1AF","2026-07-13T09:27:41.8856568Z"
"BUILD/stm32f4xx_ll_crc.crf","File","吸收","Migration/Baseline/Evidence/build（只保留日志、map、axf 摘要；其余重建）","Keil 生成物，不进入新工程源码；本清单记录原始文件哈希。","False","479","53192725114D4AB47FC69DAA0E4E0D10C052B1D164266C4E3B55A367CD1498D9","2026-07-13T09:27:41.8836569Z"
"BUILD/stm32f4xx_ll_crc.d","File","吸收","Migration/Baseline/Evidence/build（只保留日志、map、axf 摘要；其余重建）","Keil 生成物，不进入新工程源码；本清单记录原始文件哈希。","False","141","1F442721A57D367C096B8A8776D0A0E25C396BECDBC45E1966905B097581B332","2026-07-13T09:27:41.8836569Z"
"BUILD/stm32f4xx_ll_crc.o","File","吸收","Migration/Baseline/Evidence/build（只保留日志、map、axf 摘要；其余重建）","Keil 生成物，不进入新工程源码；本清单记录原始文件哈希。","False","10272","5E0FCFAD6709B5B95CD3AE4994D7743218377561012CF4E7A3E79E1D75CE734F","2026-07-13T09:27:41.8846566Z"
"BUILD/stm32f4xx_ll_dac.crf","File","吸收","Migration/Baseline/Evidence/build（只保留日志、map、axf 摘要；其余重建）","Keil 生成物，不进入新工程源码；本清单记录原始文件哈希。","False","479","53192725114D4AB47FC69DAA0E4E0D10C052B1D164266C4E3B55A367CD1498D9","2026-07-13T09:27:41.8886577Z"
"BUILD/stm32f4xx_ll_dac.d","File","吸收","Migration/Baseline/Evidence/build（只保留日志、map、axf 摘要；其余重建）","Keil 生成物，不进入新工程源码；本清单记录原始文件哈希。","False","141","83C2B5B6693BDE2BB8F081053323B30609170A805DFA9DA4187AE04AD59E91E7","2026-07-13T09:27:41.8886577Z"
"BUILD/stm32f4xx_ll_dac.o","File","吸收","Migration/Baseline/Evidence/build（只保留日志、map、axf 摘要；其余重建）","Keil 生成物，不进入新工程源码；本清单记录原始文件哈希。","False","10272","EBFB324A8CAE3E9524AC0AA054782DC8875F5AC776A4EB3F44BB4E388B00914A","2026-07-13T09:27:41.8896579Z"
"BUILD/stm32f4xx_ll_dma.crf","File","吸收","Migration/Baseline/Evidence/build（只保留日志、map、axf 摘要；其余重建）","Keil 生成物，不进入新工程源码；本清单记录原始文件哈希。","False","479","53192725114D4AB47FC69DAA0E4E0D10C052B1D164266C4E3B55A367CD1498D9","2026-07-13T09:27:41.9066218Z"
"BUILD/stm32f4xx_ll_dma.d","File","吸收","Migration/Baseline/Evidence/build（只保留日志、map、axf 摘要；其余重建）","Keil 生成物，不进入新工程源码；本清单记录原始文件哈希。","False","141","B943503C263CA0E01940C3427B8F4EAE69C7B6288C861BDA97933F5E76D80996","2026-07-13T09:27:41.9066218Z"
"BUILD/stm32f4xx_ll_dma.o","File","吸收","Migration/Baseline/Evidence/build（只保留日志、map、axf 摘要；其余重建）","Keil 生成物，不进入新工程源码；本清单记录原始文件哈希。","False","10272","A6B19D2CF861D63018C3AB1E7DB2E994BC7459EB872BBA4ED369FB75FB1AAF5A","2026-07-13T09:27:41.9076205Z"
"BUILD/stm32f4xx_ll_dma2d.crf","File","吸收","Migration/Baseline/Evidence/build（只保留日志、map、axf 摘要；其余重建）","Keil 生成物，不进入新工程源码；本清单记录原始文件哈希。","False","479","53192725114D4AB47FC69DAA0E4E0D10C052B1D164266C4E3B55A367CD1498D9","2026-07-13T09:27:41.9596214Z"
"BUILD/stm32f4xx_ll_dma2d.d","File","吸收","Migration/Baseline/Evidence/build（只保留日志、map、axf 摘要；其余重建）","Keil 生成物，不进入新工程源码；本清单记录原始文件哈希。","False","147","88B57EE0AA247CAFCC36979588F68FE0AB8CFABD57A956F2085285FDF523FFBD","2026-07-13T09:27:41.9596214Z"
"BUILD/stm32f4xx_ll_dma2d.o","File","吸收","Migration/Baseline/Evidence/build（只保留日志、map、axf 摘要；其余重建）","Keil 生成物，不进入新工程源码；本清单记录原始文件哈希。","False","10304","50F5A72CA419ABE2492A2689B5890EA64A92F676643159E83F59A6FDC9648C3A","2026-07-13T09:27:41.9606216Z"
"BUILD/stm32f4xx_ll_exti.crf","File","吸收","Migration/Baseline/Evidence/build（只保留日志、map、axf 摘要；其余重建）","Keil 生成物，不进入新工程源码；本清单记录原始文件哈希。","False","479","53192725114D4AB47FC69DAA0E4E0D10C052B1D164266C4E3B55A367CD1498D9","2026-07-13T09:27:41.9816205Z"
"BUILD/stm32f4xx_ll_exti.d","File","吸收","Migration/Baseline/Evidence/build（只保留日志、map、axf 摘要；其余重建）","Keil 生成物，不进入新工程源码；本清单记录原始文件哈希。","False","144","B0D34D99A373E43DF3673588FD4FA544D79906943E58CD03F68798159A76C207","2026-07-13T09:27:41.9816205Z"
"BUILD/stm32f4xx_ll_exti.o","File","吸收","Migration/Baseline/Evidence/build（只保留日志、map、axf 摘要；其余重建）","Keil 生成物，不进入新工程源码；本清单记录原始文件哈希。","False","10292","8CF661D0580E76924ED34C9AC58C0AC5AEBAE68AF9AA137B9873EB164179B999","2026-07-13T09:27:41.9826206Z"
"BUILD/stm32f4xx_ll_fmc.crf","File","吸收","Migration/Baseline/Evidence/build（只保留日志、map、axf 摘要；其余重建）","Keil 生成物，不进入新工程源码；本清单记录原始文件哈希。","False","1085163","D6ED4C86B3E7F9A0C9386947174CBF6C5FE3B7C0BBE7996BF6545AAC2CA3AD39","2026-07-13T09:27:46.4055330Z"
"BUILD/stm32f4xx_ll_fmc.d","File","吸收","Migration/Baseline/Evidence/build（只保留日志、map、axf 摘要；其余重建）","Keil 生成物，不进入新工程源码；本清单记录原始文件哈希。","False","7626","136EF1BD00878FDF2C6F509CC07A6E18490F7404FBAE39059AC7A9853EB1C4E2","2026-07-13T09:27:46.4095248Z"
"BUILD/stm32f4xx_ll_fmc.o","File","吸收","Migration/Baseline/Evidence/build（只保留日志、map、axf 摘要；其余重建）","Keil 生成物，不进入新工程源码；本清单记录原始文件哈希。","False","1203904","A2B30989A9392B5EF610A42776819C848701756F4C2FB3F6E6750C85B2F59BFE","2026-07-13T09:27:46.5775311Z"
"BUILD/stm32f4xx_ll_fsmc.crf","File","吸收","Migration/Baseline/Evidence/build（只保留日志、map、axf 摘要；其余重建）","Keil 生成物，不进入新工程源码；本清单记录原始文件哈希。","False","1078328","999DB80A7AF8FC4B90AE56B468B5670D0A432CA59C66F88C14DC4C5CA649F5BF","2026-07-13T09:27:46.3835204Z"
"BUILD/stm32f4xx_ll_fsmc.d","File","吸收","Migration/Baseline/Evidence/build（只保留日志、map、axf 摘要；其余重建）","Keil 生成物，不进入新工程源码；本清单记录原始文件哈希。","False","7704","3BCB3EA2257A990EBBC69FD98AF652AC250A321314FC49E9B8CB797CF66DA119","2026-07-13T09:27:46.3875274Z"
"BUILD/stm32f4xx_ll_fsmc.o","File","吸收","Migration/Baseline/Evidence/build（只保留日志、map、axf 摘要；其余重建）","Keil 生成物，不进入新工程源码；本清单记录原始文件哈希。","False","1165768","F8837DB1F2CFEEF1E2B6EFD7144A2954C4AE00D2A6E9025FC6AAE072EAF2FCCA","2026-07-13T09:27:46.5035261Z"
"BUILD/stm32f4xx_ll_gpio.crf","File","吸收","Migration/Baseline/Evidence/build（只保留日志、map、axf 摘要；其余重建）","Keil 生成物，不进入新工程源码；本清单记录原始文件哈希。","False","479","53192725114D4AB47FC69DAA0E4E0D10C052B1D164266C4E3B55A367CD1498D9","2026-07-13T09:27:42.0290192Z"
"BUILD/stm32f4xx_ll_gpio.d","File","吸收","Migration/Baseline/Evidence/build（只保留日志、map、axf 摘要；其余重建）","Keil 生成物，不进入新工程源码；本清单记录原始文件哈希。","False","144","03B4A774289E3A53E1C23A2EB4929E95DF2C8E1A032B718C90D895CC8ED88452","2026-07-13T09:27:42.0290192Z"
"BUILD/stm32f4xx_ll_gpio.o","File","吸收","Migration/Baseline/Evidence/build（只保留日志、map、axf 摘要；其余重建）","Keil 生成物，不进入新工程源码；本清单记录原始文件哈希。","False","10292","3C3ACE9E8C477C1E120843983BE6D642DDFE69CF844469E0522B9173266111E5","2026-07-13T09:27:42.0300224Z"
"BUILD/stm32f4xx_ll_i2c.crf","File","吸收","Migration/Baseline/Evidence/build（只保留日志、map、axf 摘要；其余重建）","Keil 生成物，不进入新工程源码；本清单记录原始文件哈希。","False","479","53192725114D4AB47FC69DAA0E4E0D10C052B1D164266C4E3B55A367CD1498D9","2026-07-13T09:27:42.0500240Z"
"BUILD/stm32f4xx_ll_i2c.d","File","吸收","Migration/Baseline/Evidence/build（只保留日志、map、axf 摘要；其余重建）","Keil 生成物，不进入新工程源码；本清单记录原始文件哈希。","False","141","726DAA2DC5DBA3B95018A63FA1F97DA40B07E278B51BAB880A640D370A030F5D","2026-07-13T09:27:42.0500240Z"
"BUILD/stm32f4xx_ll_i2c.o","File","吸收","Migration/Baseline/Evidence/build（只保留日志、map、axf 摘要；其余重建）","Keil 生成物，不进入新工程源码；本清单记录原始文件哈希。","False","10272","F4993FE08DFAC3D6D13B7D95B3A3248C7B7B43FBCF21A8D7C8916D07ED0A17DC","2026-07-13T09:27:42.0510225Z"
"BUILD/stm32f4xx_ll_lptim.crf","File","吸收","Migration/Baseline/Evidence/build（只保留日志、map、axf 摘要；其余重建）","Keil 生成物，不进入新工程源码；本清单记录原始文件哈希。","False","479","53192725114D4AB47FC69DAA0E4E0D10C052B1D164266C4E3B55A367CD1498D9","2026-07-13T09:27:42.0590244Z"
"BUILD/stm32f4xx_ll_lptim.d","File","吸收","Migration/Baseline/Evidence/build（只保留日志、map、axf 摘要；其余重建）","Keil 生成物，不进入新工程源码；本清单记录原始文件哈希。","False","147","8B299DB2DB338B6460AFF636C838E0D1EF3804B2F387B9F26B64C44F5DCAEA2D","2026-07-13T09:27:42.0590244Z"
"BUILD/stm32f4xx_ll_lptim.o","File","吸收","Migration/Baseline/Evidence/build（只保留日志、map、axf 摘要；其余重建）","Keil 生成物，不进入新工程源码；本清单记录原始文件哈希。","False","10304","8DC8FED4B2C94C747CB15A2E94224049824698CFEC50C940EAB51C8AA84CDF14","2026-07-13T09:27:42.0603310Z"
"BUILD/stm32f4xx_ll_pwr.crf","File","吸收","Migration/Baseline/Evidence/build（只保留日志、map、axf 摘要；其余重建）","Keil 生成物，不进入新工程源码；本清单记录原始文件哈希。","False","479","53192725114D4AB47FC69DAA0E4E0D10C052B1D164266C4E3B55A367CD1498D9","2026-07-13T09:27:42.0684785Z"
"BUILD/stm32f4xx_ll_pwr.d","File","吸收","Migration/Baseline/Evidence/build（只保留日志、map、axf 摘要；其余重建）","Keil 生成物，不进入新工程源码；本清单记录原始文件哈希。","False","141","DF6770D7BE081FFF169B4AED3B055A4B4F35D902A06D06AEA76E0753B3888BE6","2026-07-13T09:27:42.0684785Z"
"BUILD/stm32f4xx_ll_pwr.o","File","吸收","Migration/Baseline/Evidence/build（只保留日志、map、axf 摘要；其余重建）","Keil 生成物，不进入新工程源码；本清单记录原始文件哈希。","False","10272","CC75366EF7DA45A9CBE4401ADDF0344B6315BA95F82613EF0E24195B5F479209","2026-07-13T09:27:42.0695217Z"
"BUILD/stm32f4xx_ll_rcc.crf","File","吸收","Migration/Baseline/Evidence/build（只保留日志、map、axf 摘要；其余重建）","Keil 生成物，不进入新工程源码；本清单记录原始文件哈希。","False","479","53192725114D4AB47FC69DAA0E4E0D10C052B1D164266C4E3B55A367CD1498D9","2026-07-13T09:27:42.0866575Z"
"BUILD/stm32f4xx_ll_rcc.d","File","吸收","Migration/Baseline/Evidence/build（只保留日志、map、axf 摘要；其余重建）","Keil 生成物，不进入新工程源码；本清单记录原始文件哈希。","False","141","5CAE7FD20BFCA55897BFAE9827445A590C88EC010A36830326651D0425A6BE9B","2026-07-13T09:27:42.0866575Z"
"BUILD/stm32f4xx_ll_rcc.o","File","吸收","Migration/Baseline/Evidence/build（只保留日志、map、axf 摘要；其余重建）","Keil 生成物，不进入新工程源码；本清单记录原始文件哈希。","False","10272","A376957E2D375A4B2BC41FEFF2AC54CF11BFB225ADD26D7AD87D2302F1A032C0","2026-07-13T09:27:42.0876573Z"
"BUILD/stm32f4xx_ll_rng.crf","File","吸收","Migration/Baseline/Evidence/build（只保留日志、map、axf 摘要；其余重建）","Keil 生成物，不进入新工程源码；本清单记录原始文件哈希。","False","479","53192725114D4AB47FC69DAA0E4E0D10C052B1D164266C4E3B55A367CD1498D9","2026-07-13T09:27:42.1016591Z"
"BUILD/stm32f4xx_ll_rng.d","File","吸收","Migration/Baseline/Evidence/build（只保留日志、map、axf 摘要；其余重建）","Keil 生成物，不进入新工程源码；本清单记录原始文件哈希。","False","141","BE29BF33CFC8669FACFDE2B2FBA92D9A47631CA549B9FE9A08D3EF0956DBB802","2026-07-13T09:27:42.1016591Z"
"BUILD/stm32f4xx_ll_rng.o","File","吸收","Migration/Baseline/Evidence/build（只保留日志、map、axf 摘要；其余重建）","Keil 生成物，不进入新工程源码；本清单记录原始文件哈希。","False","10272","282D8EB5DCE1E3811041F72B5B4B1C97926B4EFF8D35D58DCC502CDA8C133D5F","2026-07-13T09:27:42.1026575Z"
"BUILD/stm32f4xx_ll_rtc.crf","File","吸收","Migration/Baseline/Evidence/build（只保留日志、map、axf 摘要；其余重建）","Keil 生成物，不进入新工程源码；本清单记录原始文件哈希。","False","479","53192725114D4AB47FC69DAA0E4E0D10C052B1D164266C4E3B55A367CD1498D9","2026-07-13T09:27:42.1222041Z"
"BUILD/stm32f4xx_ll_rtc.d","File","吸收","Migration/Baseline/Evidence/build（只保留日志、map、axf 摘要；其余重建）","Keil 生成物，不进入新工程源码；本清单记录原始文件哈希。","False","141","C09C631A9C2517565EECD12EA1D4819FB8E6B47A2ABBFAE577C20979DC9EF837","2026-07-13T09:27:42.1227309Z"
"BUILD/stm32f4xx_ll_rtc.o","File","吸收","Migration/Baseline/Evidence/build（只保留日志、map、axf 摘要；其余重建）","Keil 生成物，不进入新工程源码；本清单记录原始文件哈希。","False","10272","7FE08350D29F10518D36058CD7B67958C97A8F77528CF28B61EFCB5BC3ED8886","2026-07-13T09:27:42.1232533Z"
"BUILD/stm32f4xx_ll_sdmmc.crf","File","吸收","Migration/Baseline/Evidence/build（只保留日志、map、axf 摘要；其余重建）","Keil 生成物，不进入新工程源码；本清单记录原始文件哈希。","False","1092141","E1C10B42D3F97BFBB9AD5ED1B9B73E395FB5210AB3D5452AD7245A9FE25A665E","2026-07-13T09:27:46.6215211Z"
"BUILD/stm32f4xx_ll_sdmmc.d","File","吸收","Migration/Baseline/Evidence/build（只保留日志、map、axf 摘要；其余重建）","Keil 生成物，不进入新工程源码；本清单记录原始文件哈希。","False","7782","6157E9C52CE8222D4319DB2E75B48868058A41E189E4584440762C11455A2880","2026-07-13T09:27:46.6255195Z"
"BUILD/stm32f4xx_ll_sdmmc.o","File","吸收","Migration/Baseline/Evidence/build（只保留日志、map、axf 摘要；其余重建）","Keil 生成物，不进入新工程源码；本清单记录原始文件哈希。","False","1242500","CD1D8CC5486E3418E724DA357D08C6D8ED44060D1D5572FA3105812C0629602D","2026-07-13T09:27:46.7528103Z"
"BUILD/stm32f4xx_ll_spi.crf","File","吸收","Migration/Baseline/Evidence/build（只保留日志、map、axf 摘要；其余重建）","Keil 生成物，不进入新工程源码；本清单记录原始文件哈希。","False","479","53192725114D4AB47FC69DAA0E4E0D10C052B1D164266C4E3B55A367CD1498D9","2026-07-13T09:27:42.1694913Z"
"BUILD/stm32f4xx_ll_spi.d","File","吸收","Migration/Baseline/Evidence/build（只保留日志、map、axf 摘要；其余重建）","Keil 生成物，不进入新工程源码；本清单记录原始文件哈希。","False","141","31557B049E496C83DB823BAA6F4DED0214C5BE96B038627590FAC68E6B6D93A1","2026-07-13T09:27:42.1694913Z"
"BUILD/stm32f4xx_ll_spi.o","File","吸收","Migration/Baseline/Evidence/build（只保留日志、map、axf 摘要；其余重建）","Keil 生成物，不进入新工程源码；本清单记录原始文件哈希。","False","10272","49D0BF5B94F2BED4411BC004FA6F02528BE2BA9E52116B01A3537B74D4A10C28","2026-07-13T09:27:42.1704913Z"
"BUILD/stm32f4xx_ll_tim.crf","File","吸收","Migration/Baseline/Evidence/build（只保留日志、map、axf 摘要；其余重建）","Keil 生成物，不进入新工程源码；本清单记录原始文件哈希。","False","479","53192725114D4AB47FC69DAA0E4E0D10C052B1D164266C4E3B55A367CD1498D9","2026-07-13T09:27:42.1796278Z"
"BUILD/stm32f4xx_ll_tim.d","File","吸收","Migration/Baseline/Evidence/build（只保留日志、map、axf 摘要；其余重建）","Keil 生成物，不进入新工程源码；本清单记录原始文件哈希。","False","141","41F2598C19D759BA70F4EBF37314D9FAA83F3E2AF50BB93783A707921D04086D","2026-07-13T09:27:42.1796278Z"
"BUILD/stm32f4xx_ll_tim.o","File","吸收","Migration/Baseline/Evidence/build（只保留日志、map、axf 摘要；其余重建）","Keil 生成物，不进入新工程源码；本清单记录原始文件哈希。","False","10272","14996B8117AED825FC72B69DAD9E9763953D1DCA07AC19EA5A2AF41BB91E3506","2026-07-13T09:27:42.1806751Z"
"BUILD/stm32f4xx_ll_usart.crf","File","吸收","Migration/Baseline/Evidence/build（只保留日志、map、axf 摘要；其余重建）","Keil 生成物，不进入新工程源码；本清单记录原始文件哈希。","False","479","53192725114D4AB47FC69DAA0E4E0D10C052B1D164266C4E3B55A367CD1498D9","2026-07-13T09:27:42.1858722Z"
"BUILD/stm32f4xx_ll_usart.d","File","吸收","Migration/Baseline/Evidence/build（只保留日志、map、axf 摘要；其余重建）","Keil 生成物，不进入新工程源码；本清单记录原始文件哈希。","False","147","D2FFF7906EBACBC82770AE1611395F3BDE4C5E28207D0011E653F7E9E0A85280","2026-07-13T09:27:42.1858722Z"
"BUILD/stm32f4xx_ll_usart.o","File","吸收","Migration/Baseline/Evidence/build（只保留日志、map、axf 摘要；其余重建）","Keil 生成物，不进入新工程源码；本清单记录原始文件哈希。","False","10304","CDB5DD1574610B4F35CCEBE8C6DEC20C77E8F0B5E0FB248B7BBE79FBA8AE8093","2026-07-13T09:27:42.1868719Z"
"BUILD/stm32f4xx_ll_usb.crf","File","吸收","Migration/Baseline/Evidence/build（只保留日志、map、axf 摘要；其余重建）","Keil 生成物，不进入新工程源码；本清单记录原始文件哈希。","False","1097610","11E6D7E83DCA6BDEC7F86AE0B890E4B605ADE732230F3AA577124FD495ECC7D5","2026-07-13T09:27:46.9937073Z"
"BUILD/stm32f4xx_ll_usb.d","File","吸收","Migration/Baseline/Evidence/build（只保留日志、map、axf 摘要；其余重建）","Keil 生成物，不进入新工程源码；本清单记录原始文件哈希。","False","7626","6F83C7D055BD3EB76E027CB580345BA9A00D6530FD3E3220ED5950A30E5C1D18","2026-07-13T09:27:46.9967062Z"
"BUILD/stm32f4xx_ll_usb.o","File","吸收","Migration/Baseline/Evidence/build（只保留日志、map、axf 摘要；其余重建）","Keil 生成物，不进入新工程源码；本清单记录原始文件哈希。","False","1247476","8F55B02243525F9847D09546A31169E4428DE67F543590048101160752893128","2026-07-13T09:27:47.1578456Z"
"BUILD/stm32f4xx_ll_utils.crf","File","吸收","Migration/Baseline/Evidence/build（只保留日志、map、axf 摘要；其余重建）","Keil 生成物，不进入新工程源码；本清单记录原始文件哈希。","False","1146787","E5271B3544442794996B6BA09066A938C616478D1584190B52D0C73B6CF37AFC","2026-07-13T09:27:47.3816608Z"
"BUILD/stm32f4xx_ll_utils.d","File","吸收","Migration/Baseline/Evidence/build（只保留日志、map、axf 摘要；其余重建）","Keil 生成物，不进入新工程源码；本清单记录原始文件哈希。","False","8202","B1057FC4C56C8D5D841A49D8F043F3AF75C6D43E4953E984528FEE79844E5169","2026-07-13T09:27:47.3847012Z"
"BUILD/stm32f4xx_ll_utils.o","File","吸收","Migration/Baseline/Evidence/build（只保留日志、map、axf 摘要；其余重建）","Keil 生成物，不进入新工程源码；本清单记录原始文件哈希。","False","1261084","502AAC477BC17DDE0981DE9777CE906BDE8FF4F1BAD40F0F894EE31F07014D60","2026-07-13T09:27:47.4867750Z"
"BUILD/stream.crf","File","吸收","Migration/Baseline/Evidence/build（只保留日志、map、axf 摘要；其余重建）","Keil 生成物，不进入新工程源码；本清单记录原始文件哈希。","False","1192831","98CBCF76F2FFA852C9E6573CBFF9C1C74B057578915200E14CDC5C720F9327A2","2026-07-13T09:27:47.4437805Z"
"BUILD/stream.d","File","吸收","Migration/Baseline/Evidence/build（只保留日志、map、axf 摘要；其余重建）","Keil 生成物，不进入新工程源码；本清单记录原始文件哈希。","False","8443","5D0F3FC51EC7BDE0FBE6C5C45E356B5F4C59C2831D2C891319584F4E20258B04","2026-07-13T09:27:47.4477758Z"
"BUILD/stream.o","File","吸收","Migration/Baseline/Evidence/build（只保留日志、map、axf 摘要；其余重建）","Keil 生成物，不进入新工程源码；本清单记录原始文件哈希。","False","1304824","BF98B3836A182F7AB6CDA013487E3261A865E5E63A0333FFEFC2581823787C39","2026-07-13T09:27:47.5663907Z"
"BUILD/system_clock.crf","File","吸收","Migration/Baseline/Evidence/build（只保留日志、map、axf 摘要；其余重建）","Keil 生成物，不进入新工程源码；本清单记录原始文件哈希。","False","1080760","8116E5A2748762504EA7F840177ED581D06F30B550C2E4F48E23B37BA339DC4A","2026-07-13T09:27:46.8065389Z"
"BUILD/system_clock.d","File","吸收","Migration/Baseline/Evidence/build（只保留日志、map、axf 摘要；其余重建）","Keil 生成物，不进入新工程源码；本清单记录原始文件哈希。","False","7482","EEC52760CA689806F23811FDB3AF689D346D678BC36B4443B7D6498AA6DFAB95","2026-07-13T09:27:46.8095389Z"
"BUILD/system_clock.o","File","吸收","Migration/Baseline/Evidence/build（只保留日志、map、axf 摘要；其余重建）","Keil 生成物，不进入新工程源码；本清单记录原始文件哈希。","False","1174308","3608DDFF14022A754C4EABFC9E6FF7891C76E0BB3E9218131C333D26DEB41B1B","2026-07-13T09:27:46.8981995Z"
"BUILD/system_stm32f4xx.crf","File","吸收","Migration/Baseline/Evidence/build（只保留日志、map、axf 摘要；其余重建）","Keil 生成物，不进入新工程源码；本清单记录原始文件哈希。","False","1078983","F2AC86F08C632040A5D57D628969BFB2567B0DCD37CEA7DC5729F91BF7B36AE6","2026-07-13T09:27:46.9937073Z"
"BUILD/system_stm32f4xx.d","File","吸收","Migration/Baseline/Evidence/build（只保留日志、map、axf 摘要；其余重建）","Keil 生成物，不进入新工程源码；本清单记录原始文件哈希。","False","7641","10646079311FDD506B9DB9B5BC31727170C9D1ADF406E5891BD3D3FA774E790A","2026-07-13T09:27:46.9967062Z"
"BUILD/system_stm32f4xx.o","File","吸收","Migration/Baseline/Evidence/build（只保留日志、map、axf 摘要；其余重建）","Keil 生成物，不进入新工程源码；本清单记录原始文件哈希。","False","1168680","19403C9427BD8505AD9D12676AD1CF67EE82380842AA0C6E5CF444F3F12472D9","2026-07-13T09:27:47.0897076Z"
"BUILD/ticker.crf","File","吸收","Migration/Baseline/Evidence/build（只保留日志、map、axf 摘要；其余重建）","Keil 生成物，不进入新工程源码；本清单记录原始文件哈希。","False","1178066","1E7E226EB14C91C69D77453AEE374C078F9E2F349AF1300FBB77D2B77A069562","2026-07-13T09:27:47.2546779Z"
"BUILD/ticker.d","File","吸收","Migration/Baseline/Evidence/build（只保留日志、map、axf 摘要；其余重建）","Keil 生成物，不进入新工程源码；本清单记录原始文件哈希。","False","8382","F23F502C7A9995026857FD1F90C3BB56302CC932735A51A1D3D112D3D474A32F","2026-07-13T09:27:47.2616819Z"
"BUILD/ticker.o","File","吸收","Migration/Baseline/Evidence/build（只保留日志、map、axf 摘要；其余重建）","Keil 生成物，不进入新工程源码；本清单记录原始文件哈希。","False","1247312","8A59198A5F556942F300FB0BDB1195D742133CD78B04B654B4C906D18855E768","2026-07-13T09:27:47.3696629Z"
"BUILD/timeout.crf","File","吸收","Migration/Baseline/Evidence/build（只保留日志、map、axf 摘要；其余重建）","Keil 生成物，不进入新工程源码；本清单记录原始文件哈希。","False","1177380","BBB7E30C67DA95EAA48B45BE2F9860C597275A853103CA784BFAB1125DE3B96E","2026-07-13T09:27:47.4127809Z"
"BUILD/timeout.d","File","吸收","Migration/Baseline/Evidence/build（只保留日志、map、axf 摘要；其余重建）","Keil 生成物，不进入新工程源码；本清单记录原始文件哈希。","False","8475","D4F9D5885745E071B38BAEBAC5E71CCECDE3CEEE51F221501A2D07C414D90FD5","2026-07-13T09:27:47.4177716Z"
"BUILD/timeout.o","File","吸收","Migration/Baseline/Evidence/build（只保留日志、map、axf 摘要；其余重建）","Keil 生成物，不进入新工程源码；本清单记录原始文件哈希。","False","1229680","107B0DA47505935378B99CC828ED6D5C08D7AD570C491965B640274091581F2A","2026-07-13T09:27:47.5257742Z"
"BUILD/timer.crf","File","吸收","Migration/Baseline/Evidence/build（只保留日志、map、axf 摘要；其余重建）","Keil 生成物，不进入新工程源码；本清单记录原始文件哈希。","False","1118037","D3D96B58F43D504E208EE93D0E47448B3655DDE0457EB3A3A0157948A445BEFD","2026-07-13T09:27:47.4777770Z"
"BUILD/timer.d","File","吸收","Migration/Baseline/Evidence/build（只保留日志、map、axf 摘要；其余重建）","Keil 生成物，不进入新工程源码；本清单记录原始文件哈希。","False","8229","55CCE0BC90C5343CE134C3A6AD73C4C7567BD0C029979420F69E635CE85B581D","2026-07-13T09:27:47.4827770Z"
"BUILD/timer.o","File","吸收","Migration/Baseline/Evidence/build（只保留日志、map、axf 摘要；其余重建）","Keil 生成物，不进入新工程源码；本清单记录原始文件哈希。","False","1240612","AA16C6C073AB1E5296BA66E7EB1E98617FAF2235CE195841D6D54D0962455478","2026-07-13T09:27:47.5783930Z"
"BUILD/timerevent.crf","File","吸收","Migration/Baseline/Evidence/build（只保留日志、map、axf 摘要；其余重建）","Keil 生成物，不进入新工程源码；本清单记录原始文件哈希。","False","1095529","3B9A71F6E2475AA5BB6825FFEA10D7A7D9F2B3455F9C9C50FFB6894E11B4DD84","2026-07-13T09:27:47.2906837Z"
"BUILD/timerevent.d","File","吸收","Migration/Baseline/Evidence/build（只保留日志、map、axf 摘要；其余重建）","Keil 生成物，不进入新工程源码；本清单记录原始文件哈希。","False","8361","201968016C0F10143F21542BB376BC64178909431C55838CF73D3835518E4E19","2026-07-13T09:27:47.2946804Z"
"BUILD/timerevent.o","File","吸收","Migration/Baseline/Evidence/build（只保留日志、map、axf 摘要；其余重建）","Keil 生成物，不进入新工程源码；本清单记录原始文件哈希。","False","1213212","D5B772A4E6C0B3738C24008EF1E6F2399E3E290D22CE7764DFC1ABF6253BF49E","2026-07-13T09:27:47.3887473Z"
"BUILD/trng_api.crf","File","吸收","Migration/Baseline/Evidence/build（只保留日志、map、axf 摘要；其余重建）","Keil 生成物，不进入新工程源码；本清单记录原始文件哈希。","False","479","53192725114D4AB47FC69DAA0E4E0D10C052B1D164266C4E3B55A367CD1498D9","2026-07-13T09:27:42.3953906Z"
"BUILD/trng_api.d","File","吸收","Migration/Baseline/Evidence/build（只保留日志、map、axf 摘要；其余重建）","Keil 生成物，不进入新工程源码；本清单记录原始文件哈希。","False","95","5F0310D394665F4287771F3B726DD695FDE1FE1A6CD0DA55CE1586C4A54F6261","2026-07-13T09:27:42.3953906Z"
"BUILD/trng_api.o","File","吸收","Migration/Baseline/Evidence/build（只保留日志、map、axf 摘要；其余重建）","Keil 生成物，不进入新工程源码；本清单记录原始文件哈希。","False","10032","D0D5BC15081D95322FE368602AA9868511030899983C5961C88F0C8A32D2D64D","2026-07-13T09:27:42.3963906Z"
"BUILD/uartserial.crf","File","吸收","Migration/Baseline/Evidence/build（只保留日志、map、axf 摘要；其余重建）","Keil 生成物，不进入新工程源码；本清单记录原始文件哈希。","False","1215197","A9B6BCC0EE615E4D2653FDDCD62BCD7D79BF048C7A1E5ABF7B042266DB29DB5F","2026-07-13T09:27:47.6553981Z"
"BUILD/uartserial.d","File","吸收","Migration/Baseline/Evidence/build（只保留日志、map、axf 摘要；其余重建）","Keil 生成物，不进入新工程源码；本清单记录原始文件哈希。","False","9210","9BD6119FD22CA5CDCDED4E1C0E470F1C5CD454EA28E529590BFF80E3CA1A1860","2026-07-13T09:27:47.6623895Z"
"BUILD/uartserial.o","File","吸收","Migration/Baseline/Evidence/build（只保留日志、map、axf 摘要；其余重建）","Keil 生成物，不进入新工程源码；本清单记录原始文件哈希。","False","1364380","B428634637B8C5EAA73C993A371AA2A2DFA381DFEAA8423E17F067E450E8C1D7","2026-07-13T09:27:47.8034411Z"
"BUILD/us_ticker_16b.crf","File","吸收","Migration/Baseline/Evidence/build（只保留日志、map、axf 摘要；其余重建）","Keil 生成物，不进入新工程源码；本清单记录原始文件哈希。","False","1136908","350C6412711C9D3C5B65F9B2FBAF75FE62FF73BF00586DF697D9F459D9DB50A7","2026-07-13T09:27:47.5633906Z"
"BUILD/us_ticker_16b.d","File","吸收","Migration/Baseline/Evidence/build（只保留日志、map、axf 摘要；其余重建）","Keil 生成物，不进入新工程源码；本清单记录原始文件哈希。","False","8739","5C31DED796A4925402F08C8508908B175E766446A7CF4D285562786E3468C888","2026-07-13T09:27:47.5653934Z"
"BUILD/us_ticker_16b.o","File","吸收","Migration/Baseline/Evidence/build（只保留日志、map、axf 摘要；其余重建）","Keil 生成物，不进入新工程源码；本清单记录原始文件哈希。","False","1222736","40CD8596CA4B576239BC3B5433F39B7398740B04876FE5D8E17CEF968E3532E3","2026-07-13T09:27:47.6463903Z"
"BUILD/us_ticker_32b.crf","File","吸收","Migration/Baseline/Evidence/build（只保留日志、map、axf 摘要；其余重建）","Keil 生成物，不进入新工程源码；本清单记录原始文件哈希。","False","1137200","464732F72706876D717F56126DCFA927EBAE4049712B3EAB52AA368E7A9381E0","2026-07-13T09:27:47.6553981Z"
"BUILD/us_ticker_32b.d","File","吸收","Migration/Baseline/Evidence/build（只保留日志、map、axf 摘要；其余重建）","Keil 生成物，不进入新工程源码；本清单记录原始文件哈希。","False","8739","7448EB46F01A34397EFD32B637A93B9A6512A899A76FB0FBB0B5C097467B985D","2026-07-13T09:27:47.6563973Z"
"BUILD/us_ticker_32b.o","File","吸收","Migration/Baseline/Evidence/build（只保留日志、map、axf 摘要；其余重建）","Keil 生成物，不进入新工程源码；本清单记录原始文件哈希。","False","1232060","ECB15E1CAD481FD77385A710BA537AB6C7E1D82EDD093E9D90830872C2643444","2026-07-13T09:27:47.7395003Z"
"Calibration","Directory","迁移","App/MotorControl/Drivers","产品逻辑，迁移时保持外部行为并逐项验证。",,,,"2026-08-27T16:39:39.1307559Z"
"Calibration/calibration.cpp","File","迁移","App/MotorControl/Drivers","产品逻辑，迁移时保持外部行为并逐项验证。","True","13423","230FDC32EEF6BAC794BE097B19B1299B711317AF689157C98D05F3142CB19E0D","2026-07-27T08:46:19.2422402Z"
"Calibration/calibration.h","File","迁移","App/MotorControl/Drivers","产品逻辑，迁移时保持外部行为并逐项验证。","True","423","9C38751EA2A6EBC2E283AD06C822C2E282F603A2E4533CE487FC411106BDB237","2026-08-10T13:09:16.7669284Z"
"CAN","Directory","迁移","App/MotorControl/Drivers","产品逻辑，迁移时保持外部行为并逐项验证。",,,,"2026-08-27T16:39:39.1397561Z"
"CAN/CAN_com.cpp","File","迁移","App/MotorControl/Drivers","产品逻辑，迁移时保持外部行为并逐项验证。","True","2257","3B48318F97D6BF775FDFF4E3536AAFBB2B8D808797E69448EFBAB20973827B85","2026-07-15T09:12:17.9022413Z"
"CAN/CAN_com.h","File","迁移","App/MotorControl/Drivers","产品逻辑，迁移时保持外部行为并逐项验证。","True","264","EE33477F10B58689983B805D8CF0ED1F2A5FC1D4AD782FA76702F23F2E9D32D2","2021-01-05T01:22:30.0000000Z"
"Config","Directory","迁移","App/MotorControl/Drivers","产品逻辑，迁移时保持外部行为并逐项验证。",,,,"2026-08-27T16:39:39.1531817Z"
"Config/current_controller_config.h","File","迁移","App/MotorControl/Drivers","产品逻辑，迁移时保持外部行为并逐项验证。","True","771","57DC4DBE82DB54F91AB876721BD85E67AF371E6081C09C1ABE8969C4C718572E","2026-05-12T09:10:36.5615835Z"
"Config/hw_config.h","File","迁移","App/MotorControl/Drivers","产品逻辑，迁移时保持外部行为并逐项验证。","True","694","05038B10720A9AB27D039E1A662701B0BD9E1C4087C820665F389706289058E9","2026-05-04T14:45:28.0000000Z"
"Config/motor_config.h","File","迁移","App/MotorControl/Drivers","产品逻辑，迁移时保持外部行为并逐项验证。","True","1203","FBBA04FB3EC394329CA2B9B61D34D35B2C34ADEB7B565631D30A93261002CB6A","2026-05-12T09:11:55.5957739Z"
"Config/user_config.h","File","迁移","App/MotorControl/Drivers","产品逻辑，迁移时保持外部行为并逐项验证。","True","1826","E08FD316136B39901956CAFFC50D24156623B1832770C2751CB880B54614DACA","2026-05-20T01:35:49.2678903Z"
"DebugConfig","Directory","HAL/CubeMX 替代","CubeMX/HAL/CMSIS 生成层","旧 mbed、FastPWM、启动或 IDE 生成层；行为合同吸收后由 CubeMX/HAL 替代。",,,,"2026-08-27T16:39:39.1671801Z"
"DebugConfig/Hobbyking_Cheetah_Compact_DRV8323_STM32F446RETx_1.0.1.dbgconf","File","HAL/CubeMX 替代","CubeMX/HAL/CMSIS 生成层","旧 mbed、FastPWM、启动或 IDE 生成层；行为合同吸收后由 CubeMX/HAL 替代。","True","3427","D714829108A74494650D11F23E32307FCEF5A718637B3B30E09E96415F48AC3D","2026-04-28T02:27:45.6932377Z"
"DebugConfig/Hobbyking_Cheetah_Compact_DRV8323_STM32F446RETx.dbgconf","File","HAL/CubeMX 替代","CubeMX/HAL/CMSIS 生成层","旧 mbed、FastPWM、启动或 IDE 生成层；行为合同吸收后由 CubeMX/HAL 替代。","True","3427","A69BF4F426B8E98CF565F6CF1F19CD2A6E5627B6F22A4A4DD5197A8B26B7AA01","2021-01-05T01:22:30.0000000Z"
"DebugConfig/Hobbyking_Cheetah_Compact_DRV8323_STM32F446VCTx.dbgconf","File","HAL/CubeMX 替代","CubeMX/HAL/CMSIS 生成层","旧 mbed、FastPWM、启动或 IDE 生成层；行为合同吸收后由 CubeMX/HAL 替代。","True","3427","A69BF4F426B8E98CF565F6CF1F19CD2A6E5627B6F22A4A4DD5197A8B26B7AA01","2021-01-05T01:22:30.0000000Z"
"DRV8323","Directory","迁移","App/MotorControl/Drivers","产品逻辑，迁移时保持外部行为并逐项验证。",,,,"2026-08-27T16:39:39.1761869Z"
"DRV8323/DRV.cpp","File","迁移","App/MotorControl/Drivers","产品逻辑，迁移时保持外部行为并逐项验证。","True","4037","0033E7E4EAEE78E8BD93AC15BBC5F06028DE2F20CC0028B2926FA389151ABAEB","2021-01-05T01:22:30.0000000Z"
"DRV8323/DRV.h","File","迁移","App/MotorControl/Drivers","产品逻辑，迁移时保持外部行为并逐项验证。","True","6458","3CF542F6EC63A568908610FCDAFC3E32779D3ECA933E9B2ABC47E9009A3E83F9","2021-01-05T01:22:30.0000000Z"
"EventRecorderStub.scvd","File","废弃","不进入新工程","本机 IDE/调试会话或日志文件，不构成产品行为。","True","339","C0BC76C307786AE399F79BF32D410F7D6C46E0AC1208CC882F60AC2649CBA601","2026-01-10T16:03:24.0000000Z"
"FastMath","Directory","迁移","App/MotorControl/Drivers","产品逻辑，迁移时保持外部行为并逐项验证。",,,,"2026-08-27T16:39:39.1867453Z"
"FastMath/FastMath.cpp","File","迁移","App/MotorControl/Drivers","产品逻辑，迁移时保持外部行为并逐项验证。","True","382","FDCD832108C24D8E949669D059715F68BB8E9378119621538AC0F355FBABB332","2021-01-05T01:22:30.0000000Z"
"FastMath/FastMath.h","File","迁移","App/MotorControl/Drivers","产品逻辑，迁移时保持外部行为并逐项验证。","True","160","792855F12B09BEC5AD711C5DE8B2285E399364A213EC990C250644E2B1ECE08B","2021-01-05T01:22:30.0000000Z"
"FastMath/LUT.h","File","迁移","App/MotorControl/Drivers","产品逻辑，迁移时保持外部行为并逐项验证。","True","4388","276D61171C27CA93B4091D31818AA3D1F1584B2DE29E79D74192FABF6B117AC5","2021-01-05T01:22:30.0000000Z"
"FastPWM","Directory","HAL/CubeMX 替代","CubeMX/HAL/CMSIS 生成层","旧 mbed、FastPWM、启动或 IDE 生成层；行为合同吸收后由 CubeMX/HAL 替代。",,,,"2026-08-27T16:39:39.1977446Z"
"FastPWM.lib","File","HAL/CubeMX 替代","CubeMX/HAL/CMSIS 生成层","旧 mbed、FastPWM、启动或 IDE 生成层；行为合同吸收后由 CubeMX/HAL 替代。","True","69","91468F68265624081137E77B2CCAC720247A2D336E01CAF6F17B212E9E7FC896","2021-01-05T01:22:30.0000000Z"
"FastPWM/Device","Directory","HAL/CubeMX 替代","CubeMX/HAL/CMSIS 生成层","旧 mbed、FastPWM、启动或 IDE 生成层；行为合同吸收后由 CubeMX/HAL 替代。",,,,"2026-08-27T16:39:39.2117461Z"
"FastPWM/Device/FastPWM_KLXX_K20D50M.cpp","File","HAL/CubeMX 替代","CubeMX/HAL/CMSIS 生成层","旧 mbed、FastPWM、启动或 IDE 生成层；行为合同吸收后由 CubeMX/HAL 替代。","True","1199","66C5D9181F674C442DD2F3A6B265831B1F42C02C1C9CEB098F57EC7D98307756","2021-01-05T01:22:30.0000000Z"
"FastPWM/Device/FastPWM_KSDK.cpp","File","HAL/CubeMX 替代","CubeMX/HAL/CMSIS 生成层","旧 mbed、FastPWM、启动或 IDE 生成层；行为合同吸收后由 CubeMX/HAL 替代。","True","2011","022D375AD1E42AA47830199DF70C4CFB905CB4FADD5F8FD9D978136F93293138","2021-01-05T01:22:30.0000000Z"
"FastPWM/Device/FastPWM_LPC11XX.cpp","File","HAL/CubeMX 替代","CubeMX/HAL/CMSIS 生成层","旧 mbed、FastPWM、启动或 IDE 生成层；行为合同吸收后由 CubeMX/HAL 替代。","True","2402","4B02F4624AD15FC89D71EB079191E3F6CC52FA1ED3834C7620603273DC9F6298","2021-01-05T01:22:30.0000000Z"
"FastPWM/Device/FastPWM_LPC1768.cpp","File","HAL/CubeMX 替代","CubeMX/HAL/CMSIS 生成层","旧 mbed、FastPWM、启动或 IDE 生成层；行为合同吸收后由 CubeMX/HAL 替代。","True","798","246017ECDB2AF9D593FEBAE5C9301F2CA569FBC8F5E6320354768B143DD785A4","2021-01-05T01:22:30.0000000Z"
"FastPWM/Device/FastPWM_STM_TIM_PinOut.cpp","File","HAL/CubeMX 替代","CubeMX/HAL/CMSIS 生成层","旧 mbed、FastPWM、启动或 IDE 生成层；行为合同吸收后由 CubeMX/HAL 替代。","True","4652","CD866F9F551D91863626527C6511D5BDFD2BDC73B1E9EDD035EA1EBBA20F4313","2021-01-05T01:22:30.0000000Z"
"FastPWM/Device/FastPWM_STM_TIM.cpp","File","HAL/CubeMX 替代","CubeMX/HAL/CMSIS 生成层","旧 mbed、FastPWM、启动或 IDE 生成层；行为合同吸收后由 CubeMX/HAL 替代。","True","1181","08C51D77266F1294AAAFA74E5E6B5151A0AB498B70AF774CB433590AA72F1AB8","2021-01-05T01:22:30.0000000Z"
"FastPWM/FastPWM_common.cpp","File","HAL/CubeMX 替代","CubeMX/HAL/CMSIS 生成层","旧 mbed、FastPWM、启动或 IDE 生成层；行为合同吸收后由 CubeMX/HAL 替代。","True","2332","EEEC42EC7B8842430CA1A60E445F4968953351F46CBCF34B67D6CE669AFF1750","2021-01-05T01:22:30.0000000Z"
"FastPWM/FastPWM.h","File","HAL/CubeMX 替代","CubeMX/HAL/CMSIS 生成层","旧 mbed、FastPWM、启动或 IDE 生成层；行为合同吸收后由 CubeMX/HAL 替代。","True","4524","C73680808C9A6F8E56A429932D0CA80C4A6405D280B8CC0EDBC69E1313575BF0","2021-01-05T01:22:30.0000000Z"
"FlashWriter","Directory","吸收","BSP/Storage/新工程配置与阶段 0 合同","保留功能、资源或构建语义，不逐行照搬旧实现。",,,,"2026-08-27T16:39:39.2267365Z"
"FlashWriter/FlashWriter.cpp","File","吸收","BSP/Storage/新工程配置与阶段 0 合同","保留功能、资源或构建语义，不逐行照搬旧实现。","True","3069","FFAA9986633BFA057C9FC54B4858439149FF444222C5B3F3F90DA8547C799B12","2026-08-06T02:57:20.6162535Z"
"FlashWriter/FlashWriter.h","File","吸收","BSP/Storage/新工程配置与阶段 0 合同","保留功能、资源或构建语义，不逐行照搬旧实现。","True","1702","28B9873B5BC5D01D5910F23298AE0521D54030D7790EEFA1A0E7F7C6EC1FDB4E","2026-08-02T13:26:18.9731497Z"
"FlashWriter/stm32f4xx_flash.c","File","HAL/CubeMX 替代","Storage/HAL Flash 驱动","旧 SPL Flash 实现由 HAL Flash API 替代。","True","62141","35F2FE7480D9A96A88565A559962AFB255D589D12AA464FEA65115561F6EDE78","2021-01-05T01:22:30.0000000Z"
"FlashWriter/stm32f4xx_flash.h","File","HAL/CubeMX 替代","Storage/HAL Flash 驱动","旧 SPL Flash 实现由 HAL Flash API 替代。","True","19656","51C56D0F3BEFFEBDD0FDA3ECCB03EB1EA331FC65AD471F64A88EEDF353F26343","2021-01-05T01:22:30.0000000Z"
"FOC","Directory","迁移","App/MotorControl/Drivers","产品逻辑，迁移时保持外部行为并逐项验证。",,,,"2026-08-27T16:39:39.2355408Z"
"FOC/foc.cpp","File","迁移","App/MotorControl/Drivers","产品逻辑，迁移时保持外部行为并逐项验证。","True","9999","5267D373AD69E4B4D43286BF32E3A64E1BCD31E0D2A1303ECABD0519071D8A94","2026-08-26T02:52:57.0795975Z"
"FOC/foc.h","File","迁移","App/MotorControl/Drivers","产品逻辑，迁移时保持外部行为并逐项验证。","True","960","2B823BE4C88BB416D50F12AF724BBCB50F1B9AAA131FC922131EC14C3654354D","2021-01-05T01:22:30.0000000Z"
"Hobbyking_Cheetah_Compact_DRV8323.uvguix.FAY","File","废弃","不进入新工程","本机 IDE/调试会话或日志文件，不构成产品行为。","False","187207","802E5DE1CA291F06300EFB27864FE9B148997AEC66DECD3C7567D7A6EEAAA28D","2026-05-04T14:46:58.0000000Z"
"Hobbyking_Cheetah_Compact_DRV8323.uvguix.l3098","File","废弃","不进入新工程","本机 IDE/调试会话或日志文件，不构成产品行为。","False","95697","AAC3903327012F2ED5E3F1E711B6D3A0236988A25C02F1EC728D525802A03057","2026-08-26T02:52:57.2553334Z"
"Hobbyking_Cheetah_Compact_DRV8323.uvguix.MSI-PC","File","废弃","不进入新工程","本机 IDE/调试会话或日志文件，不构成产品行为。","False","149434","8065F5AF6A37BBD37607E314B8116DFE728416AA40F76A4998CD9165FDD300B4","2021-01-05T01:22:30.0000000Z"
"Hobbyking_Cheetah_Compact_DRV8323.uvguix.Think","File","废弃","不进入新工程","本机 IDE/调试会话或日志文件，不构成产品行为。","False","92711","7E030D81B61C1C260E9CE9D507A697B66D7699FA5A396AA24E275260218CABCC","2021-01-05T01:22:30.0000000Z"
"Hobbyking_Cheetah_Compact_DRV8323.uvoptx","File","吸收","BSP/Storage/新工程配置与阶段 0 合同","保留功能、资源或构建语义，不逐行照搬旧实现。","True","365383","0A2896C772E345DA61ED7791C2679091BD2DA51C0C141F650BF86F4D8D4A5343","2026-08-02T14:11:58.5405431Z"
"Hobbyking_Cheetah_Compact_DRV8323.uvprojx","File","吸收","BSP/Storage/新工程配置与阶段 0 合同","保留功能、资源或构建语义，不逐行照搬旧实现。","True","113197","F1D4B054F087C2C230364D7DE5F2A13B318A5AAF098A2A9D310E1EF9612808B7","2026-07-13T10:01:52.4299732Z"
"hw_setup.cpp","File","吸收","BSP/Storage/新工程配置与阶段 0 合同","保留功能、资源或构建语义，不逐行照搬旧实现。","True","5084","E932D9C3D3A1BCD64273E9DDEEF68981F72E7D37A98296341B682FD0B3B27F26","2025-12-20T17:11:16.0000000Z"
"hw_setup.h","File","吸收","BSP/Storage/新工程配置与阶段 0 合同","保留功能、资源或构建语义，不逐行照搬旧实现。","True","198","E138B35624E2072986D023D9DAFCB6E5B9591073D597AE908D66179F71D862D0","2021-01-05T01:22:30.0000000Z"
"JLinkLog.txt","File","废弃","不进入新工程","本机 IDE/调试会话或日志文件，不构成产品行为。","False","441063","0A78A1C813D4381FAA9C61B3BB48EA611222F58E2CD3797320E6F3A24071D8A5","2026-05-04T14:37:06.0000000Z"
"JLinkSettings.ini","File","吸收","BSP/Storage/新工程配置与阶段 0 合同","保留功能、资源或构建语义，不逐行照搬旧实现。","True","773","231DF86A5AF833CB0B83665A948F8116F2FB88EA1AE8EF9B117780BAE86E18B8","2025-11-04T14:44:10.0000000Z"
"main.cpp","File","迁移","App/MotorControl/Protocol","产品入口、算法辅助或共享数据定义；按阶段拆分迁移。","True","22488","5423712DA6AF6691F3ABDA7E8E1FD4E09CFD86C3EF464AA36345718B53BEB0D1","2026-08-06T02:57:20.6052415Z"
"math_ops.cpp","File","迁移","App/MotorControl/Protocol","产品入口、算法辅助或共享数据定义；按阶段拆分迁移。","True","1867","17C9D9B6973898618E620F900B95560F67BEFFCEA0DD9FE3BDD9917B7DDF9D97","2026-07-16T05:13:01.8010088Z"
"math_ops.h","File","迁移","App/MotorControl/Protocol","产品入口、算法辅助或共享数据定义；按阶段拆分迁移。","True","515","1810A29D7F75A4A69A7395A6F1573A45B948B1375E95E41479D940E4EF5D4FAD","2021-01-05T01:22:30.0000000Z"
"mbed_config.h","File","吸收","BSP/Storage/新工程配置与阶段 0 合同","保留功能、资源或构建语义，不逐行照搬旧实现。","True","1470","4653A2B9CEE8C676B877E20A9D569B9F4C482C8CA82D81EB15213D129F8F1014","2021-01-05T01:22:30.0000000Z"
"mbed-dev","Directory","HAL/CubeMX 替代","CubeMX/HAL/CMSIS 生成层","旧 mbed、FastPWM、启动或 IDE 生成层；行为合同吸收后由 CubeMX/HAL 替代。",,,,"2026-08-27T16:39:39.7032561Z"
"mbed-dev.lib","File","HAL/CubeMX 替代","CubeMX/HAL/CMSIS 生成层","旧 mbed、FastPWM、启动或 IDE 生成层；行为合同吸收后由 CubeMX/HAL 替代。","True","67","541B20CF33870F0CD09FA98D5CFF89DF5DFD3A1D042D7D2E558CAA5C6B2DCB8B","2021-01-05T01:22:30.0000000Z"
"mbed-dev/cmsis","Directory","HAL/CubeMX 替代","CubeMX/HAL/CMSIS 生成层","旧 mbed、FastPWM、启动或 IDE 生成层；行为合同吸收后由 CubeMX/HAL 替代。",,,,"2026-08-27T16:39:39.2845482Z"
"mbed-dev/cmsis/arm_math.h","File","HAL/CubeMX 替代","CubeMX/HAL/CMSIS 生成层","旧 mbed、FastPWM、启动或 IDE 生成层；行为合同吸收后由 CubeMX/HAL 替代。","True","248441","D27EB49F295E83F0F2FDACEE68D3DEB16759050330578BE03DBD054A0D57006C","2021-01-05T01:22:30.0000000Z"
"mbed-dev/cmsis/core_armv8mbl.h","File","HAL/CubeMX 替代","CubeMX/HAL/CMSIS 生成层","旧 mbed、FastPWM、启动或 IDE 生成层；行为合同吸收后由 CubeMX/HAL 替代。","True","95201","716A53DD1C2CD4CC0CE0EA2ADC58E8B1A2AD553DE72F45C23EBA0AF422803C6E","2021-01-05T01:22:30.0000000Z"
"mbed-dev/cmsis/core_armv8mml.h","File","HAL/CubeMX 替代","CubeMX/HAL/CMSIS 生成层","旧 mbed、FastPWM、启动或 IDE 生成层；行为合同吸收后由 CubeMX/HAL 替代。","True","166822","E6AB2002C721E25C9A8DF6137878AB866C5A5E4D96C864A14E266CE3135DB06A","2021-01-05T01:22:30.0000000Z"
"mbed-dev/cmsis/core_ca.h","File","HAL/CubeMX 替代","CubeMX/HAL/CMSIS 生成层","旧 mbed、FastPWM、启动或 IDE 生成层；行为合同吸收后由 CubeMX/HAL 替代。","True","75450","A8306C7ACF80F32772CFD5977251F5590C502FED48219BA32D539CE503FC2785","2021-01-05T01:22:30.0000000Z"
"mbed-dev/cmsis/core_cm0.h","File","HAL/CubeMX 替代","CubeMX/HAL/CMSIS 生成层","旧 mbed、FastPWM、启动或 IDE 生成层；行为合同吸收后由 CubeMX/HAL 替代。","True","37768","51CC93EBD295E3076DFA7750FB795C8C2FC29DF38334F487E365A0DB58B4FDF4","2021-01-05T01:22:30.0000000Z"
"mbed-dev/cmsis/core_cm0plus.h","File","HAL/CubeMX 替代","CubeMX/HAL/CMSIS 生成层","旧 mbed、FastPWM、启动或 IDE 生成层；行为合同吸收后由 CubeMX/HAL 替代。","True","45674","050EC750BBF650772EEBEDB1819342236E356F0D7BC7E29FD2F0F4544E9F71EA","2021-01-05T01:22:30.0000000Z"
"mbed-dev/cmsis/core_cm23.h","File","HAL/CubeMX 替代","CubeMX/HAL/CMSIS 生成层","旧 mbed、FastPWM、启动或 IDE 生成层；行为合同吸收后由 CubeMX/HAL 替代。","True","95120","44FEEB07C7A7A88F4C009DA8633FBF18DD78367E09D811E8E703704043A29DB4","2021-01-05T01:22:30.0000000Z"
"mbed-dev/cmsis/core_cm3.h","File","HAL/CubeMX 替代","CubeMX/HAL/CMSIS 生成层","旧 mbed、FastPWM、启动或 IDE 生成层；行为合同吸收后由 CubeMX/HAL 替代。","True","108818","4011ECD84D56F63CB886DE946645D9992609943E459DB5C2606CBE128D355F07","2021-01-05T01:22:30.0000000Z"
"mbed-dev/cmsis/core_cm33.h","File","HAL/CubeMX 替代","CubeMX/HAL/CMSIS 生成层","旧 mbed、FastPWM、启动或 IDE 生成层；行为合同吸收后由 CubeMX/HAL 替代。","True","166719","4AF155F3BC24AAC02B6B69DDB668F82D0EEDEAFE3CACAF88417F7BA0CC3F6C0E","2021-01-05T01:22:30.0000000Z"
"mbed-dev/cmsis/core_cm4.h","File","HAL/CubeMX 替代","CubeMX/HAL/CMSIS 生成层","旧 mbed、FastPWM、启动或 IDE 生成层；行为合同吸收后由 CubeMX/HAL 替代。","True","119975","BA02151A30CD947F31058768A2B677DC22FEA681C6ACB75D104739699CF6F317","2021-01-05T01:22:30.0000000Z"
"mbed-dev/cmsis/core_cm7.h","File","HAL/CubeMX 替代","CubeMX/HAL/CMSIS 生成层","旧 mbed、FastPWM、启动或 IDE 生成层；行为合同吸收后由 CubeMX/HAL 替代。","True","144442","B6B06A64C86CD2911CB353AB3ECA2CC6E83D978B64716A9821368C654F0FC4C6","2021-01-05T01:22:30.0000000Z"
"mbed-dev/cmsis/core_cmSecureAccess.h","File","HAL/CubeMX 替代","CubeMX/HAL/CMSIS 生成层","旧 mbed、FastPWM、启动或 IDE 生成层；行为合同吸收后由 CubeMX/HAL 替代。","True","7290","95CF811244399338F813624FE699ABE878EC8BCE086B170CCF5875DF5B821F98","2021-01-05T01:22:30.0000000Z"
"mbed-dev/cmsis/core_sc000.h","File","HAL/CubeMX 替代","CubeMX/HAL/CMSIS 生成层","旧 mbed、FastPWM、启动或 IDE 生成层；行为合同吸收后由 CubeMX/HAL 替代。","True","45763","3129E28FC6997298454CEFBCD96E3DC985630F14BAA8BFAC3E996B87142759A5","2021-01-05T01:22:30.0000000Z"
"mbed-dev/cmsis/core_sc300.h","File","HAL/CubeMX 替代","CubeMX/HAL/CMSIS 生成层","旧 mbed、FastPWM、启动或 IDE 生成层；行为合同吸收后由 CubeMX/HAL 替代。","True","107732","0CBE71D6131F82455B6DCEC541FBD10D5AF86BA79E1475DDBB95AF39EF9957A5","2021-01-05T01:22:30.0000000Z"
"mbed-dev/cmsis/TARGET_CORTEX_M","Directory","HAL/CubeMX 替代","CubeMX/HAL/CMSIS 生成层","旧 mbed、FastPWM、启动或 IDE 生成层；行为合同吸收后由 CubeMX/HAL 替代。",,,,"2026-08-27T16:39:39.2905492Z"
"mbed-dev/cmsis/TARGET_CORTEX_M/cmsis_compiler.h","File","HAL/CubeMX 替代","CubeMX/HAL/CMSIS 生成层","旧 mbed、FastPWM、启动或 IDE 生成层；行为合同吸收后由 CubeMX/HAL 替代。","True","10463","67DCED492C035C6F52A11264A3810B3C2B895EA90368DF9B576833A617448CC0","2021-01-05T01:22:30.0000000Z"
"mbed-dev/cmsis/TARGET_CORTEX_M/TOOLCHAIN_ARM","Directory","HAL/CubeMX 替代","CubeMX/HAL/CMSIS 生成层","旧 mbed、FastPWM、启动或 IDE 生成层；行为合同吸收后由 CubeMX/HAL 替代。",,,,"2026-08-27T16:39:39.2955460Z"
"mbed-dev/cmsis/TARGET_CORTEX_M/TOOLCHAIN_ARM/cmsis_armcc.h","File","HAL/CubeMX 替代","CubeMX/HAL/CMSIS 生成层","旧 mbed、FastPWM、启动或 IDE 生成层；行为合同吸收后由 CubeMX/HAL 替代。","True","25796","DDF173B42C63B2041EB2F08C640A54596D6F6C9E5A294F63ADE09B7A9D2E57D3","2021-01-05T01:22:30.0000000Z"
"mbed-dev/cmsis/TARGET_CORTEX_M/TOOLCHAIN_ARM/cmsis_armclang.h","File","HAL/CubeMX 替代","CubeMX/HAL/CMSIS 生成层","旧 mbed、FastPWM、启动或 IDE 生成层；行为合同吸收后由 CubeMX/HAL 替代。","True","55008","7FE6FAB6E8F3FE848073E67F7A0D105155887A031D8E1409EF6049AE305C2081","2021-01-05T01:22:30.0000000Z"
"mbed-dev/cmsis/tz_context.h","File","HAL/CubeMX 替代","CubeMX/HAL/CMSIS 生成层","旧 mbed、FastPWM、启动或 IDE 生成层；行为合同吸收后由 CubeMX/HAL 替代。","True","2534","B79E8A5F476D5C6331764BCF8E1590316A50176AC5336E4A822D844D7C67EBD1","2021-01-05T01:22:30.0000000Z"
"mbed-dev/drivers","Directory","HAL/CubeMX 替代","CubeMX/HAL/CMSIS 生成层","旧 mbed、FastPWM、启动或 IDE 生成层；行为合同吸收后由 CubeMX/HAL 替代。",,,,"2026-08-27T16:39:39.4329371Z"
"mbed-dev/drivers/AnalogIn.cpp","File","HAL/CubeMX 替代","CubeMX/HAL/CMSIS 生成层","旧 mbed、FastPWM、启动或 IDE 生成层；行为合同吸收后由 CubeMX/HAL 替代。","True","762","04EE4B73E5BCF432F97DB2580CAC7E306E3B259B41425636A36F9A444705621B","2021-01-05T01:22:30.0000000Z"
"mbed-dev/drivers/AnalogIn.h","File","HAL/CubeMX 替代","CubeMX/HAL/CMSIS 生成层","旧 mbed、FastPWM、启动或 IDE 生成层；行为合同吸收后由 CubeMX/HAL 替代。","True","3033","B9389D6E2CE4FB08A2FB23F21C1628E68D0623E6A02E47F829112DDF0FE1C7B8","2021-01-05T01:22:30.0000000Z"
"mbed-dev/drivers/AnalogOut.h","File","HAL/CubeMX 替代","CubeMX/HAL/CMSIS 生成层","旧 mbed、FastPWM、启动或 IDE 生成层；行为合同吸收后由 CubeMX/HAL 替代。","True","3855","4AD162C9A56358D1334B8E26AFCBD8B8E2BFD0F30141E3F61E678E50B46C8086","2021-01-05T01:22:30.0000000Z"
"mbed-dev/drivers/BusIn.cpp","File","HAL/CubeMX 替代","CubeMX/HAL/CMSIS 生成层","旧 mbed、FastPWM、启动或 IDE 生成层；行为合同吸收后由 CubeMX/HAL 替代。","True","2465","BAF89CC7441ED9AE846E0ECCA7B981DC6F11424332ACA4AA991D7F8A864E43EB","2021-01-05T01:22:30.0000000Z"
"mbed-dev/drivers/BusIn.h","File","HAL/CubeMX 替代","CubeMX/HAL/CMSIS 生成层","旧 mbed、FastPWM、启动或 IDE 生成层；行为合同吸收后由 CubeMX/HAL 替代。","True","3934","E4004FB2531EB5B786DFA73A9AA6C26B33A28E114718C24450E2E6E18568D55B","2021-01-05T01:22:30.0000000Z"
"mbed-dev/drivers/BusInOut.cpp","File","HAL/CubeMX 替代","CubeMX/HAL/CMSIS 生成层","旧 mbed、FastPWM、启动或 IDE 生成层；行为合同吸收后由 CubeMX/HAL 替代。","True","3261","375503BCB57127DD5B6A1B53524D147235E1D4C3105471A157435EE933F90119","2021-01-05T01:22:30.0000000Z"
"mbed-dev/drivers/BusInOut.h","File","HAL/CubeMX 替代","CubeMX/HAL/CMSIS 生成层","旧 mbed、FastPWM、启动或 IDE 生成层；行为合同吸收后由 CubeMX/HAL 替代。","True","4431","F57CCF77C31489FBBB1740D4C74899F5AF89611914B5025B4B78F371E93E26F7","2021-01-05T01:22:30.0000000Z"
"mbed-dev/drivers/BusOut.cpp","File","HAL/CubeMX 替代","CubeMX/HAL/CMSIS 生成层","旧 mbed、FastPWM、启动或 IDE 生成层；行为合同吸收后由 CubeMX/HAL 替代。","True","2727","CDFC623B839AEA284AE5856EDD8FBC16954D583CB8A9AA3BA2FB0DC3598B9E2D","2021-01-05T01:22:30.0000000Z"
"mbed-dev/drivers/BusOut.h","File","HAL/CubeMX 替代","CubeMX/HAL/CMSIS 生成层","旧 mbed、FastPWM、启动或 IDE 生成层；行为合同吸收后由 CubeMX/HAL 替代。","True","4094","FE1240790E5991C07EA74BCBACDE93198A65F1AB411166F26F9608318198FB22","2021-01-05T01:22:30.0000000Z"
"mbed-dev/drivers/CAN.cpp","File","HAL/CubeMX 替代","CubeMX/HAL/CMSIS 生成层","旧 mbed、FastPWM、启动或 IDE 生成层；行为合同吸收后由 CubeMX/HAL 替代。","True","3500","CCAD5AE72E279AF9F9E523C764499FBB963270AF742D2A4F8CDD51443C44B802","2021-01-05T01:22:30.0000000Z"
"mbed-dev/drivers/CAN.h","File","HAL/CubeMX 替代","CubeMX/HAL/CMSIS 生成层","旧 mbed、FastPWM、启动或 IDE 生成层；行为合同吸收后由 CubeMX/HAL 替代。","True","8971","C1E5E45F5C4F972887DE4285FD361A39934DCA4EFD6CADB50663B60643D52E8C","2021-01-05T01:22:30.0000000Z"
"mbed-dev/drivers/DigitalIn.h","File","HAL/CubeMX 替代","CubeMX/HAL/CMSIS 生成层","旧 mbed、FastPWM、启动或 IDE 生成层；行为合同吸收后由 CubeMX/HAL 替代。","True","2930","9342D95412CDFCCE30838FA3DAC06FFB4DBE76C75C1A663DC78492BA75797A72","2021-01-05T01:22:30.0000000Z"
"mbed-dev/drivers/DigitalInOut.h","File","HAL/CubeMX 替代","CubeMX/HAL/CMSIS 生成层","旧 mbed、FastPWM、启动或 IDE 生成层；行为合同吸收后由 CubeMX/HAL 替代。","True","4044","013CF34E2AFC18373A0E490DADDC83D8C14225A7135760189343DB984C222158","2021-01-05T01:22:30.0000000Z"
"mbed-dev/drivers/DigitalOut.h","File","HAL/CubeMX 替代","CubeMX/HAL/CMSIS 生成层","旧 mbed、FastPWM、启动或 IDE 生成层；行为合同吸收后由 CubeMX/HAL 替代。","True","3364","FF63DD6728C3009CBEAD3F35C6899314681F6ECFA3CB26E3133A0315180D1688","2021-01-05T01:22:30.0000000Z"
"mbed-dev/drivers/Ethernet.cpp","File","HAL/CubeMX 替代","CubeMX/HAL/CMSIS 生成层","旧 mbed、FastPWM、启动或 IDE 生成层；行为合同吸收后由 CubeMX/HAL 替代。","True","1719","B7AC42343D3E70BDF983C2F830DB034739D68DD1B40C32B6992460099B80930F","2021-01-05T01:22:30.0000000Z"
"mbed-dev/drivers/Ethernet.h","File","HAL/CubeMX 替代","CubeMX/HAL/CMSIS 生成层","旧 mbed、FastPWM、启动或 IDE 生成层；行为合同吸收后由 CubeMX/HAL 替代。","True","4771","FEFE6515A66C3413ED0B28BC4BDEBD7F48E767E0F5092A293A62C0D57260781E","2021-01-05T01:22:30.0000000Z"
"mbed-dev/drivers/FlashIAP.cpp","File","HAL/CubeMX 替代","CubeMX/HAL/CMSIS 生成层","旧 mbed、FastPWM、启动或 IDE 生成层；行为合同吸收后由 CubeMX/HAL 替代。","True","4089","6836D6CEE29844C57202B42A5DEE0BB80BD2E751ABE0250B62B3A73D61132CD2","2021-01-05T01:22:30.0000000Z"
"mbed-dev/drivers/FlashIAP.h","File","HAL/CubeMX 替代","CubeMX/HAL/CMSIS 生成层","旧 mbed、FastPWM、启动或 IDE 生成层；行为合同吸收后由 CubeMX/HAL 替代。","True","4601","CA1EE0ABA0323D1E12AD59E460DA6826E77898DBDC29FD78C7AAEF7ABB667518","2021-01-05T01:22:30.0000000Z"
"mbed-dev/drivers/I2C.cpp","File","HAL/CubeMX 替代","CubeMX/HAL/CMSIS 生成层","旧 mbed、FastPWM、启动或 IDE 生成层；行为合同吸收后由 CubeMX/HAL 替代。","True","3742","23203C05994A8F609CCFDB68BA2B34FB390A38E7D4CBE27451E923F2C49BA31F","2021-01-05T01:22:30.0000000Z"
"mbed-dev/drivers/I2C.h","File","HAL/CubeMX 替代","CubeMX/HAL/CMSIS 生成层","旧 mbed、FastPWM、启动或 IDE 生成层；行为合同吸收后由 CubeMX/HAL 替代。","True","5285","978307B918FF42300EE9666F990197B1C138166E5860A4EFA74EEC45CF65BB2D","2021-01-05T01:22:30.0000000Z"
"mbed-dev/drivers/I2CSlave.cpp","File","HAL/CubeMX 替代","CubeMX/HAL/CMSIS 生成层","旧 mbed、FastPWM、启动或 IDE 生成层；行为合同吸收后由 CubeMX/HAL 替代。","True","1538","84A8951ED0FE2DA212BA24D99B871EE58CD31585B23A7737C4E1F940427D957D","2021-01-05T01:22:30.0000000Z"
"mbed-dev/drivers/I2CSlave.h","File","HAL/CubeMX 替代","CubeMX/HAL/CMSIS 生成层","旧 mbed、FastPWM、启动或 IDE 生成层；行为合同吸收后由 CubeMX/HAL 替代。","True","4137","A02513262AB9779979C405DA5C72484C6293CA85381AE3253EA7E97A6BAA830C","2021-01-05T01:22:30.0000000Z"
"mbed-dev/drivers/InterruptIn.cpp","File","HAL/CubeMX 替代","CubeMX/HAL/CMSIS 生成层","旧 mbed、FastPWM、启动或 IDE 生成层；行为合同吸收后由 CubeMX/HAL 替代。","True","2834","C179DDF77208480A23DDC0146B8DBD995510E1860FEC8219BD1A08009567F017","2021-01-05T01:22:30.0000000Z"
"mbed-dev/drivers/InterruptIn.h","File","HAL/CubeMX 替代","CubeMX/HAL/CMSIS 生成层","旧 mbed、FastPWM、启动或 IDE 生成层；行为合同吸收后由 CubeMX/HAL 替代。","True","4605","B168DEBD85274C9F3511E2367A74D7680B35A6ED977351830F4397A98419395E","2021-01-05T01:22:30.0000000Z"
"mbed-dev/drivers/InterruptManager.cpp","File","HAL/CubeMX 替代","CubeMX/HAL/CMSIS 生成层","旧 mbed、FastPWM、启动或 IDE 生成层；行为合同吸收后由 CubeMX/HAL 替代。","True","3562","496781FB8A492A8CA7378DDEBB3A5B6A274FF032864E96587FC5B3FEFA31FE9C","2021-01-05T01:22:30.0000000Z"
"mbed-dev/drivers/InterruptManager.h","File","HAL/CubeMX 替代","CubeMX/HAL/CMSIS 生成层","旧 mbed、FastPWM、启动或 IDE 生成层；行为合同吸收后由 CubeMX/HAL 替代。","True","5079","A157F1FF14E7F60ABBEEF58EBA55EE4AD6129E7FD0F1C1CFECAF8DC624FD3E4B","2021-01-05T01:22:30.0000000Z"
"mbed-dev/drivers/LowPowerTicker.h","File","HAL/CubeMX 替代","CubeMX/HAL/CMSIS 生成层","旧 mbed、FastPWM、启动或 IDE 生成层；行为合同吸收后由 CubeMX/HAL 替代。","True","1240","5D8241EA1FF3E552E283D73327146031498EDFDBBAD647857EAF97909A33C86D","2021-01-05T01:22:30.0000000Z"
"mbed-dev/drivers/LowPowerTimeout.h","File","HAL/CubeMX 替代","CubeMX/HAL/CMSIS 生成层","旧 mbed、FastPWM、启动或 IDE 生成层；行为合同吸收后由 CubeMX/HAL 替代。","True","1209","BB612C7B7196FC98BBC63045FE417CAFCECF730C55460B172369FBCEF588700F","2021-01-05T01:22:30.0000000Z"
"mbed-dev/drivers/LowPowerTimer.h","File","HAL/CubeMX 替代","CubeMX/HAL/CMSIS 生成层","旧 mbed、FastPWM、启动或 IDE 生成层；行为合同吸收后由 CubeMX/HAL 替代。","True","1193","6B61E65A6DB3806690C9E863BEA63D3DE781A66172289C962AEB896842F4A4AA","2021-01-05T01:22:30.0000000Z"
"mbed-dev/drivers/mbed_lib.json","File","HAL/CubeMX 替代","CubeMX/HAL/CMSIS 生成层","旧 mbed、FastPWM、启动或 IDE 生成层；行为合同吸收后由 CubeMX/HAL 替代。","True","364","4734DA5788A9DB8D7EDBDE243CC45DED95ED754116CEE4D56FBC74CF0F403FD4","2021-01-05T01:22:30.0000000Z"
"mbed-dev/drivers/PortIn.h","File","HAL/CubeMX 替代","CubeMX/HAL/CMSIS 生成层","旧 mbed、FastPWM、启动或 IDE 生成层；行为合同吸收后由 CubeMX/HAL 替代。","True","2445","27D7D03A3DD3EB7DACA3261F683AD576C9FBA6EDA0137F03F74AEE567A890776","2021-01-05T01:22:30.0000000Z"
"mbed-dev/drivers/PortInOut.h","File","HAL/CubeMX 替代","CubeMX/HAL/CMSIS 生成层","旧 mbed、FastPWM、启动或 IDE 生成层；行为合同吸收后由 CubeMX/HAL 替代。","True","3071","DA6E1D9440F1A127FFDCC82FA9D4C5081BD28902DF9E0A6E83C6A8FD15F2E4A8","2021-01-05T01:22:30.0000000Z"
"mbed-dev/drivers/PortOut.h","File","HAL/CubeMX 替代","CubeMX/HAL/CMSIS 生成层","旧 mbed、FastPWM、启动或 IDE 生成层；行为合同吸收后由 CubeMX/HAL 替代。","True","2742","59883DAB53A7F25C3161F01845D739430E8A14371170D127A49AB2B670ADA7A8","2021-01-05T01:22:30.0000000Z"
"mbed-dev/drivers/PwmOut.h","File","HAL/CubeMX 替代","CubeMX/HAL/CMSIS 生成层","旧 mbed、FastPWM、启动或 IDE 生成层；行为合同吸收后由 CubeMX/HAL 替代。","True","6393","0C3E96A9766C76A659EA961EA745D48121747077691B0EB51E1B867A072AE17D","2021-01-05T01:22:30.0000000Z"
"mbed-dev/drivers/RawSerial.cpp","File","HAL/CubeMX 替代","CubeMX/HAL/CMSIS 生成层","旧 mbed、FastPWM、启动或 IDE 生成层；行为合同吸收后由 CubeMX/HAL 替代。","True","2490","B863701CCFE2DE0AE418D0FDE961C41136F0F41E85008B93BD670B9D1FAC6740","2021-01-05T01:22:30.0000000Z"
"mbed-dev/drivers/RawSerial.h","File","HAL/CubeMX 替代","CubeMX/HAL/CMSIS 生成层","旧 mbed、FastPWM、启动或 IDE 生成层；行为合同吸收后由 CubeMX/HAL 替代。","True","2792","2CF4C6ADAD3455F7080514AD0EBC522E3548D1CEDCA6201B3C6090C7A864F11D","2021-01-05T01:22:30.0000000Z"
"mbed-dev/drivers/Serial.cpp","File","HAL/CubeMX 替代","CubeMX/HAL/CMSIS 生成层","旧 mbed、FastPWM、启动或 IDE 生成层；行为合同吸收后由 CubeMX/HAL 替代。","True","1226","D52C15479B546138FFB5710F43E7450B324245885B0F8721AEF58CF03012A584","2021-01-05T01:22:30.0000000Z"
"mbed-dev/drivers/Serial.h","File","HAL/CubeMX 替代","CubeMX/HAL/CMSIS 生成层","旧 mbed、FastPWM、启动或 IDE 生成层；行为合同吸收后由 CubeMX/HAL 替代。","True","3134","C458670B7712F1102885956B7B4F458EA26DBAF4968E66F7E5C1F4F87DF91025","2021-01-05T01:22:30.0000000Z"
"mbed-dev/drivers/SerialBase.cpp","File","HAL/CubeMX 替代","CubeMX/HAL/CMSIS 生成层","旧 mbed、FastPWM、启动或 IDE 生成层；行为合同吸收后由 CubeMX/HAL 替代。","True","7891","9ADC66917FB92571FA6A9CA3D4115462C9B0644C5B3955FABED9C840E7C7C914","2021-01-05T01:22:30.0000000Z"
"mbed-dev/drivers/SerialBase.h","File","HAL/CubeMX 替代","CubeMX/HAL/CMSIS 生成层","旧 mbed、FastPWM、启动或 IDE 生成层；行为合同吸收后由 CubeMX/HAL 替代。","True","9158","D2391DC89371CB62049C54DC1C54C40EE2167F958902514C73FCD3E4DBC96CED","2021-01-05T01:22:30.0000000Z"
"mbed-dev/drivers/SPI.cpp","File","HAL/CubeMX 替代","CubeMX/HAL/CMSIS 生成层","旧 mbed、FastPWM、启动或 IDE 生成层；行为合同吸收后由 CubeMX/HAL 替代。","True","6276","3CB2E08E5539B128F4E1C26C0FAAF992266F48A4FA02A5BE31B2A252E3032995","2021-01-05T01:22:30.0000000Z"
"mbed-dev/drivers/SPI.h","File","HAL/CubeMX 替代","CubeMX/HAL/CMSIS 生成层","旧 mbed、FastPWM、启动或 IDE 生成层；行为合同吸收后由 CubeMX/HAL 替代。","True","9880","07E7A0924309CC4A68DE65024D5F3C6FEC4CF00B1E3A35915C0EBE8F423D3281","2021-01-05T01:22:30.0000000Z"
"mbed-dev/drivers/SPISlave.cpp","File","HAL/CubeMX 替代","CubeMX/HAL/CMSIS 生成层","旧 mbed、FastPWM、启动或 IDE 生成层；行为合同吸收后由 CubeMX/HAL 替代。","True","1401","914881A3E30C8AFF5730A65AC960FBC9798F405AF479D519AE7C41362219CF94","2021-01-05T01:22:30.0000000Z"
"mbed-dev/drivers/SPISlave.h","File","HAL/CubeMX 替代","CubeMX/HAL/CMSIS 生成层","旧 mbed、FastPWM、启动或 IDE 生成层；行为合同吸收后由 CubeMX/HAL 替代。","True","3241","76EC41E0C6CFE1B388BBCEBF42A9E66B0E55A9598DC5248E0BBAC066DE27707B","2021-01-05T01:22:30.0000000Z"
"mbed-dev/drivers/Ticker.cpp","File","HAL/CubeMX 替代","CubeMX/HAL/CMSIS 生成层","旧 mbed、FastPWM、启动或 IDE 生成层；行为合同吸收后由 CubeMX/HAL 替代。","True","1486","B23820DF9CB4AC72E68051EC4E2A2EF75CD6F9B9AE9A0286F1A335C570397EAB","2021-01-05T01:22:30.0000000Z"
"mbed-dev/drivers/Ticker.h","File","HAL/CubeMX 替代","CubeMX/HAL/CMSIS 生成层","旧 mbed、FastPWM、启动或 IDE 生成层；行为合同吸收后由 CubeMX/HAL 替代。","True","5231","1A54324DE666FDF27E1341E0C689213959B0225136F7A8498AA01CB5F42183B0","2021-01-05T01:22:30.0000000Z"
"mbed-dev/drivers/Timeout.cpp","File","HAL/CubeMX 替代","CubeMX/HAL/CMSIS 生成层","旧 mbed、FastPWM、启动或 IDE 生成层；行为合同吸收后由 CubeMX/HAL 替代。","True","752","B3658AF8B563C509EB6EA0EB95DEFA0E9AB420C37E16BF19F336DE17893B263C","2021-01-05T01:22:30.0000000Z"
"mbed-dev/drivers/Timeout.h","File","HAL/CubeMX 替代","CubeMX/HAL/CMSIS 生成层","旧 mbed、FastPWM、启动或 IDE 生成层；行为合同吸收后由 CubeMX/HAL 替代。","True","1495","EDD583F7E5A74AFFD48193E234F717C10BEF6AB5674C010E150E2393116DB36A","2021-01-05T01:22:30.0000000Z"
"mbed-dev/drivers/Timer.cpp","File","HAL/CubeMX 替代","CubeMX/HAL/CMSIS 生成层","旧 mbed、FastPWM、启动或 IDE 生成层；行为合同吸收后由 CubeMX/HAL 替代。","True","2793","CB6BCCF776B9668E4979A01166137AB695FCE5539A3D34765B2A8104095F3CE2","2021-01-05T01:22:30.0000000Z"
"mbed-dev/drivers/Timer.h","File","HAL/CubeMX 替代","CubeMX/HAL/CMSIS 生成层","旧 mbed、FastPWM、启动或 IDE 生成层；行为合同吸收后由 CubeMX/HAL 替代。","True","2604","7CC439F1C7C4F5CB5798B6BB61CB8DF391E5A536777CE0BACECC96F90F0A54B3","2021-01-05T01:22:30.0000000Z"
"mbed-dev/drivers/TimerEvent.cpp","File","HAL/CubeMX 替代","CubeMX/HAL/CMSIS 生成层","旧 mbed、FastPWM、启动或 IDE 生成层；行为合同吸收后由 CubeMX/HAL 替代。","True","1612","B556FEB42E71D55DBA03A8556ABB91E50EF52150DBEB98EA7696E1DF483725B7","2021-01-05T01:22:30.0000000Z"
"mbed-dev/drivers/TimerEvent.h","File","HAL/CubeMX 替代","CubeMX/HAL/CMSIS 生成层","旧 mbed、FastPWM、启动或 IDE 生成层；行为合同吸收后由 CubeMX/HAL 替代。","True","1762","CA66DE21C5E6D25281525B578264A86F99F636B0881905AA7BF1511A42C5F913","2021-01-05T01:22:30.0000000Z"
"mbed-dev/drivers/UARTSerial.cpp","File","HAL/CubeMX 替代","CubeMX/HAL/CMSIS 生成层","旧 mbed、FastPWM、启动或 IDE 生成层；行为合同吸收后由 CubeMX/HAL 替代。","True","6377","77091EB2A215F62D137EF04E21D6B9E6726E112A13B797EB6D926E63AA5E6F0E","2021-01-05T01:22:30.0000000Z"
"mbed-dev/drivers/UARTSerial.h","File","HAL/CubeMX 替代","CubeMX/HAL/CMSIS 生成层","旧 mbed、FastPWM、启动或 IDE 生成层；行为合同吸收后由 CubeMX/HAL 替代。","True","6996","2CD5B554CF4480A5356DC9D7569C9477083021BEE2A8830B34EBAED7E8DC5442","2021-01-05T01:22:30.0000000Z"
"mbed-dev/hal","Directory","HAL/CubeMX 替代","CubeMX/HAL/CMSIS 生成层","旧 mbed、FastPWM、启动或 IDE 生成层；行为合同吸收后由 CubeMX/HAL 替代。",,,,"2026-08-27T16:39:39.5129393Z"
"mbed-dev/hal/analogin_api.h","File","HAL/CubeMX 替代","CubeMX/HAL/CMSIS 生成层","旧 mbed、FastPWM、启动或 IDE 生成层；行为合同吸收后由 CubeMX/HAL 替代。","True","1727","6FFCDB254AC10E48BBFF6D659AA2F944D2A7E18FB0A651A6271F6296EF21E003","2021-01-05T01:22:30.0000000Z"
"mbed-dev/hal/analogout_api.h","File","HAL/CubeMX 替代","CubeMX/HAL/CMSIS 生成层","旧 mbed、FastPWM、启动或 IDE 生成层；行为合同吸收后由 CubeMX/HAL 替代。","True","2328","0386046D2D06928D482C898D5DA903DEBAB1BE321DBA0632E00F60A32DED257A","2021-01-05T01:22:30.0000000Z"
"mbed-dev/hal/buffer.h","File","HAL/CubeMX 替代","CubeMX/HAL/CMSIS 生成层","旧 mbed、FastPWM、启动或 IDE 生成层；行为合同吸收后由 CubeMX/HAL 替代。","True","1073","1D9589DEB73B20111622EC135257D202CFDEC214AAC9DF3E67AC78BE48D3308A","2021-01-05T01:22:30.0000000Z"
"mbed-dev/hal/can_api.h","File","HAL/CubeMX 替代","CubeMX/HAL/CMSIS 生成层","旧 mbed、FastPWM、启动或 IDE 生成层；行为合同吸收后由 CubeMX/HAL 替代。","True","2233","60252E4357EF6DA4B56964F13D360FB07BDC4446D1C550C833643BC2AAA88476","2021-01-05T01:22:30.0000000Z"
"mbed-dev/hal/can_helper.h","File","HAL/CubeMX 替代","CubeMX/HAL/CMSIS 生成层","旧 mbed、FastPWM、启动或 IDE 生成层；行为合同吸收后由 CubeMX/HAL 替代。","True","1659","8FB0A3E3DFE70045AA2DA5B3CCFDC01699F0AFCC2B778CA407AB04E5BDB88818","2021-01-05T01:22:30.0000000Z"
"mbed-dev/hal/dma_api.h","File","HAL/CubeMX 替代","CubeMX/HAL/CMSIS 生成层","旧 mbed、FastPWM、启动或 IDE 生成层；行为合同吸收后由 CubeMX/HAL 替代。","True","1129","EDFDB4E5566D91446A023951398D727F37B81488DC4900D4024C7336D0F02402","2021-01-05T01:22:30.0000000Z"
"mbed-dev/hal/emac_api.h","File","HAL/CubeMX 替代","CubeMX/HAL/CMSIS 生成层","旧 mbed、FastPWM、启动或 IDE 生成层；行为合同吸收后由 CubeMX/HAL 替代。","True","4639","13A335571762E47F297FEBA82C2C1B0DAE370BC86C28240F56DB83FAB82DC538","2021-01-05T01:22:30.0000000Z"
"mbed-dev/hal/ethernet_api.h","File","HAL/CubeMX 替代","CubeMX/HAL/CMSIS 生成层","旧 mbed、FastPWM、启动或 IDE 生成层；行为合同吸收后由 CubeMX/HAL 替代。","True","1620","6774FEAE2C4CDC0452FB40E39EEBCF3DBD66CECCFC3500BED455F24FF88868F3","2021-01-05T01:22:30.0000000Z"
"mbed-dev/hal/flash_api.h","File","HAL/CubeMX 替代","CubeMX/HAL/CMSIS 生成层","旧 mbed、FastPWM、启动或 IDE 生成层；行为合同吸收后由 CubeMX/HAL 替代。","True","3403","EB1D896A3499149A708E1B2C2CD648C63437F5FC48E528AC23420168FF29C4FF","2021-01-05T01:22:30.0000000Z"
"mbed-dev/hal/gpio_api.h","File","HAL/CubeMX 替代","CubeMX/HAL/CMSIS 生成层","旧 mbed、FastPWM、启动或 IDE 生成层；行为合同吸收后由 CubeMX/HAL 替代。","True","3325","65AB073373F9D75AA24F51341EF05ECAA3BA073BCA7CFA3032086E3BA31ED79B","2021-01-05T01:22:30.0000000Z"
"mbed-dev/hal/gpio_irq_api.h","File","HAL/CubeMX 替代","CubeMX/HAL/CMSIS 生成层","旧 mbed、FastPWM、启动或 IDE 生成层；行为合同吸收后由 CubeMX/HAL 替代。","True","2258","C5FA5E171CFFEAB04D28D96800212555C3198F870DF2C68E9B5BD24BE0D72E00","2021-01-05T01:22:30.0000000Z"
"mbed-dev/hal/i2c_api.h","File","HAL/CubeMX 替代","CubeMX/HAL/CMSIS 生成层","旧 mbed、FastPWM、启动或 IDE 生成层；行为合同吸收后由 CubeMX/HAL 替代。","True","6685","1A504963D2D68ADAB4E16FBA7A76A6B85862CCC97428E00094F21E9D676C40FC","2021-01-05T01:22:30.0000000Z"
"mbed-dev/hal/lp_ticker_api.h","File","HAL/CubeMX 替代","CubeMX/HAL/CMSIS 生成层","旧 mbed、FastPWM、启动或 IDE 生成层；行为合同吸收后由 CubeMX/HAL 替代。","True","1919","561EEF05344A67AE6BA0698B160C22B5BFD6CC0F266DBD261FC42251E1A3AF65","2021-01-05T01:22:30.0000000Z"
"mbed-dev/hal/mbed_flash_api.c","File","HAL/CubeMX 替代","CubeMX/HAL/CMSIS 生成层","旧 mbed、FastPWM、启动或 IDE 生成层；行为合同吸收后由 CubeMX/HAL 替代。","True","897","FDB596B06FB987C9D4747190E7BE26849CAA841BF1BCDC6804DD26A69EBE8C7F","2021-01-05T01:22:30.0000000Z"
"mbed-dev/hal/mbed_gpio.c","File","HAL/CubeMX 替代","CubeMX/HAL/CMSIS 生成层","旧 mbed、FastPWM、启动或 IDE 生成层；行为合同吸收后由 CubeMX/HAL 替代。","True","1855","3A53AAD981F145BDD71027A423C5D560C63DAAC0B498BB22B6F3473F2EACF693","2021-01-05T01:22:30.0000000Z"
"mbed-dev/hal/mbed_lp_ticker_api.c","File","HAL/CubeMX 替代","CubeMX/HAL/CMSIS 生成层","旧 mbed、FastPWM、启动或 IDE 生成层；行为合同吸收后由 CubeMX/HAL 替代。","True","1286","09B4B4BFD2748A4FF03FE48926C825D946EC3A5338AB187813FDC83E75BA4C79","2021-01-05T01:22:30.0000000Z"
"mbed-dev/hal/mbed_pinmap_common.c","File","HAL/CubeMX 替代","CubeMX/HAL/CMSIS 生成层","旧 mbed、FastPWM、启动或 IDE 生成层；行为合同吸收后由 CubeMX/HAL 替代。","True","2438","7322898FC5FDA1F4F611728946721AA301DAAFA1E761C9397B85D85CC0046CCF","2021-01-05T01:22:30.0000000Z"
"mbed-dev/hal/mbed_sleep_manager.c","File","HAL/CubeMX 替代","CubeMX/HAL/CMSIS 生成层","旧 mbed、FastPWM、启动或 IDE 生成层；行为合同吸收后由 CubeMX/HAL 替代。","True","2259","6632C00F616355636305BEBD9705E576314D9F2A150626FAE8CCA26FD89E9F23","2021-01-05T01:22:30.0000000Z"
"mbed-dev/hal/mbed_ticker_api.c","File","HAL/CubeMX 替代","CubeMX/HAL/CMSIS 生成层","旧 mbed、FastPWM、启动或 IDE 生成层；行为合同吸收后由 CubeMX/HAL 替代。","True","8908","EAC520AC16A6EDD0FC6B7E5B2CE4582A750D05AE9E668BA0856CE5E9B1A18A06","2021-01-05T01:22:30.0000000Z"
"mbed-dev/hal/mbed_us_ticker_api.c","File","HAL/CubeMX 替代","CubeMX/HAL/CMSIS 生成层","旧 mbed、FastPWM、启动或 IDE 生成层；行为合同吸收后由 CubeMX/HAL 替代。","True","1251","A7948AB4D120F45832A0ED178FE6D971BCFB1C1A89E232DDEBC13AF21A594051","2021-01-05T01:22:30.0000000Z"
"mbed-dev/hal/pinmap.h","File","HAL/CubeMX 替代","CubeMX/HAL/CMSIS 生成层","旧 mbed、FastPWM、启动或 IDE 生成层；行为合同吸收后由 CubeMX/HAL 替代。","True","1355","456E9AF2C0D5B5BD31CE9BBC04815F009D54276C160E2434FC60FCF7EFEC94F1","2021-01-05T01:22:30.0000000Z"
"mbed-dev/hal/port_api.h","File","HAL/CubeMX 替代","CubeMX/HAL/CMSIS 生成层","旧 mbed、FastPWM、启动或 IDE 生成层；行为合同吸收后由 CubeMX/HAL 替代。","True","2211","E44DB2CAA0D98F19FB80611A06C363FBBFFDF1D48082918D56298B437F60E308","2021-01-05T01:22:30.0000000Z"
"mbed-dev/hal/pwmout_api.h","File","HAL/CubeMX 替代","CubeMX/HAL/CMSIS 生成层","旧 mbed、FastPWM、启动或 IDE 生成层；行为合同吸收后由 CubeMX/HAL 替代。","True","3186","E3C0393D2BA6E10D5F3E91AA2CFA0929C5A50B9B9D87E7F6142350F825C943A6","2021-01-05T01:22:30.0000000Z"
"mbed-dev/hal/rtc_api.h","File","HAL/CubeMX 替代","CubeMX/HAL/CMSIS 生成层","旧 mbed、FastPWM、启动或 IDE 生成层；行为合同吸收后由 CubeMX/HAL 替代。","True","1435","DEFACE00439101B5C6F70503EA2E6DCD91B63ED582ADD9FBED69FC5E5DD3766F","2021-01-05T01:22:30.0000000Z"
"mbed-dev/hal/serial_api.h","File","HAL/CubeMX 替代","CubeMX/HAL/CMSIS 生成层","旧 mbed、FastPWM、启动或 IDE 生成层；行为合同吸收后由 CubeMX/HAL 替代。","True","8954","CC32F8EEAAD11812C565C498AA08DACBAD29214129F52BF3351955E6278099DE","2021-01-05T01:22:30.0000000Z"
"mbed-dev/hal/sleep_api.h","File","HAL/CubeMX 替代","CubeMX/HAL/CMSIS 生成层","旧 mbed、FastPWM、启动或 IDE 生成层；行为合同吸收后由 CubeMX/HAL 替代。","True","2302","1ACEBD756F2DB726320D833C72F6F9227C4B7B496477C8C5A7661660F5E5DAAD","2021-01-05T01:22:30.0000000Z"
"mbed-dev/hal/spi_api.h","File","HAL/CubeMX 替代","CubeMX/HAL/CMSIS 生成层","旧 mbed、FastPWM、启动或 IDE 生成层；行为合同吸收后由 CubeMX/HAL 替代。","True","7732","B062C3F27ED0C36E406F7101BD3825AA99AD79751E31941F5AF6EC324E3A4E34","2021-01-05T01:22:30.0000000Z"
"mbed-dev/hal/storage_abstraction","Directory","HAL/CubeMX 替代","CubeMX/HAL/CMSIS 生成层","旧 mbed、FastPWM、启动或 IDE 生成层；行为合同吸收后由 CubeMX/HAL 替代。",,,,"2026-08-27T16:39:39.5179357Z"
"mbed-dev/hal/storage_abstraction/Driver_Common.h","File","HAL/CubeMX 替代","CubeMX/HAL/CMSIS 生成层","旧 mbed、FastPWM、启动或 IDE 生成层；行为合同吸收后由 CubeMX/HAL 替代。","True","2052","51094A732368E7FBE563E38B2B76C713A696819CEF2C16F60B23E2B29F7D1AA4","2021-01-05T01:22:30.0000000Z"
"mbed-dev/hal/storage_abstraction/Driver_Storage.h","File","HAL/CubeMX 替代","CubeMX/HAL/CMSIS 生成层","旧 mbed、FastPWM、启动或 IDE 生成层；行为合同吸收后由 CubeMX/HAL 替代。","True","40480","593810FD76D1893EB64A1BEC6D4D398EA762EB890BADF565389705A31F40C47F","2021-01-05T01:22:30.0000000Z"
"mbed-dev/hal/ticker_api.h","File","HAL/CubeMX 替代","CubeMX/HAL/CMSIS 生成层","旧 mbed、FastPWM、启动或 IDE 生成层；行为合同吸收后由 CubeMX/HAL 替代。","True","5839","CFB19E073C1A2C90353540A65DB6C3E1B2AA28AF22E0EBD3EA20C0B8E5F2E315","2021-01-05T01:22:30.0000000Z"
"mbed-dev/hal/trng_api.h","File","HAL/CubeMX 替代","CubeMX/HAL/CMSIS 生成层","旧 mbed、FastPWM、启动或 IDE 生成层；行为合同吸收后由 CubeMX/HAL 替代。","True","1597","24397E7D6957AA7BBBFE41C9CEEF40FC461CBCA13C74D9B2F242D6AD576D906A","2021-01-05T01:22:30.0000000Z"
"mbed-dev/hal/us_ticker_api.h","File","HAL/CubeMX 替代","CubeMX/HAL/CMSIS 生成层","旧 mbed、FastPWM、启动或 IDE 生成层；行为合同吸收后由 CubeMX/HAL 替代。","True","1857","9FAE8F2FD238E970D70D01129E04B917C44BD72D1146E28DB53C2CD49170CD05","2021-01-05T01:22:30.0000000Z"
"mbed-dev/mbed.h","File","HAL/CubeMX 替代","CubeMX/HAL/CMSIS 生成层","旧 mbed、FastPWM、启动或 IDE 生成层；行为合同吸收后由 CubeMX/HAL 替代。","True","3320","40B530F4022B2F78A6A5D8140A3F20A51ACFF6A7D538C7DAF3D3D87D2D148A84","2021-01-05T01:22:30.0000000Z"
"mbed-dev/platform","Directory","HAL/CubeMX 替代","CubeMX/HAL/CMSIS 生成层","旧 mbed、FastPWM、启动或 IDE 生成层；行为合同吸收后由 CubeMX/HAL 替代。",,,,"2026-08-27T16:39:39.6968992Z"
"mbed-dev/platform/ATCmdParser.cpp","File","HAL/CubeMX 替代","CubeMX/HAL/CMSIS 生成层","旧 mbed、FastPWM、启动或 IDE 生成层；行为合同吸收后由 CubeMX/HAL 替代。","True","10424","7E68C699A734518811DC241B7521162295EFBF8C3F93C1B2D7C95D0E72D5617D","2021-01-05T01:22:30.0000000Z"
"mbed-dev/platform/ATCmdParser.h","File","HAL/CubeMX 替代","CubeMX/HAL/CMSIS 生成层","旧 mbed、FastPWM、启动或 IDE 生成层；行为合同吸收后由 CubeMX/HAL 替代。","True","7901","2570FB89C4C161CA989CE5FA82DF3A53E3335AA7FBDD5CA04E67A4C610FCB2A5","2021-01-05T01:22:30.0000000Z"
"mbed-dev/platform/Callback.h","File","HAL/CubeMX 替代","CubeMX/HAL/CMSIS 生成层","旧 mbed、FastPWM、启动或 IDE 生成层；行为合同吸收后由 CubeMX/HAL 替代。","True","162597","4BFCFC7E5EA0CE01BEDE9C34AD3F2683A07AFA60D1B3A3CE859CFF66F0F58F31","2021-01-05T01:22:30.0000000Z"
"mbed-dev/platform/CallChain.cpp","File","HAL/CubeMX 替代","CubeMX/HAL/CMSIS 生成层","旧 mbed、FastPWM、启动或 IDE 生成层；行为合同吸收后由 CubeMX/HAL 替代。","True","2369","2356E1BC04929926F0CA3E0AEF2149AFBF011785E7DC29FD7C77D43BECCF76D3","2021-01-05T01:22:30.0000000Z"
"mbed-dev/platform/CallChain.h","File","HAL/CubeMX 替代","CubeMX/HAL/CMSIS 生成层","旧 mbed、FastPWM、启动或 IDE 生成层；行为合同吸收后由 CubeMX/HAL 替代。","True","4997","27A4C42D61D35A7B134DD070EDE7EC65313C9F5ED426BCEBA68E138FB7E60DF1","2021-01-05T01:22:30.0000000Z"
"mbed-dev/platform/CircularBuffer.h","File","HAL/CubeMX 替代","CubeMX/HAL/CMSIS 生成层","旧 mbed、FastPWM、启动或 IDE 生成层；行为合同吸收后由 CubeMX/HAL 替代。","True","3059","DFAF72E16E4EB380BE7D1F831D1AE70801F07DB4EA0E4A77B453C72FF8A43B97","2021-01-05T01:22:30.0000000Z"
"mbed-dev/platform/critical.h","File","HAL/CubeMX 替代","CubeMX/HAL/CMSIS 生成层","旧 mbed、FastPWM、启动或 IDE 生成层；行为合同吸收后由 CubeMX/HAL 替代。","True","874","A34E47E5B4825D813915C1F6C1C26562A73218F9F3FE493BC8A671AE33DD23B3","2021-01-05T01:22:30.0000000Z"
"mbed-dev/platform/CriticalSectionLock.h","File","HAL/CubeMX 替代","CubeMX/HAL/CMSIS 生成层","旧 mbed、FastPWM、启动或 IDE 生成层；行为合同吸收后由 CubeMX/HAL 替代。","True","1617","5F3D876EA393CF8945C0173B51FA5A634179EA012CB13AEFF32BCF2BF1A8DB56","2021-01-05T01:22:30.0000000Z"
"mbed-dev/platform/CThunk.h","File","HAL/CubeMX 替代","CubeMX/HAL/CMSIS 生成层","旧 mbed、FastPWM、启动或 IDE 生成层；行为合同吸收后由 CubeMX/HAL 替代。","True","7423","8246495C59DF477A6FD0FE717EFD900165C14F99CBBB7D4CCD3D82220DC43F77","2021-01-05T01:22:30.0000000Z"
"mbed-dev/platform/DeepSleepLock.h","File","HAL/CubeMX 替代","CubeMX/HAL/CMSIS 生成层","旧 mbed、FastPWM、启动或 IDE 生成层；行为合同吸收后由 CubeMX/HAL 替代。","True","2156","7B9D3B8AB4C8BCAFA56E78999216DBD9DEA1F76CD22DABDE8BBE6EE838EA271B","2021-01-05T01:22:30.0000000Z"
"mbed-dev/platform/DirHandle.h","File","HAL/CubeMX 替代","CubeMX/HAL/CMSIS 生成层","旧 mbed、FastPWM、启动或 IDE 生成层；行为合同吸收后由 CubeMX/HAL 替代。","True","4484","73E2030E6EB2CF9E15C6CB22283747930DAD66AB8C3A2B9634DDF40B3778FB12","2021-01-05T01:22:30.0000000Z"
"mbed-dev/platform/FileBase.cpp","File","HAL/CubeMX 替代","CubeMX/HAL/CMSIS 生成层","旧 mbed、FastPWM、启动或 IDE 生成层；行为合同吸收后由 CubeMX/HAL 替代。","True","2832","9E0226152B4E630868432E04120E473D4857F20170292E02A01B51696876D457","2021-01-05T01:22:30.0000000Z"
"mbed-dev/platform/FileBase.h","File","HAL/CubeMX 替代","CubeMX/HAL/CMSIS 生成层","旧 mbed、FastPWM、启动或 IDE 生成层；行为合同吸收后由 CubeMX/HAL 替代。","True","1620","885684CCFA273D4E8596360901688BF61427ECA4CEF8E5425EEB06A86CCD570D","2021-01-05T01:22:30.0000000Z"
"mbed-dev/platform/FileHandle.cpp","File","HAL/CubeMX 替代","CubeMX/HAL/CMSIS 生成层","旧 mbed、FastPWM、启动或 IDE 生成层；行为合同吸收后由 CubeMX/HAL 替代。","True","1173","6657DAA83D6A45534E577565E28C42E18C45CCA136F093730E02ECBD2B22E0AF","2021-01-05T01:22:30.0000000Z"
"mbed-dev/platform/FileHandle.h","File","HAL/CubeMX 替代","CubeMX/HAL/CMSIS 生成层","旧 mbed、FastPWM、启动或 IDE 生成层；行为合同吸收后由 CubeMX/HAL 替代。","True","8253","41AD59750944125DF6A79FDDB8DA95E89E88E3F1435FE6915BE81A012F119DAD","2021-01-05T01:22:30.0000000Z"
"mbed-dev/platform/FileLike.h","File","HAL/CubeMX 替代","CubeMX/HAL/CMSIS 生成层","旧 mbed、FastPWM、启动或 IDE 生成层；行为合同吸收后由 CubeMX/HAL 替代。","True","1377","4385059E095018A1B1AC0A020800A741B9AC991032E1C90456CA0AD0D0B95F45","2021-01-05T01:22:30.0000000Z"
"mbed-dev/platform/FilePath.cpp","File","HAL/CubeMX 替代","CubeMX/HAL/CMSIS 生成层","旧 mbed、FastPWM、启动或 IDE 生成层；行为合同吸收后由 CubeMX/HAL 替代。","True","1927","4B3CA36F4DA1D8AF8B17D7514F60292ABEB65F13FF9D8AB4E67650CAE9DCA179","2021-01-05T01:22:30.0000000Z"
"mbed-dev/platform/FilePath.h","File","HAL/CubeMX 替代","CubeMX/HAL/CMSIS 生成层","旧 mbed、FastPWM、启动或 IDE 生成层；行为合同吸收后由 CubeMX/HAL 替代。","True","1236","66F83FF99606980D5C5EF7956382A216B9C895D4D24AACF64DAF8EC43FE976DF","2021-01-05T01:22:30.0000000Z"
"mbed-dev/platform/FileSystemHandle.cpp","File","HAL/CubeMX 替代","CubeMX/HAL/CMSIS 生成层","旧 mbed、FastPWM、启动或 IDE 生成层；行为合同吸收后由 CubeMX/HAL 替代。","True","1124","6B84EE5E6D6FD3B026635E3A3C867D7EA49525E67B9D0B692B299322D6AF8D56","2021-01-05T01:22:30.0000000Z"
"mbed-dev/platform/FileSystemHandle.h","File","HAL/CubeMX 替代","CubeMX/HAL/CMSIS 生成层","旧 mbed、FastPWM、启动或 IDE 生成层；行为合同吸收后由 CubeMX/HAL 替代。","True","3393","8970FBFAF5C907423B505E520091922CD97CF0C9FFFAB63C95A602C0C7884E1A","2021-01-05T01:22:30.0000000Z"
"mbed-dev/platform/FileSystemLike.h","File","HAL/CubeMX 替代","CubeMX/HAL/CMSIS 生成层","旧 mbed、FastPWM、启动或 IDE 生成层；行为合同吸收后由 CubeMX/HAL 替代。","True","2892","E3E3B0EBD5B38C8BFCA54DF25D35D190BE576BB7656BC60FBF691B46C481FF83","2021-01-05T01:22:30.0000000Z"
"mbed-dev/platform/FunctionPointer.h","File","HAL/CubeMX 替代","CubeMX/HAL/CMSIS 生成层","旧 mbed、FastPWM、启动或 IDE 生成层；行为合同吸收后由 CubeMX/HAL 替代。","True","2792","C4BC1249179BA2E334B0B4B4EA8FD82BA95D1676710D79F2D6BE9720A1C01A34","2021-01-05T01:22:30.0000000Z"
"mbed-dev/platform/LocalFileSystem.cpp","File","HAL/CubeMX 替代","CubeMX/HAL/CMSIS 生成层","旧 mbed、FastPWM、启动或 IDE 生成层；行为合同吸收后由 CubeMX/HAL 替代。","True","6897","B9771C31A3C71EFAF5F8C9CC339EF2720E5B865F57AB72904D050C05B04C27DC","2021-01-05T01:22:30.0000000Z"
"mbed-dev/platform/LocalFileSystem.h","File","HAL/CubeMX 替代","CubeMX/HAL/CMSIS 生成层","旧 mbed、FastPWM、启动或 IDE 生成层；行为合同吸收后由 CubeMX/HAL 替代。","True","3546","6F14ACA8BEC91A87F24136D64C31DE5C4770481BE66162FE549003008F759470","2021-01-05T01:22:30.0000000Z"
"mbed-dev/platform/mbed_alloc_wrappers.cpp","File","HAL/CubeMX 替代","CubeMX/HAL/CMSIS 生成层","旧 mbed、FastPWM、启动或 IDE 生成层；行为合同吸收后由 CubeMX/HAL 替代。","True","12341","7B53D6F652AEFDF836996119C46EE658AC266AF670D21C6F44C2C920C0B497E9","2021-01-05T01:22:30.0000000Z"
"mbed-dev/platform/mbed_application.c","File","HAL/CubeMX 替代","CubeMX/HAL/CMSIS 生成层","旧 mbed、FastPWM、启动或 IDE 生成层；行为合同吸收后由 CubeMX/HAL 替代。","True","3584","26D722FF4908169A2D6B3F1574003D2DE04BA6DC293B16481405224D0D85D063","2021-01-05T01:22:30.0000000Z"
"mbed-dev/platform/mbed_application.h","File","HAL/CubeMX 替代","CubeMX/HAL/CMSIS 生成层","旧 mbed、FastPWM、启动或 IDE 生成层；行为合同吸收后由 CubeMX/HAL 替代。","True","1616","F9198F1319C9175953FAD3D29A3E39F6F6C804734C364C629A3B265A6E719706","2021-01-05T01:22:30.0000000Z"
"mbed-dev/platform/mbed_assert.c","File","HAL/CubeMX 替代","CubeMX/HAL/CMSIS 生成层","旧 mbed、FastPWM、启动或 IDE 生成层；行为合同吸收后由 CubeMX/HAL 替代。","True","988","40A0B4A5CB9C935C6228174A5A5430D2A0F6D30E944C8D85E7F1774DFAEFA39A","2021-01-05T01:22:30.0000000Z"
"mbed-dev/platform/mbed_assert.h","File","HAL/CubeMX 替代","CubeMX/HAL/CMSIS 生成层","旧 mbed、FastPWM、启动或 IDE 生成层；行为合同吸收后由 CubeMX/HAL 替代。","True","4002","EF169FFFA782E72AB11DC9FFCCCAE6763D9AD0605ED4F73EF9228F40ED181BCB","2021-01-05T01:22:30.0000000Z"
"mbed-dev/platform/mbed_board.c","File","HAL/CubeMX 替代","CubeMX/HAL/CMSIS 生成层","旧 mbed、FastPWM、启动或 IDE 生成层；行为合同吸收后由 CubeMX/HAL 替代。","True","2534","7A5DAF35CEFD3B7D8B73C5B809690E15FE5685A82766E7CA6AA11087C08F77A2","2021-01-05T01:22:30.0000000Z"
"mbed-dev/platform/mbed_critical.c","File","HAL/CubeMX 替代","CubeMX/HAL/CMSIS 生成层","旧 mbed、FastPWM、启动或 IDE 生成层；行为合同吸收后由 CubeMX/HAL 替代。","True","9602","4077F30A12085121BB0BC5EEB201874B640E959C8D8ED9D3F8A1DF1FDA4F6B93","2021-01-05T01:22:30.0000000Z"
"mbed-dev/platform/mbed_critical.h","File","HAL/CubeMX 替代","CubeMX/HAL/CMSIS 生成层","旧 mbed、FastPWM、启动或 IDE 生成层；行为合同吸收后由 CubeMX/HAL 替代。","True","15729","200C86B458B6E4E06ACA9A621BC222E89E50726E61C735AF0B5AB6537F84C0F7","2021-01-05T01:22:30.0000000Z"
"mbed-dev/platform/mbed_debug.h","File","HAL/CubeMX 替代","CubeMX/HAL/CMSIS 生成层","旧 mbed、FastPWM、启动或 IDE 生成层；行为合同吸收后由 CubeMX/HAL 替代。","True","1787","8E0291D922CD977CA8838E1A23AEF97AF214400CE9136A818FA90F54BFB5366D","2021-01-05T01:22:30.0000000Z"
"mbed-dev/platform/mbed_error.c","File","HAL/CubeMX 替代","CubeMX/HAL/CMSIS 生成层","旧 mbed、FastPWM、启动或 IDE 生成层；行为合同吸收后由 CubeMX/HAL 替代。","True","1201","FE788307B1CA782B7FB31E4DDC2BF6B42EC911303579667F10F94FE9EF5AE04D","2021-01-05T01:22:30.0000000Z"
"mbed-dev/platform/mbed_error.h","File","HAL/CubeMX 替代","CubeMX/HAL/CMSIS 生成层","旧 mbed、FastPWM、启动或 IDE 生成层；行为合同吸收后由 CubeMX/HAL 替代。","True","2054","8C7A9DA445016A59B36E41DD19EC2006F44544E7EE5BC163DDC56BF264D70E8B","2021-01-05T01:22:30.0000000Z"
"mbed-dev/platform/mbed_interface.c","File","HAL/CubeMX 替代","CubeMX/HAL/CMSIS 生成层","旧 mbed、FastPWM、启动或 IDE 生成层；行为合同吸收后由 CubeMX/HAL 替代。","True","2852","4FE77A05320A7927FDC9C921AE322EF49A23960A0B82BA4D22E61714C3AAF17A","2021-01-05T01:22:30.0000000Z"
"mbed-dev/platform/mbed_interface.h","File","HAL/CubeMX 替代","CubeMX/HAL/CMSIS 生成层","旧 mbed、FastPWM、启动或 IDE 生成层；行为合同吸收后由 CubeMX/HAL 替代。","True","4412","EF1C5F8E97D265D9496B4C87D294E0BF4322C05F0CB60FBCF346A513A1AA2EF5","2021-01-05T01:22:30.0000000Z"
"mbed-dev/platform/mbed_lib.json","File","HAL/CubeMX 替代","CubeMX/HAL/CMSIS 生成层","旧 mbed、FastPWM、启动或 IDE 生成层；行为合同吸收后由 CubeMX/HAL 替代。","True","818","487D295FAF1E408D8448DC97E8B9E9D1A0C339A99497572EB1805005FEB351EA","2021-01-05T01:22:30.0000000Z"
"mbed-dev/platform/mbed_mem_trace.c","File","HAL/CubeMX 替代","CubeMX/HAL/CMSIS 生成层","旧 mbed、FastPWM、启动或 IDE 生成层；行为合同吸收后由 CubeMX/HAL 替代。","True","3999","02F86BAEEB8864EEAC95BC45CF01DD2AF70747257BF03209D7C10A724DF0D4C8","2021-01-05T01:22:30.0000000Z"
"mbed-dev/platform/mbed_mem_trace.h","File","HAL/CubeMX 替代","CubeMX/HAL/CMSIS 生成层","旧 mbed、FastPWM、启动或 IDE 生成层；行为合同吸收后由 CubeMX/HAL 替代。","True","5301","C6609D5C35D9C44FD482AF40BE2B30D5858F055F16388FB67C739788B9111E7B","2021-01-05T01:22:30.0000000Z"
"mbed-dev/platform/mbed_mktime.c","File","HAL/CubeMX 替代","CubeMX/HAL/CMSIS 生成层","旧 mbed、FastPWM、启动或 IDE 生成层；行为合同吸收后由 CubeMX/HAL 替代。","True","5682","602E51FBD226B6B12549D90EB061008067E638CBBE6935665A08F0E0AC5820EF","2021-01-05T01:22:30.0000000Z"
"mbed-dev/platform/mbed_mktime.h","File","HAL/CubeMX 替代","CubeMX/HAL/CMSIS 生成层","旧 mbed、FastPWM、启动或 IDE 生成层；行为合同吸收后由 CubeMX/HAL 替代。","True","3046","E8182DEC4E5A521A503BA2A63AF7265D24682100254225C0E49BE888373D7204","2021-01-05T01:22:30.0000000Z"
"mbed-dev/platform/mbed_poll.cpp","File","HAL/CubeMX 替代","CubeMX/HAL/CMSIS 生成层","旧 mbed、FastPWM、启动或 IDE 生成层；行为合同吸收后由 CubeMX/HAL 替代。","True","2341","EA9E2D743DBFDF7340CC30C8E3828E3AFBF44C184D425853FBBBD5201BBCCC66","2021-01-05T01:22:30.0000000Z"
"mbed-dev/platform/mbed_poll.h","File","HAL/CubeMX 替代","CubeMX/HAL/CMSIS 生成层","旧 mbed、FastPWM、启动或 IDE 生成层；行为合同吸收后由 CubeMX/HAL 替代。","True","1813","ED9879A5E2E527B1CC31EC3003FF085B2A10A2B733381662DE2E4CB419677EA7","2021-01-05T01:22:30.0000000Z"
"mbed-dev/platform/mbed_preprocessor.h","File","HAL/CubeMX 替代","CubeMX/HAL/CMSIS 生成层","旧 mbed、FastPWM、启动或 IDE 生成层；行为合同吸收后由 CubeMX/HAL 替代。","True","1401","25C9708DF576401C47CE48F4FBE7F8E2135BECF683D92E6BB04449F5726AA2B9","2021-01-05T01:22:30.0000000Z"
"mbed-dev/platform/mbed_retarget.cpp","File","HAL/CubeMX 替代","CubeMX/HAL/CMSIS 生成层","旧 mbed、FastPWM、启动或 IDE 生成层；行为合同吸收后由 CubeMX/HAL 替代。","True","27735","D29C53B02B994060B31A51C85ACB8A0F9814B7C8E6F0033A70464B69AD1A44E1","2021-01-05T01:22:30.0000000Z"
"mbed-dev/platform/mbed_retarget.h","File","HAL/CubeMX 替代","CubeMX/HAL/CMSIS 生成层","旧 mbed、FastPWM、启动或 IDE 生成层；行为合同吸收后由 CubeMX/HAL 替代。","True","16494","054467F4096BAE711270D1E71C0D5ACC094E2CD7980CC543DE9CC8A4DFE1F034","2021-01-05T01:22:30.0000000Z"
"mbed-dev/platform/mbed_rtc_time.cpp","File","HAL/CubeMX 替代","CubeMX/HAL/CMSIS 生成层","旧 mbed、FastPWM、启动或 IDE 生成层；行为合同吸收后由 CubeMX/HAL 替代。","True","2183","DE69A529FCEC17C4A06DAC0C568DDE1D1191B6321BE055EE32A705BCEE3975F5","2021-01-05T01:22:30.0000000Z"
"mbed-dev/platform/mbed_rtc_time.h","File","HAL/CubeMX 替代","CubeMX/HAL/CMSIS 生成层","旧 mbed、FastPWM、启动或 IDE 生成层；行为合同吸收后由 CubeMX/HAL 替代。","True","2639","DE9D859B460A4158B6BA4DBD64AE876F06D0A50718468E5901AAE887B7EB53FC","2021-01-05T01:22:30.0000000Z"
"mbed-dev/platform/mbed_sdk_boot.c","File","HAL/CubeMX 替代","CubeMX/HAL/CMSIS 生成层","旧 mbed、FastPWM、启动或 IDE 生成层；行为合同吸收后由 CubeMX/HAL 替代。","True","2899","111775C105BB870AB1D976FC571319C0EB5B66C9DC843954ED0F4AFC9B088551","2021-01-05T01:22:30.0000000Z"
"mbed-dev/platform/mbed_semihost_api.c","File","HAL/CubeMX 替代","CubeMX/HAL/CMSIS 生成层","旧 mbed、FastPWM、启动或 IDE 生成层；行为合同吸收后由 CubeMX/HAL 替代。","True","4355","068A1442EDF4DCA4533C98C379B3927BFFE6B27555C0309AFA5689C59C6C4C3A","2021-01-05T01:22:30.0000000Z"
"mbed-dev/platform/mbed_semihost_api.h","File","HAL/CubeMX 替代","CubeMX/HAL/CMSIS 生成层","旧 mbed、FastPWM、启动或 IDE 生成层；行为合同吸收后由 CubeMX/HAL 替代。","True","2673","9D950E000E2425BD8C19090737815228344034A7C4B8009D8630D0AFC86218FE","2021-01-05T01:22:30.0000000Z"
"mbed-dev/platform/mbed_sleep.h","File","HAL/CubeMX 替代","CubeMX/HAL/CMSIS 生成层","旧 mbed、FastPWM、启动或 IDE 生成层；行为合同吸收后由 CubeMX/HAL 替代。","True","5449","0DD850BAABE09E3ADD0E3D20F7B91469120B7C072D26E4F6931E23EE1075720B","2021-01-05T01:22:30.0000000Z"
"mbed-dev/platform/mbed_stats.c","File","HAL/CubeMX 替代","CubeMX/HAL/CMSIS 生成层","旧 mbed、FastPWM、启动或 IDE 生成层；行为合同吸收后由 CubeMX/HAL 替代。","True","1829","0A8BC154FFFC63BF3A8A349BB73288FF19BE20DC4A6A92B58F61D797944ECEBE","2021-01-05T01:22:30.0000000Z"
"mbed-dev/platform/mbed_stats.h","File","HAL/CubeMX 替代","CubeMX/HAL/CMSIS 生成层","旧 mbed、FastPWM、启动或 IDE 生成层；行为合同吸收后由 CubeMX/HAL 替代。","True","2746","30BF9BCE4DB4D48CDFCE34C1850EB1BF22073DB52445A681D299D142B0E8EE79","2021-01-05T01:22:30.0000000Z"
"mbed-dev/platform/mbed_toolchain.h","File","HAL/CubeMX 替代","CubeMX/HAL/CMSIS 生成层","旧 mbed、FastPWM、启动或 IDE 生成层；行为合同吸收后由 CubeMX/HAL 替代。","True","9165","783CEC1A8AC2CE7374DCEAF4EEC9858467461E844FA2EFAD5C3B277E150C98DB","2021-01-05T01:22:30.0000000Z"
"mbed-dev/platform/mbed_wait_api_no_rtos.c","File","HAL/CubeMX 替代","CubeMX/HAL/CMSIS 生成层","旧 mbed、FastPWM、启动或 IDE 生成层；行为合同吸收后由 CubeMX/HAL 替代。","True","1165","7BFD991955B08ADCFB5A69D697A4686D32B0E01AFE771E9B34AAE30173A2E6F8","2021-01-05T01:22:30.0000000Z"
"mbed-dev/platform/mbed_wait_api_rtos.cpp","File","HAL/CubeMX 替代","CubeMX/HAL/CMSIS 生成层","旧 mbed、FastPWM、启动或 IDE 生成层；行为合同吸收后由 CubeMX/HAL 替代。","True","1635","111D615A224BD0C9BF7ADF94CD0B4A55516677DDA0D7DC5A0ABE3866EA06A6F5","2021-01-05T01:22:30.0000000Z"
"mbed-dev/platform/mbed_wait_api.h","File","HAL/CubeMX 替代","CubeMX/HAL/CMSIS 生成层","旧 mbed、FastPWM、启动或 IDE 生成层；行为合同吸收后由 CubeMX/HAL 替代。","True","1567","5CED11E69B93AFBF3D6FA44A6D289182CBFA4717FCE30E17184E09CE0918D010","2021-01-05T01:22:30.0000000Z"
"mbed-dev/platform/NonCopyable.h","File","HAL/CubeMX 替代","CubeMX/HAL/CMSIS 生成层","旧 mbed、FastPWM、启动或 IDE 生成层；行为合同吸收后由 CubeMX/HAL 替代。","True","5089","8FC0F29686D7026CC3BD4586BC06732B7359A49B54E83CC091539E900CD050D3","2021-01-05T01:22:30.0000000Z"
"mbed-dev/platform/platform.h","File","HAL/CubeMX 替代","CubeMX/HAL/CMSIS 生成层","旧 mbed、FastPWM、启动或 IDE 生成层；行为合同吸收后由 CubeMX/HAL 替代。","True","958","E711EF92E99FA71AA90156CE569A3A3846F3A380AF1FBFA70089C1D062200869","2021-01-05T01:22:30.0000000Z"
"mbed-dev/platform/PlatformMutex.h","File","HAL/CubeMX 替代","CubeMX/HAL/CMSIS 生成层","旧 mbed、FastPWM、启动或 IDE 生成层；行为合同吸收后由 CubeMX/HAL 替代。","True","1195","52C1E03743EF9A5C31F1265D2B4C5F74A63C5709BDC3806569D5237832061DCC","2021-01-05T01:22:30.0000000Z"
"mbed-dev/platform/rtc_time.h","File","HAL/CubeMX 替代","CubeMX/HAL/CMSIS 生成层","旧 mbed、FastPWM、启动或 IDE 生成层；行为合同吸收后由 CubeMX/HAL 替代。","True","874","9D9EF159ECA0CB74C08818E4233E81BBB263B1D04ADD89C0690A39D5A3D66DE8","2021-01-05T01:22:30.0000000Z"
"mbed-dev/platform/semihost_api.h","File","HAL/CubeMX 替代","CubeMX/HAL/CMSIS 生成层","旧 mbed、FastPWM、启动或 IDE 生成层；行为合同吸收后由 CubeMX/HAL 替代。","True","898","36E0541FC5E272603D1DD8459B88D2666B6EB291E6856606E9C9C111680DEBFB","2021-01-05T01:22:30.0000000Z"
"mbed-dev/platform/SingletonPtr.h","File","HAL/CubeMX 替代","CubeMX/HAL/CMSIS 生成层","旧 mbed、FastPWM、启动或 IDE 生成层；行为合同吸收后由 CubeMX/HAL 替代。","True","2755","9CE062C4028F47A7E2392D7181A8D1633D482489169CE8819E6F4B31BC7C3FF9","2021-01-05T01:22:30.0000000Z"
"mbed-dev/platform/sleep.h","File","HAL/CubeMX 替代","CubeMX/HAL/CMSIS 生成层","旧 mbed、FastPWM、启动或 IDE 生成层；行为合同吸收后由 CubeMX/HAL 替代。","True","856","031905D85F785A132183B273A8EF0FB9B8E418B1F805194C3491843CFA903E7B","2021-01-05T01:22:30.0000000Z"
"mbed-dev/platform/Stream.cpp","File","HAL/CubeMX 替代","CubeMX/HAL/CMSIS 生成层","旧 mbed、FastPWM、启动或 IDE 生成层；行为合同吸收后由 CubeMX/HAL 替代。","True","3443","E2AA0877D1F566147D5F10EF76BAC0C84F03505B84CEDA0FA44F8050B02E00DC","2021-01-05T01:22:30.0000000Z"
"mbed-dev/platform/Stream.h","File","HAL/CubeMX 替代","CubeMX/HAL/CMSIS 生成层","旧 mbed、FastPWM、启动或 IDE 生成层；行为合同吸收后由 CubeMX/HAL 替代。","True","2294","D97B54132EB7D3910C014E6A5ABA10040FB7A4758297AC8EF12D1D244161E024","2021-01-05T01:22:30.0000000Z"
"mbed-dev/platform/toolchain.h","File","HAL/CubeMX 替代","CubeMX/HAL/CMSIS 生成层","旧 mbed、FastPWM、启动或 IDE 生成层；行为合同吸收后由 CubeMX/HAL 替代。","True","900","38D911EE7E746B9F24D214FB1BC765B037D59EF7F5496BEE609FE3468212D49F","2021-01-05T01:22:30.0000000Z"
"mbed-dev/platform/Transaction.h","File","HAL/CubeMX 替代","CubeMX/HAL/CMSIS 生成层","旧 mbed、FastPWM、启动或 IDE 生成层；行为合同吸收后由 CubeMX/HAL 替代。","True","2038","F6D5A74596F37D9EE7088D132254AFB766C7BA9F27755F3233B351AAEE995837","2021-01-05T01:22:30.0000000Z"
"mbed-dev/platform/wait_api.h","File","HAL/CubeMX 替代","CubeMX/HAL/CMSIS 生成层","旧 mbed、FastPWM、启动或 IDE 生成层；行为合同吸收后由 CubeMX/HAL 替代。","True","874","B80C4665A9B515A27186750F70DEC0B971ACC0B6AA6A129279967CF2A057C038","2021-01-05T01:22:30.0000000Z"
"mbed-dev/targets","Directory","HAL/CubeMX 替代","CubeMX/HAL/CMSIS 生成层","旧 mbed、FastPWM、启动或 IDE 生成层；行为合同吸收后由 CubeMX/HAL 替代。",,,,"2026-08-27T16:39:39.7088335Z"
"mbed-dev/targets/TARGET_STM","Directory","HAL/CubeMX 替代","CubeMX/HAL/CMSIS 生成层","旧 mbed、FastPWM、启动或 IDE 生成层；行为合同吸收后由 CubeMX/HAL 替代。",,,,"2026-08-27T16:39:39.7818529Z"
"mbed-dev/targets/TARGET_STM/analogout_api.c","File","HAL/CubeMX 替代","CubeMX/HAL/CMSIS 生成层","旧 mbed、FastPWM、启动或 IDE 生成层；行为合同吸收后由 CubeMX/HAL 替代。","True","2838","7268647844DA60F1DF58A85333F16D4C624066C33B508EF15A1C9685813DD475","2021-01-05T01:22:30.0000000Z"
"mbed-dev/targets/TARGET_STM/can_api.c","File","HAL/CubeMX 替代","CubeMX/HAL/CMSIS 生成层","旧 mbed、FastPWM、启动或 IDE 生成层；行为合同吸收后由 CubeMX/HAL 替代。","True","19489","F672A471351C512CC38D44F16FA8C7360A91FC00D6952A5E87F9AB98553D2FDC","2021-01-05T01:22:30.0000000Z"
"mbed-dev/targets/TARGET_STM/gpio_api.c","File","HAL/CubeMX 替代","CubeMX/HAL/CMSIS 生成层","旧 mbed、FastPWM、启动或 IDE 生成层；行为合同吸收后由 CubeMX/HAL 替代。","True","5000","C4C7B2B1A935B3BA2BC48A292B90866C870FDBF45424D3A745F5AC929E48FC19","2021-01-05T01:22:30.0000000Z"
"mbed-dev/targets/TARGET_STM/gpio_irq_api.c","File","HAL/CubeMX 替代","CubeMX/HAL/CMSIS 生成层","旧 mbed、FastPWM、启动或 IDE 生成层；行为合同吸收后由 CubeMX/HAL 替代。","True","9434","B4D261390B48E82F15A4D18F7368EF3FD0A7C753DC23CB18C8319E34196304AD","2021-01-05T01:22:30.0000000Z"
"mbed-dev/targets/TARGET_STM/gpio_object.h","File","HAL/CubeMX 替代","CubeMX/HAL/CMSIS 生成层","旧 mbed、FastPWM、启动或 IDE 生成层；行为合同吸收后由 CubeMX/HAL 替代。","True","2837","36BCD505A8CA5E7057970021AACEA3127B6ADE59EA0F0803621E1CFAE5537367","2021-01-05T01:22:30.0000000Z"
"mbed-dev/targets/TARGET_STM/hal_tick_16b.c","File","HAL/CubeMX 替代","CubeMX/HAL/CMSIS 生成层","旧 mbed、FastPWM、启动或 IDE 生成层；行为合同吸收后由 CubeMX/HAL 替代。","True","5857","99C03288CE55DBEB1F8A0CECBC8F7A8C938C0F345E17CC191AD6ECEC793718BF","2021-01-05T01:22:30.0000000Z"
"mbed-dev/targets/TARGET_STM/hal_tick_32b.c","File","HAL/CubeMX 替代","CubeMX/HAL/CMSIS 生成层","旧 mbed、FastPWM、启动或 IDE 生成层；行为合同吸收后由 CubeMX/HAL 替代。","True","4850","200FD27C7123E2843DCEBFF46E9B2E01B92239FDFD33FF16540C5EC92FFEAA9C","2021-01-05T01:22:30.0000000Z"
"mbed-dev/targets/TARGET_STM/i2c_api.c","File","HAL/CubeMX 替代","CubeMX/HAL/CMSIS 生成层","旧 mbed、FastPWM、启动或 IDE 生成层；行为合同吸收后由 CubeMX/HAL 替代。","True","35059","167C4BA1747A8C9DCB79D40A2866621BDE883B1C886D83CFA229EEFE9B03DC63","2021-01-05T01:22:30.0000000Z"
"mbed-dev/targets/TARGET_STM/lp_ticker.c","File","HAL/CubeMX 替代","CubeMX/HAL/CMSIS 生成层","旧 mbed、FastPWM、启动或 IDE 生成层；行为合同吸收后由 CubeMX/HAL 替代。","True","2735","1D265244BC2E40AA94DAEE5CAB2B21501734337A8A70BE6217417C243334299A","2021-01-05T01:22:30.0000000Z"
"mbed-dev/targets/TARGET_STM/mbed_overrides.c","File","HAL/CubeMX 替代","CubeMX/HAL/CMSIS 生成层","旧 mbed、FastPWM、启动或 IDE 生成层；行为合同吸收后由 CubeMX/HAL 替代。","True","2110","D0304CE5AF154642C0906948C99205426D4C82DD1CDE80174642438CEDC4A6EB","2021-01-05T01:22:30.0000000Z"
"mbed-dev/targets/TARGET_STM/mbed_rtx.h","File","HAL/CubeMX 替代","CubeMX/HAL/CMSIS 生成层","旧 mbed、FastPWM、启动或 IDE 生成层；行为合同吸收后由 CubeMX/HAL 替代。","True","3403","139A10E5AED418275F5A862F55E93063B81D6F1E61BE00C57D567794BF36C1D2","2021-01-05T01:22:30.0000000Z"
"mbed-dev/targets/TARGET_STM/nvic_addr.h","File","HAL/CubeMX 替代","CubeMX/HAL/CMSIS 生成层","旧 mbed、FastPWM、启动或 IDE 生成层；行为合同吸收后由 CubeMX/HAL 替代。","True","1294","53C5932C8F3826AF0501CE7BBED9FA7C64553F7829C73E45CF9FB8609EE9812C","2021-01-05T01:22:30.0000000Z"
"mbed-dev/targets/TARGET_STM/PeripheralPins.h","File","HAL/CubeMX 替代","CubeMX/HAL/CMSIS 生成层","旧 mbed、FastPWM、启动或 IDE 生成层；行为合同吸收后由 CubeMX/HAL 替代。","True","2819","4A75D6E590CB09232C228C31B98EB6EB40A793FB15AD46A0FB21D4DAFB30D58B","2021-01-05T01:22:30.0000000Z"
"mbed-dev/targets/TARGET_STM/pinmap.c","File","HAL/CubeMX 替代","CubeMX/HAL/CMSIS 生成层","旧 mbed、FastPWM、启动或 IDE 生成层；行为合同吸收后由 CubeMX/HAL 替代。","True","5529","2C8D625F854FF832296179CC145497049EAB1FCF03CA4E521D6501955B2D4972","2021-01-05T01:22:30.0000000Z"
"mbed-dev/targets/TARGET_STM/PinNamesTypes.h","File","HAL/CubeMX 替代","CubeMX/HAL/CMSIS 生成层","旧 mbed、FastPWM、启动或 IDE 生成层；行为合同吸收后由 CubeMX/HAL 替代。","True","6584","EEBB4608603239912BF7E663CBFDCD35A65852EB7741E45843AD3244150D465A","2021-01-05T01:22:30.0000000Z"
"mbed-dev/targets/TARGET_STM/port_api.c","File","HAL/CubeMX 替代","CubeMX/HAL/CMSIS 生成层","旧 mbed、FastPWM、启动或 IDE 生成层；行为合同吸收后由 CubeMX/HAL 替代。","True","3617","56BD26BC7A9CA7CBDA09458FD2F77780CAAC76B139AF8A80EAB4C7C1B914ABBC","2021-01-05T01:22:30.0000000Z"
"mbed-dev/targets/TARGET_STM/PortNames.h","File","HAL/CubeMX 替代","CubeMX/HAL/CMSIS 生成层","旧 mbed、FastPWM、启动或 IDE 生成层；行为合同吸收后由 CubeMX/HAL 替代。","True","2089","07F3618F08F0AF45F5623B24B93B47C135C5DB9D88C11C6E1042FC9B464B094D","2021-01-05T01:22:30.0000000Z"
"mbed-dev/targets/TARGET_STM/pwmout_api.c","File","HAL/CubeMX 替代","CubeMX/HAL/CMSIS 生成层","旧 mbed、FastPWM、启动或 IDE 生成层；行为合同吸收后由 CubeMX/HAL 替代。","True","9710","471A2AC0346111EE4B874AFA593508489211E9AA68CB9FB526248054F198034B","2021-01-05T01:22:30.0000000Z"
"mbed-dev/targets/TARGET_STM/rtc_api_hal.h","File","HAL/CubeMX 替代","CubeMX/HAL/CMSIS 生成层","旧 mbed、FastPWM、启动或 IDE 生成层；行为合同吸收后由 CubeMX/HAL 替代。","True","2663","3A96AD744E0DFB00C78DD99F71C9385E811E9789BF3D7863BBC205FC98E60A0F","2021-01-05T01:22:30.0000000Z"
"mbed-dev/targets/TARGET_STM/rtc_api.c","File","HAL/CubeMX 替代","CubeMX/HAL/CMSIS 生成层","旧 mbed、FastPWM、启动或 IDE 生成层；行为合同吸收后由 CubeMX/HAL 替代。","True","11260","93F0A70DFEFED674E730EFE5275221A018A7BE63ABDFD2AB37319306A689C8CD","2021-01-05T01:22:30.0000000Z"
"mbed-dev/targets/TARGET_STM/serial_api_hal.h","File","HAL/CubeMX 替代","CubeMX/HAL/CMSIS 生成层","旧 mbed、FastPWM、启动或 IDE 生成层；行为合同吸收后由 CubeMX/HAL 替代。","True","2252","B49C5B5A8BC59D3E6DBF7B5C1DEF2E0C3A1EA77A15C38BE43B9B3635CA24936E","2021-01-05T01:22:30.0000000Z"
"mbed-dev/targets/TARGET_STM/serial_api.c","File","HAL/CubeMX 替代","CubeMX/HAL/CMSIS 生成层","旧 mbed、FastPWM、启动或 IDE 生成层；行为合同吸收后由 CubeMX/HAL 替代。","True","5348","139BC4193948ED1F72277CF3712E85A9C1EC3A69D2894A1B3EB9CBED689B80CF","2021-01-05T01:22:30.0000000Z"
"mbed-dev/targets/TARGET_STM/sleep.c","File","HAL/CubeMX 替代","CubeMX/HAL/CMSIS 生成层","旧 mbed、FastPWM、启动或 IDE 生成层；行为合同吸收后由 CubeMX/HAL 替代。","True","3623","C669CA3F9130295A7463FCBCBE3368F20D7CCFD0EAAC7DCA458B332215484641","2021-01-05T01:22:30.0000000Z"
"mbed-dev/targets/TARGET_STM/stm_spi_api.c","File","HAL/CubeMX 替代","CubeMX/HAL/CMSIS 生成层","旧 mbed、FastPWM、启动或 IDE 生成层；行为合同吸收后由 CubeMX/HAL 替代。","True","20981","A26424EEFF587A5662E44B23695BD451DC4B224DEA2DCB624B69EA15D532C5D4","2021-01-05T01:22:30.0000000Z"
"mbed-dev/targets/TARGET_STM/stm32_assert.h","File","HAL/CubeMX 替代","CubeMX/HAL/CMSIS 生成层","旧 mbed、FastPWM、启动或 IDE 生成层；行为合同吸收后由 CubeMX/HAL 替代。","True","2236","1333AAFFC01F7B0E941A0B3C68C228E9E26FF756012A8A0E6E89736F6AD346E1","2021-01-05T01:22:30.0000000Z"
"mbed-dev/targets/TARGET_STM/TARGET_STM32F4","Directory","HAL/CubeMX 替代","CubeMX/HAL/CMSIS 生成层","旧 mbed、FastPWM、启动或 IDE 生成层；行为合同吸收后由 CubeMX/HAL 替代。",,,,"2026-08-27T16:39:40.3721815Z"
"mbed-dev/targets/TARGET_STM/TARGET_STM32F4/analogin_api.c","File","HAL/CubeMX 替代","CubeMX/HAL/CMSIS 生成层","旧 mbed、FastPWM、启动或 IDE 生成层；行为合同吸收后由 CubeMX/HAL 替代。","True","7926","BB4903839EE478343D41E170FEA25B84516FAE4719AEF8997DC8480809B9CAE6","2021-01-05T01:22:30.0000000Z"
"mbed-dev/targets/TARGET_STM/TARGET_STM32F4/analogout_device.c","File","HAL/CubeMX 替代","CubeMX/HAL/CMSIS 生成层","旧 mbed、FastPWM、启动或 IDE 生成层；行为合同吸收后由 CubeMX/HAL 替代。","True","3231","B31EA0BD9E33DE3C1431C78DA5735E24E5495569E64D9A2BFA33C43569049A79","2021-01-05T01:22:30.0000000Z"
"mbed-dev/targets/TARGET_STM/TARGET_STM32F4/can_device.h","File","HAL/CubeMX 替代","CubeMX/HAL/CMSIS 生成层","旧 mbed、FastPWM、启动或 IDE 生成层；行为合同吸收后由 CubeMX/HAL 替代。","True","1883","9FC74CEA5560C0F8FE6464484F5A97D538844BED7DDB5BBFFD3ABF52AF30F6AC","2021-01-05T01:22:30.0000000Z"
"mbed-dev/targets/TARGET_STM/TARGET_STM32F4/common_objects.h","File","HAL/CubeMX 替代","CubeMX/HAL/CMSIS 生成层","旧 mbed、FastPWM、启动或 IDE 生成层；行为合同吸收后由 CubeMX/HAL 替代。","True","3868","1C2DF50ED8D58B648951CFED590ECCE49891A46A5184C7EE9BC315108F7277FC","2021-01-05T01:22:30.0000000Z"
"mbed-dev/targets/TARGET_STM/TARGET_STM32F4/device","Directory","HAL/CubeMX 替代","CubeMX/HAL/CMSIS 生成层","旧 mbed、FastPWM、启动或 IDE 生成层；行为合同吸收后由 CubeMX/HAL 替代。",,,,"2026-08-27T16:39:40.3641805Z"
"mbed-dev/targets/TARGET_STM/TARGET_STM32F4/device.h","File","HAL/CubeMX 替代","CubeMX/HAL/CMSIS 生成层","旧 mbed、FastPWM、启动或 IDE 生成层；行为合同吸收后由 CubeMX/HAL 替代。","True","2125","44F004E2CA4E589CC8AB05EC1A7823870741B557F683A82C2539DDA1838FF9F4","2021-01-05T01:22:30.0000000Z"
"mbed-dev/targets/TARGET_STM/TARGET_STM32F4/device/hal_init_pre.c","File","HAL/CubeMX 替代","CubeMX/HAL/CMSIS 生成层","旧 mbed、FastPWM、启动或 IDE 生成层；行为合同吸收后由 CubeMX/HAL 替代。","True","1106","3FB3AD7FC48C0B736267710FF6B61B2265D6D86B7525BCE93B276F301C4528B7","2021-01-05T01:22:30.0000000Z"
"mbed-dev/targets/TARGET_STM/TARGET_STM32F4/device/stm32_hal_legacy.h","File","HAL/CubeMX 替代","CubeMX/HAL/CMSIS 生成层","旧 mbed、FastPWM、启动或 IDE 生成层；行为合同吸收后由 CubeMX/HAL 替代。","True","175968","AA45BCD850B336F2C8C3FA34D88075D22871B3BBDF1E8DD4A87473A59079D29D","2021-01-05T01:22:30.0000000Z"
"mbed-dev/targets/TARGET_STM/TARGET_STM32F4/device/stm32f4xx_hal_adc_ex.c","File","HAL/CubeMX 替代","CubeMX/HAL/CMSIS 生成层","旧 mbed、FastPWM、启动或 IDE 生成层；行为合同吸收后由 CubeMX/HAL 替代。","True","42924","AC328FCD8ACFE3A4F726C7F2A8713EAD15B0128678F883107DD1402622D9EA42","2021-01-05T01:22:30.0000000Z"
"mbed-dev/targets/TARGET_STM/TARGET_STM32F4/device/stm32f4xx_hal_adc_ex.h","File","HAL/CubeMX 替代","CubeMX/HAL/CMSIS 生成层","旧 mbed、FastPWM、启动或 IDE 生成层；行为合同吸收后由 CubeMX/HAL 替代。","True","26900","40FCCEDDAB6B89605D1B927B4BF07865B4BA7C350B739D47A6ABB400E8EA836E","2021-01-05T01:22:30.0000000Z"
"mbed-dev/targets/TARGET_STM/TARGET_STM32F4/device/stm32f4xx_hal_adc.c","File","HAL/CubeMX 替代","CubeMX/HAL/CMSIS 生成层","旧 mbed、FastPWM、启动或 IDE 生成层；行为合同吸收后由 CubeMX/HAL 替代。","True","63246","47DD9284295898A667331474A6FA43940E0F755907FF004377D08A4BF95B1633","2021-01-05T01:22:30.0000000Z"
"mbed-dev/targets/TARGET_STM/TARGET_STM32F4/device/stm32f4xx_hal_adc.h","File","HAL/CubeMX 替代","CubeMX/HAL/CMSIS 生成层","旧 mbed、FastPWM、启动或 IDE 生成层；行为合同吸收后由 CubeMX/HAL 替代。","True","43915","0E2B955626D063395E2972ED500ECBF9A539814FCFCF974195E4E63303B3E7E2","2021-01-05T01:22:30.0000000Z"
"mbed-dev/targets/TARGET_STM/TARGET_STM32F4/device/stm32f4xx_hal_can.c","File","HAL/CubeMX 替代","CubeMX/HAL/CMSIS 生成层","旧 mbed、FastPWM、启动或 IDE 生成层；行为合同吸收后由 CubeMX/HAL 替代。","True","53833","A106C247A29CF374DB86D4E5B2512F7A668EAB65EBFA2D2919198FA6023515B4","2021-01-05T01:22:30.0000000Z"
"mbed-dev/targets/TARGET_STM/TARGET_STM32F4/device/stm32f4xx_hal_can.h","File","HAL/CubeMX 替代","CubeMX/HAL/CMSIS 生成层","旧 mbed、FastPWM、启动或 IDE 生成层；行为合同吸收后由 CubeMX/HAL 替代。","True","36322","F633C67EC7D3DDE0D915F0DB96DFFA3332D47F457535DFF26D3D27C0C095BF6F","2021-01-05T01:22:30.0000000Z"
"mbed-dev/targets/TARGET_STM/TARGET_STM32F4/device/stm32f4xx_hal_cec.c","File","HAL/CubeMX 替代","CubeMX/HAL/CMSIS 生成层","旧 mbed、FastPWM、启动或 IDE 生成层；行为合同吸收后由 CubeMX/HAL 替代。","True","22719","C6D9CF41A3BDC2B29F6CAE02680E184E720FCB0A920A71A2E3356AB33E74C931","2021-01-05T01:22:30.0000000Z"
"mbed-dev/targets/TARGET_STM/TARGET_STM32F4/device/stm32f4xx_hal_cec.h","File","HAL/CubeMX 替代","CubeMX/HAL/CMSIS 生成层","旧 mbed、FastPWM、启动或 IDE 生成层；行为合同吸收后由 CubeMX/HAL 替代。","True","33509","830D2D97CD6B643CD2A5FFEE76156F4039488AFF98979BA31EA0EAA3899717B3","2021-01-05T01:22:30.0000000Z"
"mbed-dev/targets/TARGET_STM/TARGET_STM32F4/device/stm32f4xx_hal_conf.h","File","HAL/CubeMX 替代","CubeMX/HAL/CMSIS 生成层","旧 mbed、FastPWM、启动或 IDE 生成层；行为合同吸收后由 CubeMX/HAL 替代。","True","16531","16D30FAFEDFD08663D57CCD2743077C404D83CB1AECA6E4E6A50761AF427A3B2","2021-01-05T01:22:30.0000000Z"
"mbed-dev/targets/TARGET_STM/TARGET_STM32F4/device/stm32f4xx_hal_cortex.c","File","HAL/CubeMX 替代","CubeMX/HAL/CMSIS 生成层","旧 mbed、FastPWM、启动或 IDE 生成层；行为合同吸收后由 CubeMX/HAL 替代。","True","20151","94A67E7E9134B29FC283CFDCC5DF9434BD8733117CE0D0E67B3FEFE764E95175","2021-01-05T01:22:30.0000000Z"
"mbed-dev/targets/TARGET_STM/TARGET_STM32F4/device/stm32f4xx_hal_cortex.h","File","HAL/CubeMX 替代","CubeMX/HAL/CMSIS 生成层","旧 mbed、FastPWM、启动或 IDE 生成层；行为合同吸收后由 CubeMX/HAL 替代。","True","18433","AB7B6E1A8287C0799FE1E4402574846C38A7962BF666C7F4E3A72ECF200A19BE","2021-01-05T01:22:30.0000000Z"
"mbed-dev/targets/TARGET_STM/TARGET_STM32F4/device/stm32f4xx_hal_crc.c","File","HAL/CubeMX 替代","CubeMX/HAL/CMSIS 生成层","旧 mbed、FastPWM、启动或 IDE 生成层；行为合同吸收后由 CubeMX/HAL 替代。","True","10937","9E2332FEFC4C05F68D08165C20D7E2948E514C34D38BECC5B396B9EC1A8EBB9A","2021-01-05T01:22:30.0000000Z"
"mbed-dev/targets/TARGET_STM/TARGET_STM32F4/device/stm32f4xx_hal_crc.h","File","HAL/CubeMX 替代","CubeMX/HAL/CMSIS 生成层","旧 mbed、FastPWM、启动或 IDE 生成层；行为合同吸收后由 CubeMX/HAL 替代。","True","7051","DFF9CEF202E6C806D5271D5F7FB769D2418E9BCA259013BD3EB5854571932504","2021-01-05T01:22:30.0000000Z"
"mbed-dev/targets/TARGET_STM/TARGET_STM32F4/device/stm32f4xx_hal_cryp_ex.c","File","HAL/CubeMX 替代","CubeMX/HAL/CMSIS 生成层","旧 mbed、FastPWM、启动或 IDE 生成层；行为合同吸收后由 CubeMX/HAL 替代。","True","213020","D39886793ECED9525601AB8FE7A04DB1F8DC201858A688697A52DD336CBB3177","2021-01-05T01:22:30.0000000Z"
"mbed-dev/targets/TARGET_STM/TARGET_STM32F4/device/stm32f4xx_hal_cryp_ex.h","File","HAL/CubeMX 替代","CubeMX/HAL/CMSIS 生成层","旧 mbed、FastPWM、启动或 IDE 生成层；行为合同吸收后由 CubeMX/HAL 替代。","True","10268","D8751942CB324FD4454C8C4DA415EBB868073C179959AA9979B846BE54387D59","2021-01-05T01:22:30.0000000Z"
"mbed-dev/targets/TARGET_STM/TARGET_STM32F4/device/stm32f4xx_hal_cryp.c","File","HAL/CubeMX 替代","CubeMX/HAL/CMSIS 生成层","旧 mbed、FastPWM、启动或 IDE 生成层；行为合同吸收后由 CubeMX/HAL 替代。","True","168543","74F3C3409F9E969832ECD6F055ED6565D8EA97C3F60000AB5F3E5346CA303296","2021-01-05T01:22:30.0000000Z"
"mbed-dev/targets/TARGET_STM/TARGET_STM32F4/device/stm32f4xx_hal_cryp.h","File","HAL/CubeMX 替代","CubeMX/HAL/CMSIS 生成层","旧 mbed、FastPWM、启动或 IDE 生成层；行为合同吸收后由 CubeMX/HAL 替代。","True","50463","3BA6B3463B8C5FD49B438DF58BEC9FFA0435FA53CBD83805F5030304DB675A76","2021-01-05T01:22:30.0000000Z"
"mbed-dev/targets/TARGET_STM/TARGET_STM32F4/device/stm32f4xx_hal_dac_ex.c","File","HAL/CubeMX 替代","CubeMX/HAL/CMSIS 生成层","旧 mbed、FastPWM、启动或 IDE 生成层；行为合同吸收后由 CubeMX/HAL 替代。","True","15906","3A03AAE3D1B79D7DA9C728218926B1002BEE3E402F2078B669E17A69429EFA58","2021-01-05T01:22:30.0000000Z"
"mbed-dev/targets/TARGET_STM/TARGET_STM32F4/device/stm32f4xx_hal_dac_ex.h","File","HAL/CubeMX 替代","CubeMX/HAL/CMSIS 生成层","旧 mbed、FastPWM、启动或 IDE 生成层；行为合同吸收后由 CubeMX/HAL 替代。","True","11100","2AAB87D6A96FE044508C062765117ED90174178653C0F1940EE62299791C5F8D","2021-01-05T01:22:30.0000000Z"
"mbed-dev/targets/TARGET_STM/TARGET_STM32F4/device/stm32f4xx_hal_dac.c","File","HAL/CubeMX 替代","CubeMX/HAL/CMSIS 生成层","旧 mbed、FastPWM、启动或 IDE 生成层；行为合同吸收后由 CubeMX/HAL 替代。","True","32610","19B81CC1A38D51641283B6AC6107E6325F6DDB208BC64F8156D49E713F856171","2021-01-05T01:22:30.0000000Z"
"mbed-dev/targets/TARGET_STM/TARGET_STM32F4/device/stm32f4xx_hal_dac.h","File","HAL/CubeMX 替代","CubeMX/HAL/CMSIS 生成层","旧 mbed、FastPWM、启动或 IDE 生成层；行为合同吸收后由 CubeMX/HAL 替代。","True","15996","F228DFC455902D1B16C9BC87225D6E378B4C004E6829C59C7C21CE125C90F7CA","2021-01-05T01:22:30.0000000Z"
"mbed-dev/targets/TARGET_STM/TARGET_STM32F4/device/stm32f4xx_hal_dcmi_ex.c","File","HAL/CubeMX 替代","CubeMX/HAL/CMSIS 生成层","旧 mbed、FastPWM、启动或 IDE 生成层；行为合同吸收后由 CubeMX/HAL 替代。","True","8088","0A099F7ED1B3D3ADA8CDDFB90FCFF5ECEEA30E43C0E37226CBF17FF82303A91D","2021-01-05T01:22:30.0000000Z"
"mbed-dev/targets/TARGET_STM/TARGET_STM32F4/device/stm32f4xx_hal_dcmi_ex.h","File","HAL/CubeMX 替代","CubeMX/HAL/CMSIS 生成层","旧 mbed、FastPWM、启动或 IDE 生成层；行为合同吸收后由 CubeMX/HAL 替代。","True","10458","0A70CC034BDED24AD329462AD1A1F0DE6F798724BFEB59270FC468CED5A7B4B2","2021-01-05T01:22:30.0000000Z"
"mbed-dev/targets/TARGET_STM/TARGET_STM32F4/device/stm32f4xx_hal_dcmi.c","File","HAL/CubeMX 替代","CubeMX/HAL/CMSIS 生成层","旧 mbed、FastPWM、启动或 IDE 生成层；行为合同吸收后由 CubeMX/HAL 替代。","True","28645","51050D091F353F3D145FCE0702A9F3ABA17ECC3A364BED8CC7A65D9FB40652B7","2021-01-05T01:22:30.0000000Z"
"mbed-dev/targets/TARGET_STM/TARGET_STM32F4/device/stm32f4xx_hal_dcmi.h","File","HAL/CubeMX 替代","CubeMX/HAL/CMSIS 生成层","旧 mbed、FastPWM、启动或 IDE 生成层；行为合同吸收后由 CubeMX/HAL 替代。","True","22143","19B441C022D80930EC45D31A11323B017E9E14FE11810558CE0D570A03EF70BD","2021-01-05T01:22:30.0000000Z"
"mbed-dev/targets/TARGET_STM/TARGET_STM32F4/device/stm32f4xx_hal_def.h","File","HAL/CubeMX 替代","CubeMX/HAL/CMSIS 生成层","旧 mbed、FastPWM、启动或 IDE 生成层；行为合同吸收后由 CubeMX/HAL 替代。","True","8871","DAEAF47E7D4DB2B20AD2E02B3DD6EBADB2B9982A15795E8B38DDA15268400855","2021-01-05T01:22:30.0000000Z"
"mbed-dev/targets/TARGET_STM/TARGET_STM32F4/device/stm32f4xx_hal_dfsdm.c","File","HAL/CubeMX 替代","CubeMX/HAL/CMSIS 生成层","旧 mbed、FastPWM、启动或 IDE 生成层；行为合同吸收后由 CubeMX/HAL 替代。","True","134326","8C1122F4BFD371068F511291255B7FB7413E156352C1C258590CD91FEA15A0BF","2021-01-05T01:22:30.0000000Z"
"mbed-dev/targets/TARGET_STM/TARGET_STM32F4/device/stm32f4xx_hal_dfsdm.h","File","HAL/CubeMX 替代","CubeMX/HAL/CMSIS 生成层","旧 mbed、FastPWM、启动或 IDE 生成层；行为合同吸收后由 CubeMX/HAL 替代。","True","57642","FE44E564981CB21E3DF75DE8AE98BE4D51D50D7F5DCEC62A28EFB2608055C391","2021-01-05T01:22:30.0000000Z"
"mbed-dev/targets/TARGET_STM/TARGET_STM32F4/device/stm32f4xx_hal_dma_ex.c","File","HAL/CubeMX 替代","CubeMX/HAL/CMSIS 生成层","旧 mbed、FastPWM、启动或 IDE 生成层；行为合同吸收后由 CubeMX/HAL 替代。","True","11757","FEB9E1FD6C4B4D32E627BB525DDA331B61DA32DF7CDA52AF3AB0C493F79D92A7","2021-01-05T01:22:30.0000000Z"
"mbed-dev/targets/TARGET_STM/TARGET_STM32F4/device/stm32f4xx_hal_dma_ex.h","File","HAL/CubeMX 替代","CubeMX/HAL/CMSIS 生成层","旧 mbed、FastPWM、启动或 IDE 生成层；行为合同吸收后由 CubeMX/HAL 替代。","True","4117","0B7C5B15326A23CAE7DF9884E9F7D1557A4521FF895751BCAC36C246CB664BFA","2021-01-05T01:22:30.0000000Z"
"mbed-dev/targets/TARGET_STM/TARGET_STM32F4/device/stm32f4xx_hal_dma.c","File","HAL/CubeMX 替代","CubeMX/HAL/CMSIS 生成层","旧 mbed、FastPWM、启动或 IDE 生成层；行为合同吸收后由 CubeMX/HAL 替代。","True","40781","03D7B545D867A5F5C2FB5936EBDDC339B2593506686251529FF06E9CCDCD9256","2021-01-05T01:22:30.0000000Z"
"mbed-dev/targets/TARGET_STM/TARGET_STM32F4/device/stm32f4xx_hal_dma.h","File","HAL/CubeMX 替代","CubeMX/HAL/CMSIS 生成层","旧 mbed、FastPWM、启动或 IDE 生成层；行为合同吸收后由 CubeMX/HAL 替代。","True","39357","7F85054EEFC3508EEC51EFB164042C38128C37F1007582D1207FD34AA2EA075F","2021-01-05T01:22:30.0000000Z"
"mbed-dev/targets/TARGET_STM/TARGET_STM32F4/device/stm32f4xx_hal_dma2d.c","File","HAL/CubeMX 替代","CubeMX/HAL/CMSIS 生成层","旧 mbed、FastPWM、启动或 IDE 生成层；行为合同吸收后由 CubeMX/HAL 替代。","True","59186","3EFFDBACE9AB18BDCABF6F010B4068325EF29EF29765D3172F22ABCAABC205DB","2021-01-05T01:22:30.0000000Z"
"mbed-dev/targets/TARGET_STM/TARGET_STM32F4/device/stm32f4xx_hal_dma2d.h","File","HAL/CubeMX 替代","CubeMX/HAL/CMSIS 生成层","旧 mbed、FastPWM、启动或 IDE 生成层；行为合同吸收后由 CubeMX/HAL 替代。","True","26779","E1D87AA348E7FB9A933DC49AB483A6726B216D241762278B931A34C930598AB8","2021-01-05T01:22:30.0000000Z"
"mbed-dev/targets/TARGET_STM/TARGET_STM32F4/device/stm32f4xx_hal_dsi.c","File","HAL/CubeMX 替代","CubeMX/HAL/CMSIS 生成层","旧 mbed、FastPWM、启动或 IDE 生成层；行为合同吸收后由 CubeMX/HAL 替代。","True","71667","5F89C337E7D98861D90BAEC6692EB03C4F1385A54AC4F2B7838C78546125DD94","2021-01-05T01:22:30.0000000Z"
"mbed-dev/targets/TARGET_STM/TARGET_STM32F4/device/stm32f4xx_hal_dsi.h","File","HAL/CubeMX 替代","CubeMX/HAL/CMSIS 生成层","旧 mbed、FastPWM、启动或 IDE 生成层；行为合同吸收后由 CubeMX/HAL 替代。","True","50995","E8B0C6E5FFEECB5D4213775BD39CF1403512C21D752F3FA4ACA67DC85585BB03","2021-01-05T01:22:30.0000000Z"
"mbed-dev/targets/TARGET_STM/TARGET_STM32F4/device/stm32f4xx_hal_eth.c","File","HAL/CubeMX 替代","CubeMX/HAL/CMSIS 生成层","旧 mbed、FastPWM、启动或 IDE 生成层；行为合同吸收后由 CubeMX/HAL 替代。","True","73466","293BAA5A54253828E1DF64294340D8384F4BA7C78C4A5C008058E9A927EA0637","2021-01-05T01:22:30.0000000Z"
"mbed-dev/targets/TARGET_STM/TARGET_STM32F4/device/stm32f4xx_hal_eth.h","File","HAL/CubeMX 替代","CubeMX/HAL/CMSIS 生成层","旧 mbed、FastPWM、启动或 IDE 生成层；行为合同吸收后由 CubeMX/HAL 替代。","True","108307","3A983ACDE0C6778BFFE6710D54C62B1F98DEDD5B4E55C5627583C524697373BE","2021-01-05T01:22:30.0000000Z"
"mbed-dev/targets/TARGET_STM/TARGET_STM32F4/device/stm32f4xx_hal_flash_ex.c","File","HAL/CubeMX 替代","CubeMX/HAL/CMSIS 生成层","旧 mbed、FastPWM、启动或 IDE 生成层；行为合同吸收后由 CubeMX/HAL 替代。","True","52004","5527239E85C9E762C938F5E4DD57F65B166759C125935676EA6EBA251BD27626","2021-01-05T01:22:30.0000000Z"
"mbed-dev/targets/TARGET_STM/TARGET_STM32F4/device/stm32f4xx_hal_flash_ex.h","File","HAL/CubeMX 替代","CubeMX/HAL/CMSIS 生成层","旧 mbed、FastPWM、启动或 IDE 生成层；行为合同吸收后由 CubeMX/HAL 替代。","True","65666","D5060CC35674855CF644ACB646D4CF05196A035CAD443DF97273CA64B70C1742","2021-01-05T01:22:30.0000000Z"
"mbed-dev/targets/TARGET_STM/TARGET_STM32F4/device/stm32f4xx_hal_flash_ramfunc.c","File","HAL/CubeMX 替代","CubeMX/HAL/CMSIS 生成层","旧 mbed、FastPWM、启动或 IDE 生成层；行为合同吸收后由 CubeMX/HAL 替代。","True","7401","23B0874CFCF2BB5634730D8C0625A7E3AF79A6EF19B8C79F6A4C63B2AFC34ABD","2021-01-05T01:22:30.0000000Z"
"mbed-dev/targets/TARGET_STM/TARGET_STM32F4/device/stm32f4xx_hal_flash_ramfunc.h","File","HAL/CubeMX 替代","CubeMX/HAL/CMSIS 生成层","旧 mbed、FastPWM、启动或 IDE 生成层；行为合同吸收后由 CubeMX/HAL 替代。","True","3615","2D8EA9EA58E119E9107A04AC8B80378D5FAA6ADED2E6ED1A3C52E6A2B3C88360","2021-01-05T01:22:30.0000000Z"
"mbed-dev/targets/TARGET_STM/TARGET_STM32F4/device/stm32f4xx_hal_flash.c","File","HAL/CubeMX 替代","CubeMX/HAL/CMSIS 生成层","旧 mbed、FastPWM、启动或 IDE 生成层；行为合同吸收后由 CubeMX/HAL 替代。","True","25181","9F13E1F238D49A2C956D5FCD53E09C689C180DCE344FD97B5711195A982D96D5","2021-01-05T01:22:30.0000000Z"
"mbed-dev/targets/TARGET_STM/TARGET_STM32F4/device/stm32f4xx_hal_flash.h","File","HAL/CubeMX 替代","CubeMX/HAL/CMSIS 生成层","旧 mbed、FastPWM、启动或 IDE 生成层；行为合同吸收后由 CubeMX/HAL 替代。","True","15908","FAA6F527B8CD8CA0AFE5A57C098DAEB2D4673945E461BF8ED7D4D8558AF0D578","2021-01-05T01:22:30.0000000Z"
"mbed-dev/targets/TARGET_STM/TARGET_STM32F4/device/stm32f4xx_hal_fmpi2c_ex.c","File","HAL/CubeMX 替代","CubeMX/HAL/CMSIS 生成层","旧 mbed、FastPWM、启动或 IDE 生成层；行为合同吸收后由 CubeMX/HAL 替代。","True","9179","B9C12985C1EDF36F7758286677244B368D6D31FF7B3025DE2CF0FE7816798E8C","2021-01-05T01:22:30.0000000Z"
"mbed-dev/targets/TARGET_STM/TARGET_STM32F4/device/stm32f4xx_hal_fmpi2c_ex.h","File","HAL/CubeMX 替代","CubeMX/HAL/CMSIS 生成层","旧 mbed、FastPWM、启动或 IDE 生成层；行为合同吸收后由 CubeMX/HAL 替代。","True","5816","5621B5D6A941BCD89585DCE5480E1663DACEA4E414462F890062514709F1517E","2021-01-05T01:22:30.0000000Z"
"mbed-dev/targets/TARGET_STM/TARGET_STM32F4/device/stm32f4xx_hal_fmpi2c.c","File","HAL/CubeMX 替代","CubeMX/HAL/CMSIS 生成层","旧 mbed、FastPWM、启动或 IDE 生成层；行为合同吸收后由 CubeMX/HAL 替代。","True","165720","9DDB931BC51CB6CFB59C523116FE5FDD2C973D2E7BB00C0212CBB4F660C7C902","2021-01-05T01:22:30.0000000Z"
"mbed-dev/targets/TARGET_STM/TARGET_STM32F4/device/stm32f4xx_hal_fmpi2c.h","File","HAL/CubeMX 替代","CubeMX/HAL/CMSIS 生成层","旧 mbed、FastPWM、启动或 IDE 生成层；行为合同吸收后由 CubeMX/HAL 替代。","True","33589","5460E719F5DBD88E4A775799118C7BC753B9CA46922730162CD8D7C3704F4F9B","2021-01-05T01:22:30.0000000Z"
"mbed-dev/targets/TARGET_STM/TARGET_STM32F4/device/stm32f4xx_hal_gpio_ex.h","File","HAL/CubeMX 替代","CubeMX/HAL/CMSIS 生成层","旧 mbed、FastPWM、启动或 IDE 生成层；行为合同吸收后由 CubeMX/HAL 替代。","True","81519","61EE87A2705407FDBCAE8C9E6EBC4370B6D39557CE1BA2A12B21AC721A37872E","2021-01-05T01:22:30.0000000Z"
"mbed-dev/targets/TARGET_STM/TARGET_STM32F4/device/stm32f4xx_hal_gpio.c","File","HAL/CubeMX 替代","CubeMX/HAL/CMSIS 生成层","旧 mbed、FastPWM、启动或 IDE 生成层；行为合同吸收后由 CubeMX/HAL 替代。","True","20217","4978049597956E15B8E32A50EF23BEB74B625ECD599D4B0AFD62271626BF372F","2021-01-05T01:22:30.0000000Z"
"mbed-dev/targets/TARGET_STM/TARGET_STM32F4/device/stm32f4xx_hal_gpio.h","File","HAL/CubeMX 替代","CubeMX/HAL/CMSIS 生成层","旧 mbed、FastPWM、启动或 IDE 生成层；行为合同吸收后由 CubeMX/HAL 替代。","True","13392","0B8CC7157B2858518F7B5C360386A7675DB591F3572A4409C98D539DD37293DC","2021-01-05T01:22:30.0000000Z"
"mbed-dev/targets/TARGET_STM/TARGET_STM32F4/device/stm32f4xx_hal_hash_ex.c","File","HAL/CubeMX 替代","CubeMX/HAL/CMSIS 生成层","旧 mbed、FastPWM、启动或 IDE 生成层；行为合同吸收后由 CubeMX/HAL 替代。","True","52330","F1C56DD55E88E918C11A337E2ADA74558AE24DB928A9BB47F48D20B552D63918","2021-01-05T01:22:30.0000000Z"
"mbed-dev/targets/TARGET_STM/TARGET_STM32F4/device/stm32f4xx_hal_hash_ex.h","File","HAL/CubeMX 替代","CubeMX/HAL/CMSIS 生成层","旧 mbed、FastPWM、启动或 IDE 生成层；行为合同吸收后由 CubeMX/HAL 替代。","True","6579","33426EA0B6D54BFB841F521C26B3A63C0D8DF5F128AD0A6A5E4664E2FFF5F226","2021-01-05T01:22:30.0000000Z"
"mbed-dev/targets/TARGET_STM/TARGET_STM32F4/device/stm32f4xx_hal_hash.c","File","HAL/CubeMX 替代","CubeMX/HAL/CMSIS 生成层","旧 mbed、FastPWM、启动或 IDE 生成层；行为合同吸收后由 CubeMX/HAL 替代。","True","59408","A2FE71518C9A589AC2E210EDC4DE90E3429143017C79EE61697CFBB039DB5FC4","2021-01-05T01:22:30.0000000Z"
"mbed-dev/targets/TARGET_STM/TARGET_STM32F4/device/stm32f4xx_hal_hash.h","File","HAL/CubeMX 替代","CubeMX/HAL/CMSIS 生成层","旧 mbed、FastPWM、启动或 IDE 生成层；行为合同吸收后由 CubeMX/HAL 替代。","True","15681","1E21190CFCA2F524B34945BAA1D83971CC2139F28643D60D6ED4A30104F9F187","2021-01-05T01:22:30.0000000Z"
"mbed-dev/targets/TARGET_STM/TARGET_STM32F4/device/stm32f4xx_hal_hcd.c","File","HAL/CubeMX 替代","CubeMX/HAL/CMSIS 生成层","旧 mbed、FastPWM、启动或 IDE 生成层；行为合同吸收后由 CubeMX/HAL 替代。","True","37052","A1B9CB6FC8C8884FC20EDA87DE145198B2775C2CD2164DAA918EA2EE41E08000","2021-01-05T01:22:30.0000000Z"
"mbed-dev/targets/TARGET_STM/TARGET_STM32F4/device/stm32f4xx_hal_hcd.h","File","HAL/CubeMX 替代","CubeMX/HAL/CMSIS 生成层","旧 mbed、FastPWM、启动或 IDE 生成层；行为合同吸收后由 CubeMX/HAL 替代。","True","10115","B1688C1853584C0C698A056DF9A8F02B157C07D0FA730EC9D284DF3105482A90","2021-01-05T01:22:30.0000000Z"
"mbed-dev/targets/TARGET_STM/TARGET_STM32F4/device/stm32f4xx_hal_i2c_ex.c","File","HAL/CubeMX 替代","CubeMX/HAL/CMSIS 生成层","旧 mbed、FastPWM、启动或 IDE 生成层；行为合同吸收后由 CubeMX/HAL 替代。","True","7341","96C619036C7911F3AD2FE0DE337C969BD2FCE792D4C6DFA6DE5E21C14EA981E9","2021-01-05T01:22:30.0000000Z"
"mbed-dev/targets/TARGET_STM/TARGET_STM32F4/device/stm32f4xx_hal_i2c_ex.h","File","HAL/CubeMX 替代","CubeMX/HAL/CMSIS 生成层","旧 mbed、FastPWM、启动或 IDE 生成层；行为合同吸收后由 CubeMX/HAL 替代。","True","4899","9A97CAC9123982636FC9AA9279F094BDA8FA93DA2A3F117F1BE7F49EF5EBB1F8","2021-01-05T01:22:30.0000000Z"
"mbed-dev/targets/TARGET_STM/TARGET_STM32F4/device/stm32f4xx_hal_i2c.c","File","HAL/CubeMX 替代","CubeMX/HAL/CMSIS 生成层","旧 mbed、FastPWM、启动或 IDE 生成层；行为合同吸收后由 CubeMX/HAL 替代。","True","168267","7C37E017085F02DD136A2F3B10721A744359E902A313A94A6E9A6568456AC10B","2021-01-05T01:22:30.0000000Z"
"mbed-dev/targets/TARGET_STM/TARGET_STM32F4/device/stm32f4xx_hal_i2c.h","File","HAL/CubeMX 替代","CubeMX/HAL/CMSIS 生成层","旧 mbed、FastPWM、启动或 IDE 生成层；行为合同吸收后由 CubeMX/HAL 替代。","True","30091","09E0013DDFE1121165B110946CC6192D3C24603C73FE3166F29BC15A0D516721","2021-01-05T01:22:30.0000000Z"
"mbed-dev/targets/TARGET_STM/TARGET_STM32F4/device/stm32f4xx_hal_i2s_ex.c","File","HAL/CubeMX 替代","CubeMX/HAL/CMSIS 生成层","旧 mbed、FastPWM、启动或 IDE 生成层；行为合同吸收后由 CubeMX/HAL 替代。","True","40080","6F7C1D6446C711CA708E51316ECE1E16E134E86B9EFAC49A6F1A0EFD653033B5","2021-01-05T01:22:30.0000000Z"
"mbed-dev/targets/TARGET_STM/TARGET_STM32F4/device/stm32f4xx_hal_i2s_ex.h","File","HAL/CubeMX 替代","CubeMX/HAL/CMSIS 生成层","旧 mbed、FastPWM、启动或 IDE 生成层；行为合同吸收后由 CubeMX/HAL 替代。","True","8660","963BBFAA97A111F31C0E83D122DE43E4327472573C16F876C889FFCE67CE48E9","2021-01-05T01:22:30.0000000Z"
"mbed-dev/targets/TARGET_STM/TARGET_STM32F4/device/stm32f4xx_hal_i2s.c","File","HAL/CubeMX 替代","CubeMX/HAL/CMSIS 生成层","旧 mbed、FastPWM、启动或 IDE 生成层；行为合同吸收后由 CubeMX/HAL 替代。","True","51649","11FF86FF067A089F1CF78240404D01E1574E5605DD057D79EBF9EA1403801E15","2021-01-05T01:22:30.0000000Z"
"mbed-dev/targets/TARGET_STM/TARGET_STM32F4/device/stm32f4xx_hal_i2s.h","File","HAL/CubeMX 替代","CubeMX/HAL/CMSIS 生成层","旧 mbed、FastPWM、启动或 IDE 生成层；行为合同吸收后由 CubeMX/HAL 替代。","True","22004","4D34B7E3D8395C5D8F391608C6749540DADA7D9D0C2E19E46A9849EA14901538","2021-01-05T01:22:30.0000000Z"
"mbed-dev/targets/TARGET_STM/TARGET_STM32F4/device/stm32f4xx_hal_irda.c","File","HAL/CubeMX 替代","CubeMX/HAL/CMSIS 生成层","旧 mbed、FastPWM、启动或 IDE 生成层；行为合同吸收后由 CubeMX/HAL 替代。","True","71942","5974416419562C12DBD7C326B78AEA52357BD5A488929B2D63A2B85B70DA5A99","2021-01-05T01:22:30.0000000Z"
"mbed-dev/targets/TARGET_STM/TARGET_STM32F4/device/stm32f4xx_hal_irda.h","File","HAL/CubeMX 替代","CubeMX/HAL/CMSIS 生成层","旧 mbed、FastPWM、启动或 IDE 生成层；行为合同吸收后由 CubeMX/HAL 替代。","True","27608","9F3BA83325C8736FA70FE736C21C401F943D2A003A0C985F9DA5656AC774BA97","2021-01-05T01:22:30.0000000Z"
"mbed-dev/targets/TARGET_STM/TARGET_STM32F4/device/stm32f4xx_hal_iwdg.c","File","HAL/CubeMX 替代","CubeMX/HAL/CMSIS 生成层","旧 mbed、FastPWM、启动或 IDE 生成层；行为合同吸收后由 CubeMX/HAL 替代。","True","9822","1FF854AF186E24DA5F6B797CE0AC09629DCE5F3306F9BD38E3E4023E53C1B040","2021-01-05T01:22:30.0000000Z"
"mbed-dev/targets/TARGET_STM/TARGET_STM32F4/device/stm32f4xx_hal_iwdg.h","File","HAL/CubeMX 替代","CubeMX/HAL/CMSIS 生成层","旧 mbed、FastPWM、启动或 IDE 生成层；行为合同吸收后由 CubeMX/HAL 替代。","True","7940","CE44C3B3D45D93EBFB97BD218808C20C59D1E4E05AF07CE72F946F2744375127","2021-01-05T01:22:30.0000000Z"
"mbed-dev/targets/TARGET_STM/TARGET_STM32F4/device/stm32f4xx_hal_lptim.c","File","HAL/CubeMX 替代","CubeMX/HAL/CMSIS 生成层","旧 mbed、FastPWM、启动或 IDE 生成层；行为合同吸收后由 CubeMX/HAL 替代。","True","52642","F729A7AFE434248E2EE0C8D6BAD9989E5B8B1D6205240C80189C06F0B0E3B56A","2021-01-05T01:22:30.0000000Z"
"mbed-dev/targets/TARGET_STM/TARGET_STM32F4/device/stm32f4xx_hal_lptim.h","File","HAL/CubeMX 替代","CubeMX/HAL/CMSIS 生成层","旧 mbed、FastPWM、启动或 IDE 生成层；行为合同吸收后由 CubeMX/HAL 替代。","True","32898","228B07E17E40F3652B8593C3C7C31B059CA06B83EDE09E828829BFB65570DDB0","2021-01-05T01:22:30.0000000Z"
"mbed-dev/targets/TARGET_STM/TARGET_STM32F4/device/stm32f4xx_hal_ltdc_ex.c","File","HAL/CubeMX 替代","CubeMX/HAL/CMSIS 生成层","旧 mbed、FastPWM、启动或 IDE 生成层；行为合同吸收后由 CubeMX/HAL 替代。","True","7389","B82CACAB7A1CD35857C13BE94223C6D3D93639332C939D53ED5E4E3E582A9F12","2021-01-05T01:22:30.0000000Z"
"mbed-dev/targets/TARGET_STM/TARGET_STM32F4/device/stm32f4xx_hal_ltdc_ex.h","File","HAL/CubeMX 替代","CubeMX/HAL/CMSIS 生成层","旧 mbed、FastPWM、启动或 IDE 生成层；行为合同吸收后由 CubeMX/HAL 替代。","True","3877","B368D1B096141915C9CD38FB648A76FAAB28708A1967329EC557ACFA264871E7","2021-01-05T01:22:30.0000000Z"
"mbed-dev/targets/TARGET_STM/TARGET_STM32F4/device/stm32f4xx_hal_ltdc.c","File","HAL/CubeMX 替代","CubeMX/HAL/CMSIS 生成层","旧 mbed、FastPWM、启动或 IDE 生成层；行为合同吸收后由 CubeMX/HAL 替代。","True","62632","59722F9B153AEF8F44FC4BBE551C4EE4817C8CFFA438EBF6929A7FE67B502E71","2021-01-05T01:22:30.0000000Z"
"mbed-dev/targets/TARGET_STM/TARGET_STM32F4/device/stm32f4xx_hal_ltdc.h","File","HAL/CubeMX 替代","CubeMX/HAL/CMSIS 生成层","旧 mbed、FastPWM、启动或 IDE 生成层；行为合同吸收后由 CubeMX/HAL 替代。","True","30265","2B8B85E8BA3E8F195A097C029A3A270421E50192A076E6186885E123C6A41993","2021-01-05T01:22:30.0000000Z"
"mbed-dev/targets/TARGET_STM/TARGET_STM32F4/device/stm32f4xx_hal_mmc.c","File","HAL/CubeMX 替代","CubeMX/HAL/CMSIS 生成层","旧 mbed、FastPWM、启动或 IDE 生成层；行为合同吸收后由 CubeMX/HAL 替代。","True","84023","E945E6A193CFD3CE4843062E849138D2DDDBDF0A2B2250331C506B789AEC85DA","2021-01-05T01:22:30.0000000Z"
"mbed-dev/targets/TARGET_STM/TARGET_STM32F4/device/stm32f4xx_hal_mmc.h","File","HAL/CubeMX 替代","CubeMX/HAL/CMSIS 生成层","旧 mbed、FastPWM、启动或 IDE 生成层；行为合同吸收后由 CubeMX/HAL 替代。","True","36668","878A6B2770BFDB5BC6AFAAD16C7ACCD12150DA3FCFC3D5668CC3D96D4A906C22","2021-01-05T01:22:30.0000000Z"
"mbed-dev/targets/TARGET_STM/TARGET_STM32F4/device/stm32f4xx_hal_msp_template.c","File","HAL/CubeMX 替代","CubeMX/HAL/CMSIS 生成层","旧 mbed、FastPWM、启动或 IDE 生成层；行为合同吸收后由 CubeMX/HAL 替代。","True","4206","456ACCA635607BEBFC7DA66807F67CF3FF22D578279C11FEB51C7795B8C8EBE7","2021-01-05T01:22:30.0000000Z"
"mbed-dev/targets/TARGET_STM/TARGET_STM32F4/device/stm32f4xx_hal_nand.c","File","HAL/CubeMX 替代","CubeMX/HAL/CMSIS 生成层","旧 mbed、FastPWM、启动或 IDE 生成层；行为合同吸收后由 CubeMX/HAL 替代。","True","62457","408C49699B6718F104C084743098FA35A18739881BE4FB0EA97C912F7F3AAB1D","2021-01-05T01:22:30.0000000Z"
"mbed-dev/targets/TARGET_STM/TARGET_STM32F4/device/stm32f4xx_hal_nand.h","File","HAL/CubeMX 替代","CubeMX/HAL/CMSIS 生成层","旧 mbed、FastPWM、启动或 IDE 生成层；行为合同吸收后由 CubeMX/HAL 替代。","True","14311","644D4E6AD3C27E347B387431B1F09FE19A67458CC515D4C3010E94453299FF3E","2021-01-05T01:22:30.0000000Z"
"mbed-dev/targets/TARGET_STM/TARGET_STM32F4/device/stm32f4xx_hal_nor.c","File","HAL/CubeMX 替代","CubeMX/HAL/CMSIS 生成层","旧 mbed、FastPWM、启动或 IDE 生成层；行为合同吸收后由 CubeMX/HAL 替代。","True","33967","044FC9E4CEB3836999E7C42832AEC4D0006601EC1E75669961BD72F2E388339C","2021-01-05T01:22:30.0000000Z"
"mbed-dev/targets/TARGET_STM/TARGET_STM32F4/device/stm32f4xx_hal_nor.h","File","HAL/CubeMX 替代","CubeMX/HAL/CMSIS 生成层","旧 mbed、FastPWM、启动或 IDE 生成层；行为合同吸收后由 CubeMX/HAL 替代。","True","11402","67DFCD2A84CE27FAF177C349B88E505CBC5F86DABC07D06A0963AA91C03E54E1","2021-01-05T01:22:30.0000000Z"
"mbed-dev/targets/TARGET_STM/TARGET_STM32F4/device/stm32f4xx_hal_pccard.c","File","HAL/CubeMX 替代","CubeMX/HAL/CMSIS 生成层","旧 mbed、FastPWM、启动或 IDE 生成层；行为合同吸收后由 CubeMX/HAL 替代。","True","24847","24CCB312F1B2BDF26C28740B5D1C36DA773E302740B041415933C2AAFC6EC64F","2021-01-05T01:22:30.0000000Z"
"mbed-dev/targets/TARGET_STM/TARGET_STM32F4/device/stm32f4xx_hal_pccard.h","File","HAL/CubeMX 替代","CubeMX/HAL/CMSIS 生成层","旧 mbed、FastPWM、启动或 IDE 生成层；行为合同吸收后由 CubeMX/HAL 替代。","True","11382","D317333F2F33D2D3EDBAE14819B4699CCF872A48775B1D512FC3664C7A8F8112","2021-01-05T01:22:30.0000000Z"
"mbed-dev/targets/TARGET_STM/TARGET_STM32F4/device/stm32f4xx_hal_pcd_ex.c","File","HAL/CubeMX 替代","CubeMX/HAL/CMSIS 生成层","旧 mbed、FastPWM、启动或 IDE 生成层；行为合同吸收后由 CubeMX/HAL 替代。","True","11203","03D0F50CE291640D0D1DE58BA27658D4988F07C1F79111E4359D1C2001DE64DC","2021-01-05T01:22:30.0000000Z"
"mbed-dev/targets/TARGET_STM/TARGET_STM32F4/device/stm32f4xx_hal_pcd_ex.h","File","HAL/CubeMX 替代","CubeMX/HAL/CMSIS 生成层","旧 mbed、FastPWM、启动或 IDE 生成层；行为合同吸收后由 CubeMX/HAL 替代。","True","6431","B10605A210A2B3C5B2885FB03C87EDDB8F8526E9B8C681437738674C5A3304D1","2021-01-05T01:22:30.0000000Z"
"mbed-dev/targets/TARGET_STM/TARGET_STM32F4/device/stm32f4xx_hal_pcd.c","File","HAL/CubeMX 替代","CubeMX/HAL/CMSIS 生成层","旧 mbed、FastPWM、启动或 IDE 生成层；行为合同吸收后由 CubeMX/HAL 替代。","True","38727","560A402245818975242E44E0531469DA8376CD521D0E72B7890D6058B4118ED6","2021-01-05T01:22:30.0000000Z"
"mbed-dev/targets/TARGET_STM/TARGET_STM32F4/device/stm32f4xx_hal_pcd.h","File","HAL/CubeMX 替代","CubeMX/HAL/CMSIS 生成层","旧 mbed、FastPWM、启动或 IDE 生成层；行为合同吸收后由 CubeMX/HAL 替代。","True","15199","DD1B27D804CAC03FF7F73B5E1920CE32BE438547A5C3C03117699760D6B518BF","2021-01-05T01:22:30.0000000Z"
"mbed-dev/targets/TARGET_STM/TARGET_STM32F4/device/stm32f4xx_hal_pwr_ex.c","File","HAL/CubeMX 替代","CubeMX/HAL/CMSIS 生成层","旧 mbed、FastPWM、启动或 IDE 生成层；行为合同吸收后由 CubeMX/HAL 替代。","True","24755","68EB54B03B946BE463ECE927A1206D06D71FC60049E075989AC35D7389184B2D","2021-01-05T01:22:30.0000000Z"
"mbed-dev/targets/TARGET_STM/TARGET_STM32F4/device/stm32f4xx_hal_pwr_ex.h","File","HAL/CubeMX 替代","CubeMX/HAL/CMSIS 生成层","旧 mbed、FastPWM、启动或 IDE 生成层；行为合同吸收后由 CubeMX/HAL 替代。","True","17895","B38E597D2F86B26073C9C06469663EB1138BCE5C1DBA203BF34800AC5C2C24E6","2021-01-05T01:22:30.0000000Z"
"mbed-dev/targets/TARGET_STM/TARGET_STM32F4/device/stm32f4xx_hal_pwr.c","File","HAL/CubeMX 替代","CubeMX/HAL/CMSIS 生成层","旧 mbed、FastPWM、启动或 IDE 生成层；行为合同吸收后由 CubeMX/HAL 替代。","True","21142","28B10F1096E07A7CD6545251D2DC635AC988327C08CED537B43074AD1FEA4C5F","2021-01-05T01:22:30.0000000Z"
"mbed-dev/targets/TARGET_STM/TARGET_STM32F4/device/stm32f4xx_hal_pwr.h","File","HAL/CubeMX 替代","CubeMX/HAL/CMSIS 生成层","旧 mbed、FastPWM、启动或 IDE 生成层；行为合同吸收后由 CubeMX/HAL 替代。","True","15623","B848A196C90EC71393FAF48B2800558271211CAD74D893BF2244E9F88D36F775","2021-01-05T01:22:30.0000000Z"
"mbed-dev/targets/TARGET_STM/TARGET_STM32F4/device/stm32f4xx_hal_qspi.c","File","HAL/CubeMX 替代","CubeMX/HAL/CMSIS 生成层","旧 mbed、FastPWM、启动或 IDE 生成层；行为合同吸收后由 CubeMX/HAL 替代。","True","80837","BF8DF5A868ED3D3C489CF5FEE5452256FFCCB12DB10F76C238533A24D34526E8","2021-01-05T01:22:30.0000000Z"
"mbed-dev/targets/TARGET_STM/TARGET_STM32F4/device/stm32f4xx_hal_qspi.h","File","HAL/CubeMX 替代","CubeMX/HAL/CMSIS 生成层","旧 mbed、FastPWM、启动或 IDE 生成层；行为合同吸收后由 CubeMX/HAL 替代。","True","36858","E155B6ACB5981F097C7C70A54A8672BAD1F4EBE42D5B7DD93B9FBB2EB244A042","2021-01-05T01:22:30.0000000Z"
"mbed-dev/targets/TARGET_STM/TARGET_STM32F4/device/stm32f4xx_hal_rcc_ex.c","File","HAL/CubeMX 替代","CubeMX/HAL/CMSIS 生成层","旧 mbed、FastPWM、启动或 IDE 生成层；行为合同吸收后由 CubeMX/HAL 替代。","True","147774","AD3D2AFE95423A1456E218D50718698FA226660AEE42D0244B5FC66FC83ED160","2021-01-05T01:22:30.0000000Z"
"mbed-dev/targets/TARGET_STM/TARGET_STM32F4/device/stm32f4xx_hal_rcc_ex.h","File","HAL/CubeMX 替代","CubeMX/HAL/CMSIS 生成层","旧 mbed、FastPWM、启动或 IDE 生成层；行为合同吸收后由 CubeMX/HAL 替代。","True","433762","B15B4E087DF4CC7F0FD03BD477D1F3358015A71A2F294CA7E299B0CB0E272E84","2021-01-05T01:22:30.0000000Z"
"mbed-dev/targets/TARGET_STM/TARGET_STM32F4/device/stm32f4xx_hal_rcc.c","File","HAL/CubeMX 替代","CubeMX/HAL/CMSIS 生成层","旧 mbed、FastPWM、启动或 IDE 生成层；行为合同吸收后由 CubeMX/HAL 替代。","True","42543","8DE3816D4273B7DCB202611C5F764F7B246243F42ECB92DA5226B4AA00C518CE","2021-01-05T01:22:30.0000000Z"
"mbed-dev/targets/TARGET_STM/TARGET_STM32F4/device/stm32f4xx_hal_rcc.h","File","HAL/CubeMX 替代","CubeMX/HAL/CMSIS 生成层","旧 mbed、FastPWM、启动或 IDE 生成层；行为合同吸收后由 CubeMX/HAL 替代。","True","74217","E1103DD0ACD4FC61023163E52A53535028AD5420B6938A9A7BFD6D45C7B3AEF9","2021-01-05T01:22:30.0000000Z"
"mbed-dev/targets/TARGET_STM/TARGET_STM32F4/device/stm32f4xx_hal_rng.c","File","HAL/CubeMX 替代","CubeMX/HAL/CMSIS 生成层","旧 mbed、FastPWM、启动或 IDE 生成层；行为合同吸收后由 CubeMX/HAL 替代。","True","16965","4F132E08BEC2790F066BD1CA949635727D856526DF26FDD2DAD32ECFBA3E2994","2021-01-05T01:22:30.0000000Z"
"mbed-dev/targets/TARGET_STM/TARGET_STM32F4/device/stm32f4xx_hal_rng.h","File","HAL/CubeMX 替代","CubeMX/HAL/CMSIS 生成层","旧 mbed、FastPWM、启动或 IDE 生成层；行为合同吸收后由 CubeMX/HAL 替代。","True","11518","53A6B9E9EAA88349161FBF5473493D73878763638FE6FC887610DC350B4D57C0","2021-01-05T01:22:30.0000000Z"
"mbed-dev/targets/TARGET_STM/TARGET_STM32F4/device/stm32f4xx_hal_rtc_ex.c","File","HAL/CubeMX 替代","CubeMX/HAL/CMSIS 生成层","旧 mbed、FastPWM、启动或 IDE 生成层；行为合同吸收后由 CubeMX/HAL 替代。","True","57530","A9C8BAEB6632F2DA34C2A86500FE4766FF1A54FB991EB44747F9D0215EE15426","2021-01-05T01:22:30.0000000Z"
"mbed-dev/targets/TARGET_STM/TARGET_STM32F4/device/stm32f4xx_hal_rtc_ex.h","File","HAL/CubeMX 替代","CubeMX/HAL/CMSIS 生成层","旧 mbed、FastPWM、启动或 IDE 生成层；行为合同吸收后由 CubeMX/HAL 替代。","True","45407","D2DB41312687A06776E4A04F017A7E8234E25B5A4AE1268C325C5F8731889E9B","2021-01-05T01:22:30.0000000Z"
"mbed-dev/targets/TARGET_STM/TARGET_STM32F4/device/stm32f4xx_hal_rtc.c","File","HAL/CubeMX 替代","CubeMX/HAL/CMSIS 生成层","旧 mbed、FastPWM、启动或 IDE 生成层；行为合同吸收后由 CubeMX/HAL 替代。","True","53575","7145E389ACA2E4805493575B86FBCC6CEBD9844F2CF4A386F3144975250BF060","2021-01-05T01:22:30.0000000Z"
"mbed-dev/targets/TARGET_STM/TARGET_STM32F4/device/stm32f4xx_hal_rtc.h","File","HAL/CubeMX 替代","CubeMX/HAL/CMSIS 生成层","旧 mbed、FastPWM、启动或 IDE 生成层；行为合同吸收后由 CubeMX/HAL 替代。","True","35571","CA3F0727424E5DAAAC7A9387C78A3FD798824CFCB1880E47733730178628A311","2021-01-05T01:22:30.0000000Z"
"mbed-dev/targets/TARGET_STM/TARGET_STM32F4/device/stm32f4xx_hal_sai_ex.c","File","HAL/CubeMX 替代","CubeMX/HAL/CMSIS 生成层","旧 mbed、FastPWM、启动或 IDE 生成层；行为合同吸收后由 CubeMX/HAL 替代。","True","12030","0A1E010E1CC98CB4312B4BBCE4C30C6D1C2C53859D446B97E07680A152C7A244","2021-01-05T01:22:30.0000000Z"
"mbed-dev/targets/TARGET_STM/TARGET_STM32F4/device/stm32f4xx_hal_sai_ex.h","File","HAL/CubeMX 替代","CubeMX/HAL/CMSIS 生成层","旧 mbed、FastPWM、启动或 IDE 生成层；行为合同吸收后由 CubeMX/HAL 替代。","True","5246","1FDBABFF8D48CB252BB9C4C1B73CA370FC450CF17A9130CDEC074F4206192C4A","2021-01-05T01:22:30.0000000Z"
"mbed-dev/targets/TARGET_STM/TARGET_STM32F4/device/stm32f4xx_hal_sai.c","File","HAL/CubeMX 替代","CubeMX/HAL/CMSIS 生成层","旧 mbed、FastPWM、启动或 IDE 生成层；行为合同吸收后由 CubeMX/HAL 替代。","True","69089","695D098D9779241A77CA3A099878A2C743A667B36EB673074C864AB085412209","2021-01-05T01:22:30.0000000Z"
"mbed-dev/targets/TARGET_STM/TARGET_STM32F4/device/stm32f4xx_hal_sai.h","File","HAL/CubeMX 替代","CubeMX/HAL/CMSIS 生成层","旧 mbed、FastPWM、启动或 IDE 生成层；行为合同吸收后由 CubeMX/HAL 替代。","True","36902","14B1AEBE710CD60797DA5F4C3DF2CC5E8844BD689CEC0B348A43F1C7C27B368B","2021-01-05T01:22:30.0000000Z"
"mbed-dev/targets/TARGET_STM/TARGET_STM32F4/device/stm32f4xx_hal_sd.c","File","HAL/CubeMX 替代","CubeMX/HAL/CMSIS 生成层","旧 mbed、FastPWM、启动或 IDE 生成层；行为合同吸收后由 CubeMX/HAL 替代。","True","93976","0F168F24EBD59CA2B2FD5CECEEF50AE3CB9549657D418725E0C3023AB0EE648E","2021-01-05T01:22:30.0000000Z"
"mbed-dev/targets/TARGET_STM/TARGET_STM32F4/device/stm32f4xx_hal_sd.h","File","HAL/CubeMX 替代","CubeMX/HAL/CMSIS 生成层","旧 mbed、FastPWM、启动或 IDE 生成层；行为合同吸收后由 CubeMX/HAL 替代。","True","36337","FC94FBC6C47D4B74D8C5A885E0C030EAD8C6B48572BC3108541B7AB58990495F","2021-01-05T01:22:30.0000000Z"
"mbed-dev/targets/TARGET_STM/TARGET_STM32F4/device/stm32f4xx_hal_sdram.c","File","HAL/CubeMX 替代","CubeMX/HAL/CMSIS 生成层","旧 mbed、FastPWM、启动或 IDE 生成层；行为合同吸收后由 CubeMX/HAL 替代。","True","27299","8DA1E7498A8E38187DEE421DC69C728A702C32C0636660B2B346997AFBFE11BA","2021-01-05T01:22:30.0000000Z"
"mbed-dev/targets/TARGET_STM/TARGET_STM32F4/device/stm32f4xx_hal_sdram.h","File","HAL/CubeMX 替代","CubeMX/HAL/CMSIS 生成层","旧 mbed、FastPWM、启动或 IDE 生成层；行为合同吸收后由 CubeMX/HAL 替代。","True","7775","9B2137CCCC121B78D40623CDDC1E783637F9627D1F3824054D9377A53DFD127E","2021-01-05T01:22:30.0000000Z"
"mbed-dev/targets/TARGET_STM/TARGET_STM32F4/device/stm32f4xx_hal_smartcard.c","File","HAL/CubeMX 替代","CubeMX/HAL/CMSIS 生成层","旧 mbed、FastPWM、启动或 IDE 生成层；行为合同吸收后由 CubeMX/HAL 替代。","True","67788","A53E86897863FF0A932DE6E725B13ECB89FFFA421B041F036D9FF0437129DF24","2021-01-05T01:22:30.0000000Z"
"mbed-dev/targets/TARGET_STM/TARGET_STM32F4/device/stm32f4xx_hal_smartcard.h","File","HAL/CubeMX 替代","CubeMX/HAL/CMSIS 生成层","旧 mbed、FastPWM、启动或 IDE 生成层；行为合同吸收后由 CubeMX/HAL 替代。","True","33740","63E862973E77E6CD5D2A2EF53420F8D912B303772FAA7CBCFDA9567665A57F97","2021-01-05T01:22:30.0000000Z"
"mbed-dev/targets/TARGET_STM/TARGET_STM32F4/device/stm32f4xx_hal_spdifrx.c","File","HAL/CubeMX 替代","CubeMX/HAL/CMSIS 生成层","旧 mbed、FastPWM、启动或 IDE 生成层；行为合同吸收后由 CubeMX/HAL 替代。","True","43390","A8E3338F0A4941BA244A63472B1972E886884BF3C1E5CA176E3E758564492EB3","2021-01-05T01:22:30.0000000Z"
"mbed-dev/targets/TARGET_STM/TARGET_STM32F4/device/stm32f4xx_hal_spdifrx.h","File","HAL/CubeMX 替代","CubeMX/HAL/CMSIS 生成层","旧 mbed、FastPWM、启动或 IDE 生成层；行为合同吸收后由 CubeMX/HAL 替代。","True","24097","5FC8F722DB3D4FB16F6D56C93279E3E404FEE51A2BAE9C7E325C8BE9FD106C4D","2021-01-05T01:22:30.0000000Z"
"mbed-dev/targets/TARGET_STM/TARGET_STM32F4/device/stm32f4xx_hal_spi.c","File","HAL/CubeMX 替代","CubeMX/HAL/CMSIS 生成层","旧 mbed、FastPWM、启动或 IDE 生成层；行为合同吸收后由 CubeMX/HAL 替代。","True","101826","543AE32AE177C223205CD03183D9179C84004B8CFF141418495FA972FB5A3D89","2021-01-05T01:22:30.0000000Z"
"mbed-dev/targets/TARGET_STM/TARGET_STM32F4/device/stm32f4xx_hal_spi.h","File","HAL/CubeMX 替代","CubeMX/HAL/CMSIS 生成层","旧 mbed、FastPWM、启动或 IDE 生成层；行为合同吸收后由 CubeMX/HAL 替代。","True","23461","CF74B3E03B66458BE2945AA8D09963F9E5FF8161CA4A53AB0DC9E04A14721772","2021-01-05T01:22:30.0000000Z"
"mbed-dev/targets/TARGET_STM/TARGET_STM32F4/device/stm32f4xx_hal_sram.c","File","HAL/CubeMX 替代","CubeMX/HAL/CMSIS 生成层","旧 mbed、FastPWM、启动或 IDE 生成层；行为合同吸收后由 CubeMX/HAL 替代。","True","23279","5DA227C46978217747974AFF915E77E2BE967C1204F942E1D560EA15D6AF4F46","2021-01-05T01:22:30.0000000Z"
"mbed-dev/targets/TARGET_STM/TARGET_STM32F4/device/stm32f4xx_hal_sram.h","File","HAL/CubeMX 替代","CubeMX/HAL/CMSIS 生成层","旧 mbed、FastPWM、启动或 IDE 生成层；行为合同吸收后由 CubeMX/HAL 替代。","True","8745","0D0472146AD4ADA406497AEA59147ACF3711659818829A6A1FCD59A26A16B23F","2021-01-05T01:22:30.0000000Z"
"mbed-dev/targets/TARGET_STM/TARGET_STM32F4/device/stm32f4xx_hal_tim_ex.c","File","HAL/CubeMX 替代","CubeMX/HAL/CMSIS 生成层","旧 mbed、FastPWM、启动或 IDE 生成层；行为合同吸收后由 CubeMX/HAL 替代。","True","67499","D41253CCAA67790ED876BA6C35D47840CE60F7688039D84704586340A0E7E5A0","2021-01-05T01:22:30.0000000Z"
"mbed-dev/targets/TARGET_STM/TARGET_STM32F4/device/stm32f4xx_hal_tim_ex.h","File","HAL/CubeMX 替代","CubeMX/HAL/CMSIS 生成层","旧 mbed、FastPWM、启动或 IDE 生成层；行为合同吸收后由 CubeMX/HAL 替代。","True","16506","4004B764A6DB0B29F21C7CB60A89DF682594F4F4C346C3C220A9F1F378894EDA","2021-01-05T01:22:30.0000000Z"
"mbed-dev/targets/TARGET_STM/TARGET_STM32F4/device/stm32f4xx_hal_tim.c","File","HAL/CubeMX 替代","CubeMX/HAL/CMSIS 生成层","旧 mbed、FastPWM、启动或 IDE 生成层；行为合同吸收后由 CubeMX/HAL 替代。","True","174686","6CC31EECF57C6A28FA78B4096ECED93CD5C462109DA1E1E1EDEBF62537F9A0D5","2021-01-05T01:22:30.0000000Z"
"mbed-dev/targets/TARGET_STM/TARGET_STM32F4/device/stm32f4xx_hal_tim.h","File","HAL/CubeMX 替代","CubeMX/HAL/CMSIS 生成层","旧 mbed、FastPWM、启动或 IDE 生成层；行为合同吸收后由 CubeMX/HAL 替代。","True","81836","E394C3FB0D1B1F89346D36F529B94766BAC59F8B65F164322AABEB249D8ED044","2021-01-05T01:22:30.0000000Z"
"mbed-dev/targets/TARGET_STM/TARGET_STM32F4/device/stm32f4xx_hal_uart.c","File","HAL/CubeMX 替代","CubeMX/HAL/CMSIS 生成层","旧 mbed、FastPWM、启动或 IDE 生成层；行为合同吸收后由 CubeMX/HAL 替代。","True","85604","D9E45E8E1788D4EAF6C7FA830788EE98371CA8FE89F975D938CBFC220082A4E3","2021-01-05T01:22:30.0000000Z"
"mbed-dev/targets/TARGET_STM/TARGET_STM32F4/device/stm32f4xx_hal_uart.h","File","HAL/CubeMX 替代","CubeMX/HAL/CMSIS 生成层","旧 mbed、FastPWM、启动或 IDE 生成层；行为合同吸收后由 CubeMX/HAL 替代。","True","38782","05B860334131A1022DED9EF230DAA452FF7A39B7181E1840DF4642C34A33D6E8","2021-01-05T01:22:30.0000000Z"
"mbed-dev/targets/TARGET_STM/TARGET_STM32F4/device/stm32f4xx_hal_usart.c","File","HAL/CubeMX 替代","CubeMX/HAL/CMSIS 生成层","旧 mbed、FastPWM、启动或 IDE 生成层；行为合同吸收后由 CubeMX/HAL 替代。","True","78051","C52E9501B01861682CA68811A770FD5070970DFE96BC5BEA2BC184F763B1BD33","2021-01-05T01:22:30.0000000Z"
"mbed-dev/targets/TARGET_STM/TARGET_STM32F4/device/stm32f4xx_hal_usart.h","File","HAL/CubeMX 替代","CubeMX/HAL/CMSIS 生成层","旧 mbed、FastPWM、启动或 IDE 生成层；行为合同吸收后由 CubeMX/HAL 替代。","True","26488","5A5D41B541F9750A64D64523BE458C020CD7C5D329579ADA742AE359C53CAA81","2021-01-05T01:22:30.0000000Z"
"mbed-dev/targets/TARGET_STM/TARGET_STM32F4/device/stm32f4xx_hal_wwdg.c","File","HAL/CubeMX 替代","CubeMX/HAL/CMSIS 生成层","旧 mbed、FastPWM、启动或 IDE 生成层；行为合同吸收后由 CubeMX/HAL 替代。","True","12832","FA7AFE0FF8999A8DA53E06FAEE9C6CB7EB7B1B44B66AE1977CD56F005740E6D5","2021-01-05T01:22:30.0000000Z"
"mbed-dev/targets/TARGET_STM/TARGET_STM32F4/device/stm32f4xx_hal_wwdg.h","File","HAL/CubeMX 替代","CubeMX/HAL/CMSIS 生成层","旧 mbed、FastPWM、启动或 IDE 生成层；行为合同吸收后由 CubeMX/HAL 替代。","True","9990","1A37C3DBF0F117A5AF9C919937A0C1B9E3AD4D307B2E32E56C8C3C87D76EDCA4","2021-01-05T01:22:30.0000000Z"
"mbed-dev/targets/TARGET_STM/TARGET_STM32F4/device/stm32f4xx_hal.c","File","HAL/CubeMX 替代","CubeMX/HAL/CMSIS 生成层","旧 mbed、FastPWM、启动或 IDE 生成层；行为合同吸收后由 CubeMX/HAL 替代。","True","18942","082261736D3DC889609DC5A85DBA9767FE90606F73DEB1ADFE3EA6716EEC040D","2021-01-05T01:22:30.0000000Z"
"mbed-dev/targets/TARGET_STM/TARGET_STM32F4/device/stm32f4xx_hal.h","File","HAL/CubeMX 替代","CubeMX/HAL/CMSIS 生成层","旧 mbed、FastPWM、启动或 IDE 生成层；行为合同吸收后由 CubeMX/HAL 替代。","True","13128","61FDD62E1BCC76BB1A325481C0CF1715E03E4C79197D89796D3D686219D62005","2021-01-05T01:22:30.0000000Z"
"mbed-dev/targets/TARGET_STM/TARGET_STM32F4/device/stm32f4xx_ll_adc.c","File","HAL/CubeMX 替代","CubeMX/HAL/CMSIS 生成层","旧 mbed、FastPWM、启动或 IDE 生成层；行为合同吸收后由 CubeMX/HAL 替代。","True","43972","21FCD9C0229C41028229672BEF66E4F239411AB2BC4210CB10EC7EA5EA744DA2","2021-01-05T01:22:30.0000000Z"
"mbed-dev/targets/TARGET_STM/TARGET_STM32F4/device/stm32f4xx_ll_adc.h","File","HAL/CubeMX 替代","CubeMX/HAL/CMSIS 生成层","旧 mbed、FastPWM、启动或 IDE 生成层；行为合同吸收后由 CubeMX/HAL 替代。","True","278789","94580BF8DD9BDB83309DFCA46713A300955ADBD1CC0BEA026E15DD102D1CF4FC","2021-01-05T01:22:30.0000000Z"
"mbed-dev/targets/TARGET_STM/TARGET_STM32F4/device/stm32f4xx_ll_bus.h","File","HAL/CubeMX 替代","CubeMX/HAL/CMSIS 生成层","旧 mbed、FastPWM、启动或 IDE 生成层；行为合同吸收后由 CubeMX/HAL 替代。","True","101274","B935277AEA36F461E1436F67093474115253C2CBF39E47F1F64FDBE757EA05E7","2021-01-05T01:22:30.0000000Z"
"mbed-dev/targets/TARGET_STM/TARGET_STM32F4/device/stm32f4xx_ll_cortex.h","File","HAL/CubeMX 替代","CubeMX/HAL/CMSIS 生成层","旧 mbed、FastPWM、启动或 IDE 生成层；行为合同吸收后由 CubeMX/HAL 替代。","True","25647","CAE58D53BBCC87A09BB0509B7E3F51DAFECC79596CEA85FCBD2DEF8E41A37719","2021-01-05T01:22:30.0000000Z"
"mbed-dev/targets/TARGET_STM/TARGET_STM32F4/device/stm32f4xx_ll_crc.c","File","HAL/CubeMX 替代","CubeMX/HAL/CMSIS 生成层","旧 mbed、FastPWM、启动或 IDE 生成层；行为合同吸收后由 CubeMX/HAL 替代。","True","3906","6DC38B773DBD7DC65A6469BF264A22E0DB1EEF777C188C37CD5429B972B3DC5F","2021-01-05T01:22:30.0000000Z"
"mbed-dev/targets/TARGET_STM/TARGET_STM32F4/device/stm32f4xx_ll_crc.h","File","HAL/CubeMX 替代","CubeMX/HAL/CMSIS 生成层","旧 mbed、FastPWM、启动或 IDE 生成层；行为合同吸收后由 CubeMX/HAL 替代。","True","6501","09B98043B3E688D3D004A3B8CE68A2D958BEEF05B4181C462D5BD7B8C48FD012","2021-01-05T01:22:30.0000000Z"
"mbed-dev/targets/TARGET_STM/TARGET_STM32F4/device/stm32f4xx_ll_dac.c","File","HAL/CubeMX 替代","CubeMX/HAL/CMSIS 生成层","旧 mbed、FastPWM、启动或 IDE 生成层；行为合同吸收后由 CubeMX/HAL 替代。","True","11943","030936EBCA97417D9AA6639D77CC132E51275DA36C47B52841D239674DDC9A3A","2021-01-05T01:22:30.0000000Z"
"mbed-dev/targets/TARGET_STM/TARGET_STM32F4/device/stm32f4xx_ll_dac.h","File","HAL/CubeMX 替代","CubeMX/HAL/CMSIS 生成层","旧 mbed、FastPWM、启动或 IDE 生成层；行为合同吸收后由 CubeMX/HAL 替代。","True","68040","BC0CD95B1587AD7F88CF185FBB877394FA3FC3C188B68A644CE3A960E812FFE3","2021-01-05T01:22:30.0000000Z"
"mbed-dev/targets/TARGET_STM/TARGET_STM32F4/device/stm32f4xx_ll_dma.c","File","HAL/CubeMX 替代","CubeMX/HAL/CMSIS 生成层","旧 mbed、FastPWM、启动或 IDE 生成层；行为合同吸收后由 CubeMX/HAL 替代。","True","19429","CB8D5BFB9E33BD97AE084B53E2F697F8A444CDF99350D4CD8D0DC9090028D3CB","2021-01-05T01:22:30.0000000Z"
"mbed-dev/targets/TARGET_STM/TARGET_STM32F4/device/stm32f4xx_ll_dma.h","File","HAL/CubeMX 替代","CubeMX/HAL/CMSIS 生成层","旧 mbed、FastPWM、启动或 IDE 生成层；行为合同吸收后由 CubeMX/HAL 替代。","True","106938","BDE9D72C67BF04249159944409E374B783215A57DD63058D6E5163DFE6C396F1","2021-01-05T01:22:30.0000000Z"
"mbed-dev/targets/TARGET_STM/TARGET_STM32F4/device/stm32f4xx_ll_dma2d.c","File","HAL/CubeMX 替代","CubeMX/HAL/CMSIS 生成层","旧 mbed、FastPWM、启动或 IDE 生成层；行为合同吸收后由 CubeMX/HAL 替代。","True","24384","F6AB0ED9CDF49570CE3A5D1F55BDA490374A6E8B184E1CE047888516662168B1","2021-01-05T01:22:30.0000000Z"
"mbed-dev/targets/TARGET_STM/TARGET_STM32F4/device/stm32f4xx_ll_dma2d.h","File","HAL/CubeMX 替代","CubeMX/HAL/CMSIS 生成层","旧 mbed、FastPWM、启动或 IDE 生成层；行为合同吸收后由 CubeMX/HAL 替代。","True","74737","4732EC151879F8F9BA95101AA7F8CE7458BE52125C4FC30ECF0433EDA389FA6B","2021-01-05T01:22:30.0000000Z"
"mbed-dev/targets/TARGET_STM/TARGET_STM32F4/device/stm32f4xx_ll_exti.c","File","HAL/CubeMX 替代","CubeMX/HAL/CMSIS 生成层","旧 mbed、FastPWM、启动或 IDE 生成层；行为合同吸收后由 CubeMX/HAL 替代。","True","8551","17835087BCF66084B0C47A8EAB82FE97C4BB8F3316C73700FCFF290F089C6E54","2021-01-05T01:22:30.0000000Z"
"mbed-dev/targets/TARGET_STM/TARGET_STM32F4/device/stm32f4xx_ll_exti.h","File","HAL/CubeMX 替代","CubeMX/HAL/CMSIS 生成层","旧 mbed、FastPWM、启动或 IDE 生成层；行为合同吸收后由 CubeMX/HAL 替代。","True","35525","9A7BD106BC17AF1637765F0BECC1B24B5433639991FC450624CEFC749F8A667C","2021-01-05T01:22:30.0000000Z"
"mbed-dev/targets/TARGET_STM/TARGET_STM32F4/device/stm32f4xx_ll_fmc.c","File","HAL/CubeMX 替代","CubeMX/HAL/CMSIS 生成层","旧 mbed、FastPWM、启动或 IDE 生成层；行为合同吸收后由 CubeMX/HAL 替代。","True","60627","7E177E2A3C057BC01D472920556BA1C97198FA8F020611DD904D834BE29D61C5","2021-01-05T01:22:30.0000000Z"
"mbed-dev/targets/TARGET_STM/TARGET_STM32F4/device/stm32f4xx_ll_fmc.h","File","HAL/CubeMX 替代","CubeMX/HAL/CMSIS 生成层","旧 mbed、FastPWM、启动或 IDE 生成层；行为合同吸收后由 CubeMX/HAL 替代。","True","61712","849932EDEE9CCCC2A569E7840D809438312D6B13C0F725AF4BA16B5B8FB80630","2021-01-05T01:22:30.0000000Z"
"mbed-dev/targets/TARGET_STM/TARGET_STM32F4/device/stm32f4xx_ll_fsmc.c","File","HAL/CubeMX 替代","CubeMX/HAL/CMSIS 生成层","旧 mbed、FastPWM、启动或 IDE 生成层；行为合同吸收后由 CubeMX/HAL 替代。","True","38018","346993251490ED888FB864103E10E919F63621201DD8878B4F457BD90D764BCE","2021-01-05T01:22:30.0000000Z"
"mbed-dev/targets/TARGET_STM/TARGET_STM32F4/device/stm32f4xx_ll_fsmc.h","File","HAL/CubeMX 替代","CubeMX/HAL/CMSIS 生成层","旧 mbed、FastPWM、启动或 IDE 生成层；行为合同吸收后由 CubeMX/HAL 替代。","True","47008","424BE72D54E78550479C5FA11B9490E26A40A10152781BEDE572DD5D29A0A06E","2021-01-05T01:22:30.0000000Z"
"mbed-dev/targets/TARGET_STM/TARGET_STM32F4/device/stm32f4xx_ll_gpio.c","File","HAL/CubeMX 替代","CubeMX/HAL/CMSIS 生成层","旧 mbed、FastPWM、启动或 IDE 生成层；行为合同吸收后由 CubeMX/HAL 替代。","True","12121","87F6EB2165269567F997A0BF5378C235BAAAB28384E974C3AD71DF2B6F733360","2021-01-05T01:22:30.0000000Z"
"mbed-dev/targets/TARGET_STM/TARGET_STM32F4/device/stm32f4xx_ll_gpio.h","File","HAL/CubeMX 替代","CubeMX/HAL/CMSIS 生成层","旧 mbed、FastPWM、启动或 IDE 生成层；行为合同吸收后由 CubeMX/HAL 替代。","True","38858","CBB7C9BDA2FED3C3FDA41ABCA246C886A062D1CA3292D338EC29B2CED5A11B7E","2021-01-05T01:22:30.0000000Z"
"mbed-dev/targets/TARGET_STM/TARGET_STM32F4/device/stm32f4xx_ll_i2c.c","File","HAL/CubeMX 替代","CubeMX/HAL/CMSIS 生成层","旧 mbed、FastPWM、启动或 IDE 生成层；行为合同吸收后由 CubeMX/HAL 替代。","True","9934","F8A121E88F48F33A8014FD29978BEF364A0CC8A5D18F441AC3FEF372736AD3BD","2021-01-05T01:22:30.0000000Z"
"mbed-dev/targets/TARGET_STM/TARGET_STM32F4/device/stm32f4xx_ll_i2c.h","File","HAL/CubeMX 替代","CubeMX/HAL/CMSIS 生成层","旧 mbed、FastPWM、启动或 IDE 生成层；行为合同吸收后由 CubeMX/HAL 替代。","True","69058","AFAF5D7E8C3166BAA125176347444D8AB4F9C62A95B7451C0564B07514D1831A","2021-01-05T01:22:30.0000000Z"
"mbed-dev/targets/TARGET_STM/TARGET_STM32F4/device/stm32f4xx_ll_iwdg.h","File","HAL/CubeMX 替代","CubeMX/HAL/CMSIS 生成层","旧 mbed、FastPWM、启动或 IDE 生成层；行为合同吸收后由 CubeMX/HAL 替代。","True","10534","1254966A5A7711F90C5948ADCEEECA659C1C207907336C7C85F5746818BD47D6","2021-01-05T01:22:30.0000000Z"
"mbed-dev/targets/TARGET_STM/TARGET_STM32F4/device/stm32f4xx_ll_lptim.c","File","HAL/CubeMX 替代","CubeMX/HAL/CMSIS 生成层","旧 mbed、FastPWM、启动或 IDE 生成层；行为合同吸收后由 CubeMX/HAL 替代。","True","7736","C013112D32B0E7A3C7A53FCED2D2BA16BABE50FB3A09F150F1D4E41B1BAD3D33","2021-01-05T01:22:30.0000000Z"
"mbed-dev/targets/TARGET_STM/TARGET_STM32F4/device/stm32f4xx_ll_lptim.h","File","HAL/CubeMX 替代","CubeMX/HAL/CMSIS 生成层","旧 mbed、FastPWM、启动或 IDE 生成层；行为合同吸收后由 CubeMX/HAL 替代。","True","51617","4A21A070EE205C3F9382B6B13E04A555C576F4235D7D36CDC17DB08702CF2D9C","2021-01-05T01:22:30.0000000Z"
"mbed-dev/targets/TARGET_STM/TARGET_STM32F4/device/stm32f4xx_ll_pwr.c","File","HAL/CubeMX 替代","CubeMX/HAL/CMSIS 生成层","旧 mbed、FastPWM、启动或 IDE 生成层；行为合同吸收后由 CubeMX/HAL 替代。","True","3566","DE94171BA20B0DA1B2C92978526BB14BD4F57A428157E3DE12080EFAD3B82343","2021-01-05T01:22:30.0000000Z"
"mbed-dev/targets/TARGET_STM/TARGET_STM32F4/device/stm32f4xx_ll_pwr.h","File","HAL/CubeMX 替代","CubeMX/HAL/CMSIS 生成层","旧 mbed、FastPWM、启动或 IDE 生成层；行为合同吸收后由 CubeMX/HAL 替代。","True","33010","77EC2B3020767A379E8870F3854DE00851B6229F0F5BB8AE51AF056E6FCADD2B","2021-01-05T01:22:30.0000000Z"
"mbed-dev/targets/TARGET_STM/TARGET_STM32F4/device/stm32f4xx_ll_rcc.c","File","HAL/CubeMX 替代","CubeMX/HAL/CMSIS 生成层","旧 mbed、FastPWM、启动或 IDE 生成层；行为合同吸收后由 CubeMX/HAL 替代。","True","51450","4F550DF6949B5054A32F8D31EFB520D9797D98101F9454C552DFB2A596CA688C","2021-01-05T01:22:30.0000000Z"
"mbed-dev/targets/TARGET_STM/TARGET_STM32F4/device/stm32f4xx_ll_rcc.h","File","HAL/CubeMX 替代","CubeMX/HAL/CMSIS 生成层","旧 mbed、FastPWM、启动或 IDE 生成层；行为合同吸收后由 CubeMX/HAL 替代。","True","342183","B49567014F2E957D8B782996BC42BD2DFC2DE2243F9051FCC32BBFB680A38B62","2021-01-05T01:22:30.0000000Z"
"mbed-dev/targets/TARGET_STM/TARGET_STM32F4/device/stm32f4xx_ll_rng.c","File","HAL/CubeMX 替代","CubeMX/HAL/CMSIS 生成层","旧 mbed、FastPWM、启动或 IDE 生成层；行为合同吸收后由 CubeMX/HAL 替代。","True","4021","540C6A1B744D8F5E685517CC4A1C981AA6C090F2FD298E5296C5436FF61AE168","2021-01-05T01:22:30.0000000Z"
"mbed-dev/targets/TARGET_STM/TARGET_STM32F4/device/stm32f4xx_ll_rng.h","File","HAL/CubeMX 替代","CubeMX/HAL/CMSIS 生成层","旧 mbed、FastPWM、启动或 IDE 生成层；行为合同吸收后由 CubeMX/HAL 替代。","True","10022","0156B2CB1D798E10458D4019089CC28EE581EFE6784DEBE49F65E1ADD8973C5B","2021-01-05T01:22:30.0000000Z"
"mbed-dev/targets/TARGET_STM/TARGET_STM32F4/device/stm32f4xx_ll_rtc.c","File","HAL/CubeMX 替代","CubeMX/HAL/CMSIS 生成层","旧 mbed、FastPWM、启动或 IDE 生成层；行为合同吸收后由 CubeMX/HAL 替代。","True","32697","B326E25CF68B1EB993F2F626B50C2086FA91B8C628E82E86D8E587F9E3CCFA80","2021-01-05T01:22:30.0000000Z"
"mbed-dev/targets/TARGET_STM/TARGET_STM32F4/device/stm32f4xx_ll_rtc.h","File","HAL/CubeMX 替代","CubeMX/HAL/CMSIS 生成层","旧 mbed、FastPWM、启动或 IDE 生成层；行为合同吸收后由 CubeMX/HAL 替代。","True","146252","368327AEDD41152A36D664CDDE2E58B122FEC04EBEC8D9D0246C3B8E8A267263","2021-01-05T01:22:30.0000000Z"
"mbed-dev/targets/TARGET_STM/TARGET_STM32F4/device/stm32f4xx_ll_sdmmc.c","File","HAL/CubeMX 替代","CubeMX/HAL/CMSIS 生成层","旧 mbed、FastPWM、启动或 IDE 生成层；行为合同吸收后由 CubeMX/HAL 替代。","True","49971","DC6BA328B9055166CEE6900039BD96B9E36164288EB4FF6B478CC8CEE7FFCC91","2021-01-05T01:22:30.0000000Z"
"mbed-dev/targets/TARGET_STM/TARGET_STM32F4/device/stm32f4xx_ll_sdmmc.h","File","HAL/CubeMX 替代","CubeMX/HAL/CMSIS 生成层","旧 mbed、FastPWM、启动或 IDE 生成层；行为合同吸收后由 CubeMX/HAL 替代。","True","60556","13B2E9F8F85DB44BBF9C5818F93CBFD767B0CCEAD4599E4A5029F7AC2CFA6028","2021-01-05T01:22:30.0000000Z"
"mbed-dev/targets/TARGET_STM/TARGET_STM32F4/device/stm32f4xx_ll_spi.c","File","HAL/CubeMX 替代","CubeMX/HAL/CMSIS 生成层","旧 mbed、FastPWM、启动或 IDE 生成层；行为合同吸收后由 CubeMX/HAL 替代。","True","24733","98FC176AB43C1B0983F98550369B7137B826EB0D370E2E6BFE2AC3FF67C8EF9F","2021-01-05T01:22:30.0000000Z"
"mbed-dev/targets/TARGET_STM/TARGET_STM32F4/device/stm32f4xx_ll_spi.h","File","HAL/CubeMX 替代","CubeMX/HAL/CMSIS 生成层","旧 mbed、FastPWM、启动或 IDE 生成层；行为合同吸收后由 CubeMX/HAL 替代。","True","66719","A0BD26D151CFD8B6B55AF9EE7EE61B6BF484F5E8231BD71B971AB5E09B52B0FE","2021-01-05T01:22:30.0000000Z"
"mbed-dev/targets/TARGET_STM/TARGET_STM32F4/device/stm32f4xx_ll_system.h","File","HAL/CubeMX 替代","CubeMX/HAL/CMSIS 生成层","旧 mbed、FastPWM、启动或 IDE 生成层；行为合同吸收后由 CubeMX/HAL 替代。","True","71930","C3B5DFF6F356C215E9D508B7398AE564441F4148AFCC06603F83B8663D590D75","2021-01-05T01:22:30.0000000Z"
"mbed-dev/targets/TARGET_STM/TARGET_STM32F4/device/stm32f4xx_ll_tim.c","File","HAL/CubeMX 替代","CubeMX/HAL/CMSIS 生成层","旧 mbed、FastPWM、启动或 IDE 生成层；行为合同吸收后由 CubeMX/HAL 替代。","True","46041","43689084E74F0A80302BA1B21C014FB1E8DAD95394B3B6E404661B86BE866B02","2021-01-05T01:22:30.0000000Z"
"mbed-dev/targets/TARGET_STM/TARGET_STM32F4/device/stm32f4xx_ll_tim.h","File","HAL/CubeMX 替代","CubeMX/HAL/CMSIS 生成层","旧 mbed、FastPWM、启动或 IDE 生成层；行为合同吸收后由 CubeMX/HAL 替代。","True","169583","1E34585B660600B83F58D3CF00EA43CE308BFD0195BE35DA59F8865D1CFD9CC1","2021-01-05T01:22:30.0000000Z"
"mbed-dev/targets/TARGET_STM/TARGET_STM32F4/device/stm32f4xx_ll_usart.c","File","HAL/CubeMX 替代","CubeMX/HAL/CMSIS 生成层","旧 mbed、FastPWM、启动或 IDE 生成层；行为合同吸收后由 CubeMX/HAL 替代。","True","19719","9EFDD48C5F2A83CB145EE7B22574A8A53B426DB3C845510D7DC49D493E562462","2021-01-05T01:22:30.0000000Z"
"mbed-dev/targets/TARGET_STM/TARGET_STM32F4/device/stm32f4xx_ll_usart.h","File","HAL/CubeMX 替代","CubeMX/HAL/CMSIS 生成层","旧 mbed、FastPWM、启动或 IDE 生成层；行为合同吸收后由 CubeMX/HAL 替代。","True","98686","BD5FB73305608CF1AE9B56AE1C7EA3CE0FA4AD9454392E70D9BFBC6765214BBB","2021-01-05T01:22:30.0000000Z"
"mbed-dev/targets/TARGET_STM/TARGET_STM32F4/device/stm32f4xx_ll_usb.c","File","HAL/CubeMX 替代","CubeMX/HAL/CMSIS 生成层","旧 mbed、FastPWM、启动或 IDE 生成层；行为合同吸收后由 CubeMX/HAL 替代。","True","53470","62C92839553B395AC47546BE24AE18879E15F6B004DB2E29B27C52DDDF7AF356","2021-01-05T01:22:30.0000000Z"
"mbed-dev/targets/TARGET_STM/TARGET_STM32F4/device/stm32f4xx_ll_usb.h","File","HAL/CubeMX 替代","CubeMX/HAL/CMSIS 生成层","旧 mbed、FastPWM、启动或 IDE 生成层；行为合同吸收后由 CubeMX/HAL 替代。","True","20086","A26DFCB64C13CFF7E597C3EA07487395AA871ED0411A5BDCB1716F29BF14EA6E","2021-01-05T01:22:30.0000000Z"
"mbed-dev/targets/TARGET_STM/TARGET_STM32F4/device/stm32f4xx_ll_utils.c","File","HAL/CubeMX 替代","CubeMX/HAL/CMSIS 生成层","旧 mbed、FastPWM、启动或 IDE 生成层；行为合同吸收后由 CubeMX/HAL 替代。","True","32743","FF75809882AD0CBFED17E52277FED398CC449A953013C15AD972B4BF65564448","2021-01-05T01:22:30.0000000Z"
"mbed-dev/targets/TARGET_STM/TARGET_STM32F4/device/stm32f4xx_ll_utils.h","File","HAL/CubeMX 替代","CubeMX/HAL/CMSIS 生成层","旧 mbed、FastPWM、启动或 IDE 生成层；行为合同吸收后由 CubeMX/HAL 替代。","True","12035","058128E63C8B34330E4CF04BD3D57B0133596F6B45DAE1C8B3DB919AFE0FC130","2021-01-05T01:22:30.0000000Z"
"mbed-dev/targets/TARGET_STM/TARGET_STM32F4/device/stm32f4xx_ll_wwdg.h","File","HAL/CubeMX 替代","CubeMX/HAL/CMSIS 生成层","旧 mbed、FastPWM、启动或 IDE 生成层；行为合同吸收后由 CubeMX/HAL 替代。","True","11585","E0DD8057AC1436BB9782E7CF99EF326E8890E6F6DE8516925D3868AF11B45896","2021-01-05T01:22:30.0000000Z"
"mbed-dev/targets/TARGET_STM/TARGET_STM32F4/device/system_stm32f4xx.c","File","HAL/CubeMX 替代","CubeMX/HAL/CMSIS 生成层","旧 mbed、FastPWM、启动或 IDE 生成层；行为合同吸收后由 CubeMX/HAL 替代。","True","27533","B4B6BF652857867A09555596483FF9DE8FAD3A00223164FE3486C4DE01808F11","2021-01-05T01:22:30.0000000Z"
"mbed-dev/targets/TARGET_STM/TARGET_STM32F4/flash_api.c","File","HAL/CubeMX 替代","CubeMX/HAL/CMSIS 生成层","旧 mbed、FastPWM、启动或 IDE 生成层；行为合同吸收后由 CubeMX/HAL 替代。","True","6973","7FB84795DC3EB720F52FB85DA71485DD7021CAA48B1E45090C74FC70321D4F3B","2021-01-05T01:22:30.0000000Z"
"mbed-dev/targets/TARGET_STM/TARGET_STM32F4/gpio_irq_device.c","File","HAL/CubeMX 替代","CubeMX/HAL/CMSIS 生成层","旧 mbed、FastPWM、启动或 IDE 生成层；行为合同吸收后由 CubeMX/HAL 替代。","True","3110","DD749595955DAD55AF76247DEB2E5265DBD0B88E1773BDB1A9659C8ED6EAEE34","2021-01-05T01:22:30.0000000Z"
"mbed-dev/targets/TARGET_STM/TARGET_STM32F4/gpio_irq_device.h","File","HAL/CubeMX 替代","CubeMX/HAL/CMSIS 生成层","旧 mbed、FastPWM、启动或 IDE 生成层；行为合同吸收后由 CubeMX/HAL 替代。","True","3516","7CD581994E963122A38C4CEC944E3611B40074DA2802D55FDA7288B8908F9B5F","2021-01-05T01:22:30.0000000Z"
"mbed-dev/targets/TARGET_STM/TARGET_STM32F4/i2c_device.h","File","HAL/CubeMX 替代","CubeMX/HAL/CMSIS 生成层","旧 mbed、FastPWM、启动或 IDE 生成层；行为合同吸收后由 CubeMX/HAL 替代。","True","2042","1F8D4DC2BAA25AD5B39A4B8B4C0554BC3B0A0D5557D9D8D2BDC2F4E78E1E413F","2021-01-05T01:22:30.0000000Z"
"mbed-dev/targets/TARGET_STM/TARGET_STM32F4/pin_device.h","File","HAL/CubeMX 替代","CubeMX/HAL/CMSIS 生成层","旧 mbed、FastPWM、启动或 IDE 生成层；行为合同吸收后由 CubeMX/HAL 替代。","True","6967","B45E37C34D620F7CE71512D43E3B4A54696589F9E3CB1ADE9629760210EDBE23","2021-01-05T01:22:30.0000000Z"
"mbed-dev/targets/TARGET_STM/TARGET_STM32F4/pwmout_device.c","File","HAL/CubeMX 替代","CubeMX/HAL/CMSIS 生成层","旧 mbed、FastPWM、启动或 IDE 生成层；行为合同吸收后由 CubeMX/HAL 替代。","True","2687","2E71BBEE3B06D12C77A6ACEF15E0C6ED94774C890B0437E04552A7AEFFC2F71E","2021-01-05T01:22:30.0000000Z"
"mbed-dev/targets/TARGET_STM/TARGET_STM32F4/pwmout_device.h","File","HAL/CubeMX 替代","CubeMX/HAL/CMSIS 生成层","旧 mbed、FastPWM、启动或 IDE 生成层；行为合同吸收后由 CubeMX/HAL 替代。","True","2263","7DC1F1017AB5987390404945AB79BC86AE170427A0BB5BFC4764C76706507CB5","2021-01-05T01:22:30.0000000Z"
"mbed-dev/targets/TARGET_STM/TARGET_STM32F4/serial_device.c","File","HAL/CubeMX 替代","CubeMX/HAL/CMSIS 生成层","旧 mbed、FastPWM、启动或 IDE 生成层；行为合同吸收后由 CubeMX/HAL 替代。","True","28517","5B84FDF0875849B34190BEDF060C0E9662533E08A66F761434906657FC916148","2021-01-05T01:22:30.0000000Z"
"mbed-dev/targets/TARGET_STM/TARGET_STM32F4/spi_api.c","File","HAL/CubeMX 替代","CubeMX/HAL/CMSIS 生成层","旧 mbed、FastPWM、启动或 IDE 生成层；行为合同吸收后由 CubeMX/HAL 替代。","True","3042","7D29F36F70EFD2F7E561BF8DC6BAFE4D13900280FDF4B949E74E497058E88712","2021-01-05T01:22:30.0000000Z"
"mbed-dev/targets/TARGET_STM/TARGET_STM32F4/spi_device.h","File","HAL/CubeMX 替代","CubeMX/HAL/CMSIS 生成层","旧 mbed、FastPWM、启动或 IDE 生成层；行为合同吸收后由 CubeMX/HAL 替代。","True","1861","241BEFD6D678F417B433FD34CF91A92168A77912B21E80DC8FBA5247BD84C80C","2021-01-05T01:22:30.0000000Z"
"mbed-dev/targets/TARGET_STM/TARGET_STM32F4/TARGET_STM32F446xE","Directory","HAL/CubeMX 替代","CubeMX/HAL/CMSIS 生成层","旧 mbed、FastPWM、启动或 IDE 生成层；行为合同吸收后由 CubeMX/HAL 替代。",,,,"2026-08-27T16:39:40.4176123Z"
"mbed-dev/targets/TARGET_STM/TARGET_STM32F4/TARGET_STM32F446xE/device","Directory","HAL/CubeMX 替代","CubeMX/HAL/CMSIS 生成层","旧 mbed、FastPWM、启动或 IDE 生成层；行为合同吸收后由 CubeMX/HAL 替代。",,,,"2026-08-27T16:39:40.4043528Z"
"mbed-dev/targets/TARGET_STM/TARGET_STM32F4/TARGET_STM32F446xE/device/cmsis_nvic.h","File","HAL/CubeMX 替代","CubeMX/HAL/CMSIS 生成层","旧 mbed、FastPWM、启动或 IDE 生成层；行为合同吸收后由 CubeMX/HAL 替代。","True","2127","070A1C20BB9E175B98BF99CFE80CF07261AAA0032D97A4C5273FDA222CA319C9","2021-01-05T01:22:30.0000000Z"
"mbed-dev/targets/TARGET_STM/TARGET_STM32F4/TARGET_STM32F446xE/device/cmsis.h","File","HAL/CubeMX 替代","CubeMX/HAL/CMSIS 生成层","旧 mbed、FastPWM、启动或 IDE 生成层；行为合同吸收后由 CubeMX/HAL 替代。","True","1903","CC7CFBE5FC3BC17104DA4F048EEABF89EA83E854440D80D3F9EB8BDE3F4A50AB","2021-01-05T01:22:30.0000000Z"
"mbed-dev/targets/TARGET_STM/TARGET_STM32F4/TARGET_STM32F446xE/device/flash_data.h","File","HAL/CubeMX 替代","CubeMX/HAL/CMSIS 生成层","旧 mbed、FastPWM、启动或 IDE 生成层；行为合同吸收后由 CubeMX/HAL 替代。","True","2979","8D3025C873DE53BDF17015B06C23AB1B4B3C592F4C9E0D7F78141368073B720A","2021-01-05T01:22:30.0000000Z"
"mbed-dev/targets/TARGET_STM/TARGET_STM32F4/TARGET_STM32F446xE/device/hal_tick.h","File","HAL/CubeMX 替代","CubeMX/HAL/CMSIS 生成层","旧 mbed、FastPWM、启动或 IDE 生成层；行为合同吸收后由 CubeMX/HAL 替代。","True","2743","D2E58576D4AE7DC5950EDD24ECFE4B73554B7E9027D0437D8AB22C8CB6E78469","2021-01-05T01:22:30.0000000Z"
"mbed-dev/targets/TARGET_STM/TARGET_STM32F4/TARGET_STM32F446xE/device/stm32f446xx.h","File","HAL/CubeMX 替代","CubeMX/HAL/CMSIS 生成层","旧 mbed、FastPWM、启动或 IDE 生成层；行为合同吸收后由 CubeMX/HAL 替代。","True","1363492","FFF9A9451259C97B1355B6F28BEF40FB4FD6782AB2D16ACE2A4D696A02F23FCF","2021-01-05T01:22:30.0000000Z"
"mbed-dev/targets/TARGET_STM/TARGET_STM32F4/TARGET_STM32F446xE/device/stm32f4xx.h","File","HAL/CubeMX 替代","CubeMX/HAL/CMSIS 生成层","旧 mbed、FastPWM、启动或 IDE 生成层；行为合同吸收后由 CubeMX/HAL 替代。","True","10512","DA4A41FD28863ECB7183469CA60DA5B4FB621F5D80C526F45FEE7E760725720E","2021-01-05T01:22:30.0000000Z"
"mbed-dev/targets/TARGET_STM/TARGET_STM32F4/TARGET_STM32F446xE/device/system_stm32f4xx.h","File","HAL/CubeMX 替代","CubeMX/HAL/CMSIS 生成层","旧 mbed、FastPWM、启动或 IDE 生成层；行为合同吸收后由 CubeMX/HAL 替代。","True","3755","6AB350C0D8178F8144747B974633EC0E7B723F05A20700882A370401FB58AAE0","2021-01-05T01:22:30.0000000Z"
"mbed-dev/targets/TARGET_STM/TARGET_STM32F4/TARGET_STM32F446xE/device/TOOLCHAIN_ARM_STD","Directory","HAL/CubeMX 替代","CubeMX/HAL/CMSIS 生成层","旧 mbed、FastPWM、启动或 IDE 生成层；行为合同吸收后由 CubeMX/HAL 替代。",,,,"2026-08-27T16:39:40.4111004Z"
"mbed-dev/targets/TARGET_STM/TARGET_STM32F4/TARGET_STM32F446xE/device/TOOLCHAIN_ARM_STD/startup_stm32f446xx.s","File","HAL/CubeMX 替代","CubeMX/HAL/CMSIS 生成层","旧 mbed、FastPWM、启动或 IDE 生成层；行为合同吸收后由 CubeMX/HAL 替代。","True","29707","510C615A887AD1B6E8070149A771723865008CC0AA478FD264803B02EE6C6757","2021-01-05T01:22:30.0000000Z"
"mbed-dev/targets/TARGET_STM/TARGET_STM32F4/TARGET_STM32F446xE/device/TOOLCHAIN_ARM_STD/stm32f446xx.sct","File","HAL/CubeMX 替代","CubeMX/HAL/CMSIS 生成层","旧 mbed、FastPWM、启动或 IDE 生成层；行为合同吸收后由 CubeMX/HAL 替代。","True","2141","AFA2582A8F4D7277BF9864E2274401D289EAE5B97A35D4F9BFDAE1B1B3B4C012","2021-01-05T01:22:30.0000000Z"
"mbed-dev/targets/TARGET_STM/TARGET_STM32F4/TARGET_STM32F446xE/objects.h","File","HAL/CubeMX 替代","CubeMX/HAL/CMSIS 生成层","旧 mbed、FastPWM、启动或 IDE 生成层；行为合同吸收后由 CubeMX/HAL 替代。","True","2263","1714A5EC8689D7AE19BF5E65137A84CB5DC6ECEFA561DDD4A2D896CBBB707F25","2021-01-05T01:22:30.0000000Z"
"mbed-dev/targets/TARGET_STM/TARGET_STM32F4/TARGET_STM32F446xE/TARGET_NUCLEO_F446RE","Directory","HAL/CubeMX 替代","CubeMX/HAL/CMSIS 生成层","旧 mbed、FastPWM、启动或 IDE 生成层；行为合同吸收后由 CubeMX/HAL 替代。",,,,"2026-08-27T16:39:40.4326197Z"
"mbed-dev/targets/TARGET_STM/TARGET_STM32F4/TARGET_STM32F446xE/TARGET_NUCLEO_F446RE/PeripheralNames.h","File","HAL/CubeMX 替代","CubeMX/HAL/CMSIS 生成层","旧 mbed、FastPWM、启动或 IDE 生成层；行为合同吸收后由 CubeMX/HAL 替代。","True","3133","72E1131DEC7B3D956003D605C1C1FC0FB236E7C037896DC48662B560300E141E","2021-01-05T01:22:30.0000000Z"
"mbed-dev/targets/TARGET_STM/TARGET_STM32F4/TARGET_STM32F446xE/TARGET_NUCLEO_F446RE/PeripheralPins.c","File","HAL/CubeMX 替代","CubeMX/HAL/CMSIS 生成层","旧 mbed、FastPWM、启动或 IDE 生成层；行为合同吸收后由 CubeMX/HAL 替代。","True","17525","244E705D33481BA768EAAB7FA571550ACC8587E27770F076F4B9FB4CFF67064F","2025-12-20T18:04:28.0000000Z"
"mbed-dev/targets/TARGET_STM/TARGET_STM32F4/TARGET_STM32F446xE/TARGET_NUCLEO_F446RE/PinNames.h","File","HAL/CubeMX 替代","CubeMX/HAL/CMSIS 生成层","旧 mbed、FastPWM、启动或 IDE 生成层；行为合同吸收后由 CubeMX/HAL 替代。","True","4745","4DB8F4962999FA9E7335AF4EB85C56A0E38AAAC116B72C9B7A9F277098BC8E5E","2021-01-05T01:22:30.0000000Z"
"mbed-dev/targets/TARGET_STM/TARGET_STM32F4/TARGET_STM32F446xE/TARGET_NUCLEO_F446RE/system_clock.c","File","HAL/CubeMX 替代","CubeMX/HAL/CMSIS 生成层","旧 mbed、FastPWM、启动或 IDE 生成层；行为合同吸收后由 CubeMX/HAL 替代。","True","11962","4BC745E7E9D230AB57EBAA5F4A75D008C2D9D775813A25AB2A7AF8176305A014","2025-10-24T15:39:20.0000000Z"
"mbed-dev/targets/TARGET_STM/trng_api.c","File","HAL/CubeMX 替代","CubeMX/HAL/CMSIS 生成层","旧 mbed、FastPWM、启动或 IDE 生成层；行为合同吸收后由 CubeMX/HAL 替代。","True","2481","71B6133F245B27B2591DEBAD7451372F7B2102F8DB9084A75AEA2884BB7E1B6B","2021-01-05T01:22:30.0000000Z"
"mbed-dev/targets/TARGET_STM/us_ticker_16b.c","File","HAL/CubeMX 替代","CubeMX/HAL/CMSIS 生成层","旧 mbed、FastPWM、启动或 IDE 生成层；行为合同吸收后由 CubeMX/HAL 替代。","True","8653","4FE68D18F0D94C0D938CE0DD488523334CA1F29F4082CDE4506F3AA5147D1306","2021-01-05T01:22:30.0000000Z"
"mbed-dev/targets/TARGET_STM/us_ticker_32b.c","File","HAL/CubeMX 替代","CubeMX/HAL/CMSIS 生成层","旧 mbed、FastPWM、启动或 IDE 生成层；行为合同吸收后由 CubeMX/HAL 替代。","True","1884","449BC147EE18C53511418FEF4A3FBC7A51D053ADF45D381344932654BB07FFE9","2021-01-05T01:22:30.0000000Z"
"mbed-dev/targets/targets.json","File","HAL/CubeMX 替代","CubeMX/HAL/CMSIS 生成层","旧 mbed、FastPWM、启动或 IDE 生成层；行为合同吸收后由 CubeMX/HAL 替代。","True","153798","59316DE480B23FD5EFB70B8908C1A464110CB485DCDE7F470AA56D0C1B01B4AF","2021-01-05T01:22:30.0000000Z"
"PositionSensor","Directory","迁移","App/MotorControl/Drivers","产品逻辑，迁移时保持外部行为并逐项验证。 绝对编码器路径迁移；同文件内 ABZ 试验路径暂缓启用。",,,,"2026-08-27T16:39:40.4476170Z"
"PositionSensor/PositionSensor.cpp","File","迁移","App/MotorControl/Drivers","产品逻辑，迁移时保持外部行为并逐项验证。 绝对编码器路径迁移；同文件内 ABZ 试验路径暂缓启用。","True","14383","633206BD3AEA4883B0C662865AD924FC2F67328C1C37354C00E87EC7546D9C79","2026-07-06T10:04:01.5195063Z"
"PositionSensor/PositionSensor.h","File","迁移","App/MotorControl/Drivers","产品逻辑，迁移时保持外部行为并逐项验证。 绝对编码器路径迁移；同文件内 ABZ 试验路径暂缓启用。","True","2768","DC6669B7C9D864587D3248944B2520765D53F810BEE3FFD4DAE3034A8628CAD3","2026-05-15T07:50:29.9344031Z"
"PreferenceWriter","Directory","吸收","BSP/Storage/新工程配置与阶段 0 合同","保留功能、资源或构建语义，不逐行照搬旧实现。",,,,"2026-08-27T16:39:40.4556127Z"
"PreferenceWriter/PreferenceWriter.h","File","吸收","BSP/Storage/新工程配置与阶段 0 合同","保留功能、资源或构建语义，不逐行照搬旧实现。","True","421","86C8FFCDDE0EB82CBEED006F0619DACDF5D42DCE62DC421DBBCBFDFFC1643BD4","2021-01-05T01:22:30.0000000Z"
"PreferenceWriter/PrefrenceWriter.cpp","File","吸收","BSP/Storage/新工程配置与阶段 0 合同","保留功能、资源或构建语义，不逐行照搬旧实现。","True","1982","24DB416FAD420E23AD5D7C99D493AB7AB99C675498A621B31C5E1C9F052CED0A","2026-08-06T02:57:20.6276449Z"
"RTE","Directory","HAL/CubeMX 替代","CubeMX/HAL/CMSIS 生成层","旧 mbed、FastPWM、启动或 IDE 生成层；行为合同吸收后由 CubeMX/HAL 替代。",,,,"2026-08-27T16:39:40.4636137Z"
"RTE/Device","Directory","HAL/CubeMX 替代","CubeMX/HAL/CMSIS 生成层","旧 mbed、FastPWM、启动或 IDE 生成层；行为合同吸收后由 CubeMX/HAL 替代。",,,,"2026-08-27T16:39:40.4666122Z"
"RTE/Device/STM32F446RETx","Directory","HAL/CubeMX 替代","CubeMX/HAL/CMSIS 生成层","旧 mbed、FastPWM、启动或 IDE 生成层；行为合同吸收后由 CubeMX/HAL 替代。",,,,"2026-08-27T16:39:40.4726148Z"
"RTE/Device/STM32F446RETx/STM32F446.dbgconf","File","HAL/CubeMX 替代","CubeMX/HAL/CMSIS 生成层","旧 mbed、FastPWM、启动或 IDE 生成层；行为合同吸收后由 CubeMX/HAL 替代。","True","3427","D714829108A74494650D11F23E32307FCEF5A718637B3B30E09E96415F48AC3D","2026-07-13T04:10:17.1078086Z"
"RTE/Device/STM32F446RETx/STM32F446.dbgconf.base@1.0.1","File","HAL/CubeMX 替代","CubeMX/HAL/CMSIS 生成层","旧 mbed、FastPWM、启动或 IDE 生成层；行为合同吸收后由 CubeMX/HAL 替代。","True","3427","D714829108A74494650D11F23E32307FCEF5A718637B3B30E09E96415F48AC3D","2026-07-13T04:10:17.1078086Z"
"startup_stm32f446xx.s","File","HAL/CubeMX 替代","CubeMX/HAL/CMSIS 生成层","旧 mbed、FastPWM、启动或 IDE 生成层；行为合同吸收后由 CubeMX/HAL 替代。","True","30120","B692FBA68E14FDF9A245635C8B46AA75FBE25381796B2811C6C071AFDAA1B2F8","2026-06-17T07:29:17.2419729Z"
"structs.h","File","迁移","App/MotorControl/Protocol","产品入口、算法辅助或共享数据定义；按阶段拆分迁移。","True","2214","252229CBB687773C42213AD97FD89D4A37DAB8010BD36DC40D37679919779196","2026-01-07T16:30:18.0000000Z"
"Tables","Directory","未使用待确认","阶段 4 前由引用扫描和台架确认","当前引用扫描未发现运行时入口；在删除前保留证据。",,,,"2026-08-27T16:39:40.4806196Z"
"Tables/imax_vs_w.h","File","未使用待确认","阶段 4 前由引用扫描和台架确认","当前引用扫描未发现运行时入口；在删除前保留证据。","True","409","86AB50E6286BC459CE1A4AE3261AE4DEDD6854208078925B857F2068CC578613","2026-05-12T09:02:52.7319703Z"
